# -*- coding: utf-8 -*-

# Resource object code
#
# Created by: The Resource Compiler for PyQt5 (Qt v5.15.3)
#
# WARNING! All changes made in this file will be lost!

from PyQt5 import QtCore

qt_resource_data = b"\
\x00\x00\xc6\x3e\
\x00\
\x00\x01\x00\x01\x00\x00\x30\x00\x00\x01\x00\x20\x00\x28\xc6\x00\
\x00\x16\x00\x00\x00\x28\x00\x00\x00\x00\x01\x00\x00\x60\x00\x00\
\x00\x01\x00\x20\x00\x00\x00\x00\x00\x00\xc0\x00\x00\x00\x00\x00\
\x00\x00\x00\x00\x00\x00\x00\x00\x00\x00\x00\x00\x00\x00\x00\x00\
\x00\x00\x00\x00\x00\x00\x00\x00\x00\x00\x00\x00\x00\x00\x00\x00\
\x00\x00\x00\x00\x00\x00\x00\x00\x00\x00\x00\x00\x00\x00\x00\x00\
\x00\x00\x00\x00\x00\x00\x00\x00\x00\x00\x00\x00\x00\x00\x00\x00\
\x00\x00\x00\x00\x00\x00\x00\x00\x00\x00\x00\x00\x00\x00\x00\x00\
\x00\x00\x00\x00\x00\x00\x00\x00\x00\x00\x00\x00\x00\x00\x00\x00\
\x00\x00\x00\x00\x00\x00\x00\x00\x00\x00\x00\x00\x00\x00\x00\x00\
\x00\x00\x00\x00\x00\x00\x00\x00\x00\x00\x00\x00\x00\x00\x00\x00\
\x00\x00\x00\x00\x00\x00\x00\x00\x00\x00\x00\x00\x00\x00\x00\x00\
\x00\x00\x00\x00\x00\x00\x00\x00\x00\x00\x00\x00\x00\x00\x00\x00\
\x00\x00\x00\x00\x00\x00\x00\x00\x00\x00\x00\x00\x00\x00\x00\x00\
\x00\x00\x00\x00\x00\x00\x00\x00\x00\x00\x00\x00\x00\x00\x00\x00\
\x00\x00\x00\x00\x00\x00\x00\x00\x00\x00\x00\x00\x00\x00\x00\x00\
\x00\x00\x00\x00\x00\x00\x00\x00\x00\x00\x00\x00\x00\x00\x00\x00\
\x00\x00\x00\x00\x00\x00\x00\x00\x00\x00\x00\x00\x00\x00\x00\x00\
\x00\x00\x00\x00\x00\x00\x00\x00\x00\x00\x00\x00\x00\x00\x00\x00\
\x00\x00\x00\x00\x00\x00\x00\x00\x00\x00\x00\x00\x00\x00\x00\x00\
\x00\x00\x00\x00\x00\x00\x00\x00\x00\x00\x00\x00\x00\x00\x00\x00\
\x00\x00\x00\x00\x00\x00\x00\x00\x00\x00\x00\x00\x00\x00\x00\x00\
\x00\x00\x00\x00\x00\x00\x00\x00\x00\x00\x00\x00\x00\x00\x00\x00\
\x00\x00\x00\x00\x00\x00\x00\x00\x00\x00\x00\x00\x00\x00\x00\x00\
\x00\x00\x00\x00\x00\x00\x00\x00\x00\x00\x00\x00\x00\x00\x00\x00\
\x00\x00\x00\x00\x00\x00\x00\x00\x00\x00\x00\x00\x00\x00\x00\x00\
\x00\x00\x00\x00\x00\x00\x00\x00\x00\x00\x00\x00\x00\x00\x00\x00\
\x00\x00\x00\x00\x00\x00\x00\x00\x00\x00\x00\x00\x00\x00\x00\x00\
\x00\x00\x00\x00\x00\x00\x00\x00\x00\x00\x00\x00\x00\x00\x00\x00\
\x00\x00\x00\x00\x00\x00\x00\x00\x00\x00\x00\x00\x00\x00\x00\x00\
\x00\x00\x00\x00\x00\x00\x00\x00\x00\x00\x00\x00\x00\x00\x00\x00\
\x00\x00\x00\x00\x00\x00\x00\x00\x00\x00\x00\x00\x00\x00\x00\x00\
\x00\x00\x00\x00\x00\x00\x00\x00\x00\x00\x00\x00\x00\x00\x00\x00\
\x00\x00\x00\x00\x00\x00\x00\x00\x00\x00\x00\x00\x00\x00\x00\x00\
\x00\x00\x00\x00\x00\x00\x00\x00\x00\x00\x00\x00\x00\x00\x00\x00\
\x00\x00\x00\x00\x00\x00\x00\x00\x00\x00\x00\x00\x00\x00\x00\x00\
\x00\x00\x00\x00\x00\x00\x00\x00\x00\x00\x00\x00\x00\x00\x00\x00\
\x00\x00\x00\x00\x00\x00\x00\x00\x00\x00\x00\x00\x00\x00\x00\x00\
\x00\x00\x00\x00\x00\x00\x00\x00\x00\x00\x00\x00\x00\x00\x00\x00\
\x00\x00\x00\x00\x00\x00\x00\x00\x00\x00\x00\x00\x00\x00\x00\x00\
\x00\x00\x00\x00\x00\x00\x00\x00\x00\x00\x00\x00\x00\x00\x00\x00\
\x00\x00\x00\x00\x00\x00\x00\x00\x00\x00\x00\x00\x00\x00\x00\x00\
\x00\x00\x00\x00\x00\x00\x00\x00\x00\x00\x00\x00\x00\x00\x00\x00\
\x00\x00\x00\x00\x00\x00\x00\x00\x00\x00\x00\x00\x00\x00\x00\x00\
\x00\x00\x00\x00\x00\x00\x00\x00\x00\x00\x00\x00\x00\x00\x00\x00\
\x00\x00\x00\x00\x00\x00\x00\x00\x00\x00\x00\x00\x00\x00\x00\x00\
\x00\x00\x00\x00\x00\x00\x00\x00\x00\x00\x00\x00\x00\x00\x00\x00\
\x00\x00\x00\x00\x00\x00\x00\x00\x00\x00\x00\x00\x00\x00\x00\x00\
\x00\x00\x00\x00\x00\x00\x00\x00\x00\x00\x00\x00\x00\x00\x00\x00\
\x00\x00\x00\x00\x00\x00\x00\x00\x00\x00\x00\x00\x00\x00\x00\x00\
\x00\x00\x00\x00\x00\x00\x00\x00\x00\x00\x00\x00\x00\x00\x00\x00\
\x00\x00\x00\x00\x00\x00\x00\x00\x00\x00\x00\x00\x00\x00\x00\x00\
\x00\x00\x00\x00\x00\x00\x00\x00\x00\x00\x00\x00\x00\x00\x00\x00\
\x00\x00\x00\x00\x00\x00\x00\x00\x00\x00\x00\x00\x00\x00\x00\x00\
\x00\x00\x00\x00\x00\x00\x00\x00\x00\x00\x00\x00\x00\x00\x00\x00\
\x00\x00\x00\x00\x00\x00\x00\x00\x00\x00\x00\x00\x00\x00\x00\x00\
\x00\x00\x00\x00\x00\x00\x00\x00\x00\x00\x00\x00\x00\x00\x00\x00\
\x00\x00\x00\x00\x00\x00\x00\x00\x00\x00\x00\x00\x00\x00\x00\x00\
\x00\x00\x00\x00\x00\x00\x00\x00\x00\x00\x00\x00\x00\x00\x00\x00\
\x00\x00\x00\x00\x00\x00\x00\x00\x00\x00\x00\x00\x00\x00\x00\x00\
\x00\x00\x00\x00\x00\x00\x00\x00\x00\x00\x00\x00\x00\x00\x00\x00\
\x00\x00\x00\x00\x00\x00\x00\x00\x00\x00\x00\x00\x00\x00\x00\x00\
\x00\x00\x00\x00\x00\x00\x00\x00\x00\x00\x00\x00\x00\x00\x00\x00\
\x00\x00\x00\x00\x00\x00\x00\x00\x00\x00\x00\x00\x00\x00\x00\x00\
\x00\x00\x00\x00\x00\x00\x00\x00\x00\x00\x00\x00\x00\x00\x00\x00\
\x00\x00\x00\x00\x00\x00\x00\x00\x00\x00\x00\x00\x00\x00\x00\x00\
\x00\x00\x00\x00\x00\x00\x00\x00\x00\x00\x00\x00\x00\x00\x00\x00\
\x00\x00\x00\x00\x00\x00\x00\x00\x00\x00\x00\x00\x00\x00\x00\x00\
\x00\x00\x00\x00\x00\x00\x00\x00\x00\x00\x00\x00\x00\x00\x00\x00\
\x00\x00\x00\x00\x00\x00\x00\x00\x00\x00\x00\x00\x00\x00\x00\x00\
\x00\x00\x00\x00\x00\x00\x00\x00\x00\x00\x00\x00\x00\x00\x00\x00\
\x00\x00\x00\x00\x00\x00\x00\x00\x00\x00\x00\x00\x00\x00\x00\x00\
\x00\x00\x00\x00\x00\x00\x00\x00\x00\x00\x00\x00\x00\x00\x00\x00\
\x00\x00\x00\x00\x00\x00\x00\x00\x00\x00\x00\x00\x00\x00\x00\x00\
\x00\x00\x00\x00\x00\x00\x00\x00\x00\x00\x00\x00\x00\x00\x00\x00\
\x00\x00\x00\x00\x00\x00\x00\x00\x00\x00\x00\x00\x00\x00\x00\x00\
\x00\x00\x00\x00\x00\x00\x00\x00\x00\x00\x00\x00\x00\x00\x00\x00\
\x00\x00\x00\x00\x00\x00\x00\x00\x00\x00\x00\x00\x00\x00\x00\x00\
\x00\x00\x00\x00\x00\x00\x00\x00\x00\x00\x00\x00\x00\x00\x00\x00\
\x00\x00\x00\x00\x00\x00\x00\x00\x00\x00\x00\x00\x00\x00\x00\x00\
\x00\x00\x00\x00\x00\x00\x00\x00\x00\x00\x00\x00\x00\x00\x00\x00\
\x00\x00\x00\x00\x00\x00\x00\x00\x00\x00\x00\x00\x00\x00\x00\x00\
\x00\x00\x00\x00\x00\x00\x00\x00\x00\x00\x00\x00\x00\x00\x00\x00\
\x00\x00\x00\x00\x00\x00\x00\x00\x00\x00\x00\x00\x00\x00\x00\x00\
\x00\x00\x00\x00\x00\x00\x00\x00\x00\x00\x00\x00\x00\x00\x00\x00\
\x00\x00\x00\x00\x00\x00\x00\x00\x00\x00\x00\x00\x00\x00\x00\x00\
\x00\x00\x00\x00\x00\x00\x00\x00\x00\x00\x00\x00\x00\x00\x00\x00\
\x00\x00\x00\x00\x00\x00\x00\x00\x00\x00\x00\x00\x00\x00\x00\x00\
\x00\x00\x00\x00\x00\x00\x00\x00\x00\x00\x00\x00\x00\x00\x00\x00\
\x00\x00\x00\x00\x00\x00\x00\x00\x00\x00\x00\x00\x00\x00\x00\x00\
\x00\x00\x00\x00\x00\x00\x00\x00\x00\x00\x00\x00\x00\x00\x00\x00\
\x00\x00\x00\x00\x00\x00\x00\x00\x00\x00\x00\x00\x00\x00\x00\x00\
\x00\x00\x00\x00\x00\x00\x00\x00\x00\x00\x00\x00\x00\x00\x00\x00\
\x00\x00\x00\x00\x00\x00\x00\x00\x00\x00\x00\x00\x00\x00\x00\x00\
\x00\x00\x00\x00\x00\x00\x00\x00\x00\x00\x00\x00\x00\x00\x00\x00\
\x00\x00\x00\x00\x00\x00\x00\x00\x00\x00\x00\x00\x00\x00\x00\x00\
\x00\x00\x00\x00\x00\x00\x00\x00\x00\x00\x00\x00\x00\x00\x00\x00\
\x00\x00\x00\x00\x00\x00\x00\x00\x00\x00\x00\x00\x00\x00\x00\x00\
\x00\x00\x00\x00\x00\x00\x00\x00\x00\x00\x00\x00\x00\x00\x00\x00\
\x00\x00\x00\x00\x00\x00\x00\x00\x00\x00\x00\x00\x00\x00\x00\x00\
\x00\x00\x00\x00\x00\x00\x00\x00\x00\x00\x00\x00\x00\x00\x00\x00\
\x00\x00\x00\x00\x00\x00\x00\x00\x00\x00\x00\x00\x00\x00\x00\x00\
\x00\x00\x00\x00\x00\x00\x00\x00\x00\x00\x00\x00\x00\x00\x00\x00\
\x00\x00\x00\x00\x00\x00\x00\x00\x00\x00\x00\x00\x00\x00\x00\x00\
\x00\x00\x00\x00\x00\x00\x00\x00\x00\x00\x00\x00\x00\x00\x00\x00\
\x00\x00\x00\x00\x00\x00\x00\x00\x00\x00\x00\x00\x00\x00\x00\x00\
\x00\x00\x00\x00\x00\x00\x00\x00\x00\x00\x00\x00\x00\x00\x00\x00\
\x00\x00\x00\x00\x00\x00\x00\x00\x00\x00\x00\x00\x00\x00\x00\x00\
\x00\x00\x00\x00\x00\x00\x00\x00\x00\x00\x00\x00\x00\x00\x00\x00\
\x00\x00\x00\x00\x00\x00\x00\x00\x00\x00\x00\x00\x00\x00\x00\x00\
\x00\x00\x00\x00\x00\x00\x00\x00\x00\x00\x00\x00\x00\x00\x00\x00\
\x00\x00\x00\x00\x00\x00\x00\x00\x00\x00\x00\x00\x00\x00\x00\x00\
\x00\x00\x00\x00\x00\x00\x00\x00\x00\x00\x00\x00\x00\x00\x00\x00\
\x00\x00\x00\x00\x00\x00\x00\x00\x00\x00\x00\x00\x00\x00\x00\x00\
\x00\x00\x00\x00\x00\x00\x00\x00\x00\x00\x00\x00\x00\x00\x00\x00\
\x00\x00\x00\x00\x00\x00\x00\x00\x00\x00\x00\x00\x00\x00\x00\x00\
\x00\x00\x00\x00\x00\x00\x00\x00\x00\x00\x00\x00\x00\x00\x00\x00\
\x00\x00\x00\x00\x00\x00\x00\x00\x00\x00\x00\x00\x00\x00\x00\x00\
\x00\x00\x00\x00\x00\x00\x00\x00\x00\x00\x00\x00\x00\x00\x00\x00\
\x00\x00\x00\x00\x00\x00\x00\x00\x00\x00\x00\x00\x00\x00\x00\x00\
\x00\x00\x00\x00\x00\x00\x00\x00\x00\x00\x00\x00\x00\x00\x00\x00\
\x00\x00\x00\x00\x00\x00\x00\x00\x00\x00\x00\x00\x00\x00\x00\x00\
\x00\x00\x00\x00\x00\x00\x00\x00\x00\x00\x00\x00\x00\x00\x00\x00\
\x00\x00\x00\x00\x00\x00\x00\x00\x00\x00\x00\x00\x00\x00\x00\x00\
\x00\x00\x00\x00\x00\x00\x00\x00\x00\x00\x00\x00\x00\x00\x00\x00\
\x00\x00\x00\x00\x00\x00\x00\x00\x00\x00\x00\x00\x00\x00\x00\x00\
\x00\x00\x00\x00\x00\x00\x00\x00\x00\x00\x00\x00\x00\x00\x00\x00\
\x00\x00\x00\x00\x00\x00\x00\x00\x00\x00\x00\x00\x00\x00\x00\x00\
\x00\x00\x00\x00\x00\x00\x00\x00\x00\x00\x00\x00\x00\x00\x00\x00\
\x00\x00\x00\x00\x00\x00\x00\x00\x00\x00\x00\x00\x00\x00\x00\x00\
\x00\x00\x00\x00\x00\x00\x00\x00\x00\x00\x00\x00\x00\x00\x00\x00\
\x00\x00\x00\x00\x00\x00\x00\x00\x00\x00\x00\x00\x00\x00\x00\x00\
\x00\x00\x00\x00\x00\x00\x00\x00\x00\x00\x00\x00\x00\x00\x00\x00\
\x00\x00\x00\x00\x00\x00\x00\x00\x00\x00\x00\x00\x00\x00\x00\x00\
\x00\x00\x00\x00\x00\x00\x00\x00\x00\x00\x00\x00\x00\x00\x00\x00\
\x00\x00\x00\x00\x00\x00\x00\x00\x00\x00\x00\x00\x00\x00\x00\x00\
\x00\x00\x00\x00\x00\x00\x00\x00\x00\x00\x00\x00\x00\x00\x00\x00\
\x00\x00\x00\x00\x00\x00\x00\x00\x00\x00\x00\x00\x00\x00\x00\x00\
\x00\x00\x00\x00\x00\x00\x00\x00\x00\x00\x00\x00\x00\x00\x00\x00\
\x00\x00\x00\x00\x00\x00\x00\x00\x00\x00\x00\x00\x00\x00\x00\x00\
\x00\x00\x00\x00\x00\x00\x00\x00\x00\x00\x00\x00\x00\x00\x00\x00\
\x00\x00\x00\x00\x00\x00\x00\x00\x00\x00\x00\x00\x00\x00\x00\x00\
\x00\x00\x00\x00\x00\x00\x00\x00\x00\x00\x00\x00\x00\x00\x00\x00\
\x00\x00\x00\x00\x00\x00\x00\x00\x00\x00\x00\x00\x00\x00\x00\x00\
\x00\x00\x00\x00\x00\x00\x00\x00\x00\x00\x00\x00\x00\x00\x00\x00\
\x00\x00\x00\x00\x00\x00\x00\x00\x00\x00\x00\x00\x00\x00\x00\x00\
\x00\x00\x00\x00\x00\x00\x00\x00\x00\x00\x00\x00\x00\x00\x00\x00\
\x00\x00\x00\x00\x00\x00\x00\x00\x00\x00\x00\x00\x00\x00\x00\x00\
\x00\x00\x00\x00\x00\x00\x00\x00\x00\x00\x00\x00\x00\x00\x00\x00\
\x00\x00\x00\x00\x00\x00\x00\x00\x00\x00\x00\x00\x00\x00\x00\x00\
\x00\x00\x00\x00\x00\x00\x00\x00\x00\x00\x00\x00\x00\x00\x00\x00\
\x00\x00\x00\x00\x00\x00\x00\x00\x00\x00\x00\x00\x00\x00\x00\x00\
\x00\x00\x00\x00\x00\x00\x00\x00\x00\x00\x00\x00\x00\x00\x00\x00\
\x00\x00\x00\x00\x00\x00\x00\x00\x00\x00\x00\x00\x00\x00\x00\x00\
\x00\x00\x00\x00\x00\x00\x00\x00\x00\x00\x00\x00\x00\x00\x00\x00\
\x00\x00\x00\x00\x00\x00\x00\x00\x00\x00\x00\x00\x00\x00\x00\x00\
\x00\x00\x00\x00\x00\x00\x00\x00\x00\x00\x00\x00\x00\x00\x00\x00\
\x00\x00\x00\x00\x00\x00\x00\x00\x00\x00\x00\x00\x00\x00\x00\x00\
\x00\x00\x00\x00\x00\x00\x00\x00\x00\x00\x00\x00\x00\x00\x00\x00\
\x00\x00\x00\x00\x00\x00\x00\x00\x00\x00\x00\x00\x00\x00\x00\x00\
\x00\x00\x00\x00\x00\x00\x00\x00\x00\x00\x00\x00\x00\x00\x00\x00\
\x00\x00\x00\x00\x00\x00\x00\x00\x00\x00\x00\x00\x00\x00\x00\x00\
\x00\x00\x00\x00\x00\x00\x00\x00\x00\x00\x00\x00\x00\x00\x00\x00\
\x00\x00\x00\x00\x00\x00\x00\x00\x00\x00\x00\x00\x00\x00\x00\x00\
\x00\x00\x00\x00\x00\x00\x00\x00\x00\x00\x00\x00\x00\x00\x00\x00\
\x00\x00\x00\x00\x00\x00\x00\x00\x00\x00\x00\x00\x00\x00\x00\x00\
\x00\x00\x00\x00\x00\x00\x00\x00\x00\x00\x00\x00\x00\x00\x00\x00\
\x00\x00\x00\x00\x00\x00\x00\x00\x00\x00\x00\x00\x00\x00\x00\x00\
\x00\x00\x00\x00\x00\x00\x00\x00\x00\x00\x00\x00\x00\x00\x00\x00\
\x00\x00\x00\x00\x00\x00\x00\x00\x00\x00\x00\x00\x00\x00\x00\x00\
\x00\x00\x00\x00\x00\x00\x00\x00\x00\x00\x00\x00\x00\x00\x00\x00\
\x00\x00\x00\x00\x00\x00\x00\x00\x00\x00\x00\x00\x00\x00\x00\x00\
\x00\x00\x00\x00\x00\x00\x00\x00\x00\x00\x00\x00\x00\x00\x00\x00\
\x00\x00\x00\x00\x00\x00\x00\x00\x00\x00\x00\x00\x00\x00\x00\x00\
\x00\x00\x00\x00\x00\x00\x00\x00\x00\x00\x00\x00\x00\x00\x00\x00\
\x00\x00\x00\x00\x00\x00\x00\x00\x00\x00\x00\x00\x00\x00\x00\x00\
\x00\x00\x00\x00\x00\x00\x00\x00\x00\x00\x00\x00\x00\x00\x00\x00\
\x00\x00\x00\x00\x00\x00\x00\x00\x00\x00\x00\x00\x00\x00\x00\x00\
\x00\x00\x00\x00\x00\x00\x00\x00\x00\x00\x00\x00\x00\x00\x00\x00\
\x00\x00\x00\x00\x00\x00\x00\x00\x00\x00\x00\x00\x00\x00\x00\x00\
\x00\x00\x00\x00\x00\x00\x00\x00\x00\x00\x00\x00\x00\x00\x00\x00\
\x00\x00\x00\x00\x00\x00\x00\x00\x00\x00\x00\x00\x00\x00\x00\x00\
\x00\x00\x00\x00\x00\x00\x00\x00\x00\x00\x00\x00\x00\x00\x00\x00\
\x00\x00\x00\x00\x00\x00\x00\x00\x00\x00\x00\x00\x00\x00\x00\x00\
\x00\x00\x00\x00\x00\x00\x00\x00\x00\x00\x00\x00\x00\x00\x00\x00\
\x00\x00\x00\x00\x00\x00\x00\x00\x00\x00\x00\x00\x00\x00\x00\x00\
\x00\x00\x00\x00\x00\x00\x00\x00\x00\x00\x00\x00\x00\x00\x00\x00\
\x00\x00\x00\x00\x00\x00\x00\x00\x00\x00\x00\x00\x00\x00\x00\x00\
\x00\x00\x00\x00\x00\x00\x00\x00\x00\x00\x00\x00\x00\x00\x00\x00\
\x00\x00\x00\x00\x00\x00\x00\x00\x00\x00\x00\x00\x00\x00\x00\x00\
\x00\x00\x00\x00\x00\x00\x00\x00\x00\x00\x00\x00\x00\x00\x00\x00\
\x00\x00\x00\x00\x00\x00\x00\x00\x00\x00\x00\x00\x00\x00\x00\x00\
\x00\x00\x00\x00\x00\x00\x00\x00\x00\x00\x00\x00\x00\x00\x00\x00\
\x00\x00\x00\x00\x00\x00\x00\x00\x00\x00\x00\x00\x00\x00\x00\x00\
\x00\x00\x00\x00\x00\x00\x00\x00\x00\x00\x00\x00\x00\x00\x00\x00\
\x00\x00\x00\x00\x00\x00\x00\x00\x00\x00\x00\x00\x00\x00\x00\x00\
\x00\x00\x00\x00\x00\x00\x00\x00\x00\x00\x00\x00\x00\x00\x00\x00\
\x00\x00\x00\x00\x00\x00\x00\x00\x00\x00\x00\x00\x00\x00\x00\x00\
\x00\x00\x00\x00\x00\x00\x00\x00\x00\x00\x00\x00\x00\x00\x00\x00\
\x00\x00\x00\x00\x00\x00\x00\x00\x00\x00\x00\x00\x00\x00\x00\x00\
\x00\x00\x00\x00\x00\x00\x00\x00\x00\x00\x00\x00\x00\x00\x00\x00\
\x00\x00\x00\x00\x00\x00\x00\x00\x00\x00\x00\x00\x00\x00\x00\x00\
\x00\x00\x00\x00\x00\x00\x00\x00\x00\x00\x00\x00\x00\x00\x00\x00\
\x00\x00\x00\x00\x00\x00\x00\x00\x00\x00\x00\x00\x00\x00\x00\x00\
\x00\x00\x00\x00\x00\x00\x00\x00\x00\x00\x00\x00\x00\x00\x00\x00\
\x00\x00\x00\x00\x00\x00\x00\x00\x00\x00\x00\x00\x00\x00\x00\x00\
\x00\x00\x00\x00\x00\x00\x00\x00\x00\x00\x00\x00\x00\x00\x00\x00\
\x00\x00\x00\x00\x00\x00\x00\x00\x00\x00\x00\x00\x00\x00\x00\x00\
\x00\x00\x00\x00\x00\x00\x00\x00\x00\x00\x00\x00\x00\x00\x00\x00\
\x00\x00\x00\x00\x00\x00\x00\x00\x00\x00\x00\x00\x00\x00\x00\x00\
\x00\x00\x00\x00\x00\x00\x00\x00\x00\x00\x00\x00\x00\x00\x00\x00\
\x00\x00\x00\x00\x00\x00\x00\x00\x00\x00\x00\x00\x00\x00\x00\x00\
\x00\x00\x00\x00\x00\x00\x00\x00\x00\x00\x00\x00\x00\x00\x00\x00\
\x00\x00\x00\x00\x00\x00\x00\x00\x00\x00\x00\x00\x00\x00\x00\x00\
\x00\x00\x00\x00\x00\x00\x00\x00\x00\x00\x00\x00\x00\x00\x00\x00\
\x00\x00\x00\x00\x00\x00\x00\x00\x00\x00\x00\x00\x00\x00\x00\x00\
\x00\x00\x00\x00\x00\x00\x00\x00\x00\x00\x00\x00\x00\x00\x00\x00\
\x00\x00\x00\x00\x00\x00\x00\x00\x00\x00\x00\x00\x00\x00\x00\x00\
\x00\x00\x00\x00\x00\x00\x00\x00\x00\x00\x00\x00\x00\x00\x00\x00\
\x00\x00\x00\x00\x00\x00\x00\x00\x00\x00\x00\x00\x00\x00\x00\x00\
\x00\x00\x00\x00\x00\x00\x00\x00\x00\x00\x00\x00\x00\x00\x00\x00\
\x00\x00\x00\x00\x00\x00\x00\x00\x00\x00\x00\x00\x00\x00\x00\x00\
\x00\x00\x00\x00\x00\x00\x00\x00\x00\x00\x00\x00\x00\x00\x00\x00\
\x00\x00\x00\x00\x00\x00\x00\x00\x00\x00\x00\x00\x00\x00\x00\x00\
\x00\x00\x00\x00\x00\x00\x00\x00\x00\x00\x00\x00\x00\x00\x00\x00\
\x00\x00\x00\x00\x00\x00\x00\x00\x00\x00\x00\x00\x00\x00\x00\x00\
\x00\x00\x00\x00\x00\x00\x00\x00\x00\x00\x00\x00\x00\x00\x00\x00\
\x00\x00\x00\x00\x00\x00\x00\x00\x00\x00\x00\x00\x00\x00\x00\x00\
\x00\x00\x00\x00\x00\x00\x00\x00\x00\x00\x00\x00\x00\x00\x00\x00\
\x00\x00\x00\x00\x00\x00\x00\x00\x00\x00\x00\x00\x00\x00\x00\x00\
\x00\x00\x00\x00\x00\x00\x00\x00\x00\x00\x00\x00\x00\x00\x00\x00\
\x00\x00\x00\x00\x00\x00\x00\x00\x00\x00\x00\x00\x00\x00\x00\x00\
\x00\x00\x00\x00\x00\x00\x00\x00\x00\x00\x00\x00\x00\x00\x00\x00\
\x00\x00\x00\x00\x00\x00\x00\x00\x00\x00\x00\x00\x00\x00\x00\x00\
\x00\x00\x00\x00\x00\x00\x00\x00\x00\x00\x00\x00\x00\x00\x00\x00\
\x00\x00\x00\x00\x00\x00\x00\x00\x00\x00\x00\x00\x00\x00\x00\x00\
\x00\x00\x00\x00\x00\x00\x00\x00\x00\x00\x00\x00\x00\x00\x00\x00\
\x00\x00\x00\x00\x00\x00\x00\x00\x00\x00\x00\x00\x00\x00\x00\x00\
\x00\x00\x00\x00\x00\x00\x00\x00\x00\x00\x00\x00\x00\x00\x00\x00\
\x00\x00\x00\x00\x00\x00\x00\x00\x00\x00\x00\x00\x00\x00\x00\x00\
\x00\x00\x00\x00\x00\x00\x00\x00\x00\x00\x00\x00\x00\x00\x00\x00\
\x00\x00\x00\x00\x00\x00\x00\x00\x00\x00\x00\x00\x00\x00\x00\x00\
\x00\x00\x00\x00\x00\x00\x00\x00\x00\x00\x00\x00\x00\x00\x00\x00\
\x00\x00\x00\x00\x00\x00\x00\x00\x00\x00\x00\x00\x00\x00\x00\x00\
\x00\x00\x00\x00\x00\x00\x00\x00\x00\x00\x00\x00\x00\x00\x00\x00\
\x00\x00\x00\x00\x00\x00\x00\x00\x00\x00\x00\x00\x00\x00\x00\x00\
\x00\x00\x00\x00\x00\x00\x00\x00\x00\x00\x00\x00\x00\x00\x00\x00\
\x00\x00\x00\x00\x00\x00\x00\x00\x00\x00\x00\x00\x00\x00\x00\x00\
\x00\x00\x00\x00\x00\x00\x00\x00\x00\x00\x00\x00\x00\x00\x00\x00\
\x00\x00\x00\x00\x00\x00\x00\x00\x00\x00\x00\x00\x00\x00\x00\x00\
\x00\x00\x00\x00\x00\x00\x00\x00\x00\x00\x00\x00\x00\x00\x00\x00\
\x00\x00\x00\x00\x00\x00\x00\x00\x00\x00\x00\x00\x00\x00\x00\x00\
\x00\x00\x00\x00\x00\x00\x00\x00\x00\x00\x00\x00\x00\x00\x00\x00\
\x00\x00\x00\x00\x00\x00\x00\x00\x00\x00\x00\x00\x00\x00\x00\x00\
\x00\x00\x00\x00\x00\x00\x00\x00\x00\x00\x00\x00\x00\x00\x00\x00\
\x00\x00\x00\x00\x00\x00\x00\x00\x00\x00\x00\x00\x00\x00\x00\x00\
\x00\x00\x00\x00\x00\x00\x00\x00\x00\x00\x00\x00\x00\x00\x00\x00\
\x00\x00\x00\x00\x00\x00\x00\x00\x00\x00\x00\x00\x00\x00\x00\x00\
\x00\x00\x00\x00\x00\x00\x00\x00\x00\x00\x00\x00\x00\x00\x00\x00\
\x00\x00\x00\x00\x00\x00\x00\x00\x00\x00\x00\x00\x00\x00\x00\x00\
\x00\x00\x00\x00\x00\x00\x00\x00\x00\x00\x00\x00\x00\x00\x00\x00\
\x00\x00\x00\x00\x00\x00\x00\x00\x00\x00\x00\x00\x00\x00\x00\x00\
\x00\x00\x00\x00\x00\x00\x00\x00\x00\x00\x00\x00\x00\x00\x00\x00\
\x00\x00\x00\x00\x00\x00\x00\x00\x00\x00\x00\x00\x00\x00\x00\x00\
\x00\x00\x00\x00\x00\x00\x00\x00\x00\x00\x00\x00\x00\x00\x00\x00\
\x00\x00\x00\x00\x00\x00\x00\x00\x00\x00\x00\x00\x00\x00\x00\x00\
\x00\x00\x00\x00\x00\x00\x00\x00\x00\x00\x00\x00\x00\x00\x00\x00\
\x00\x00\x00\x00\x00\x00\x00\x00\x00\x00\x00\x00\x00\x00\x00\x00\
\x00\x00\x00\x00\x00\x00\x00\x00\x00\x00\x00\x00\x00\x00\x00\x00\
\x00\x00\x00\x00\x00\x00\x00\x00\x00\x00\x00\x00\x00\x00\x00\x00\
\x00\x00\x00\x00\x00\x00\x00\x00\x00\x00\x00\x00\x00\x00\x00\x00\
\x00\x00\x00\x00\x00\x00\x00\x00\x00\x00\x00\x00\x00\x00\x00\x00\
\x00\x00\x00\x00\x00\x00\x00\x00\x00\x00\x00\x00\x00\x00\x00\x00\
\x00\x00\x00\x00\x00\x00\x00\x00\x00\x00\x00\x00\x00\x00\x00\x00\
\x00\x00\x00\x00\x00\x00\x00\x00\x00\x00\x00\x00\x00\x00\x00\x00\
\x00\x00\x00\x00\x00\x00\x00\x00\x00\x00\x00\x00\x00\x00\x00\x00\
\x00\x00\x00\x00\x00\x00\x00\x00\x00\x00\x00\x00\x00\x00\x00\x00\
\x00\x00\x00\x00\x00\x00\x00\x00\x00\x00\x00\x00\x00\x00\x00\x00\
\x00\x00\x00\x00\x00\x00\x00\x00\x00\x00\x00\x00\x00\x00\x00\x00\
\x00\x00\x00\x00\x00\x00\x00\x00\x00\x00\x00\x00\x00\x00\x00\x00\
\x00\x00\x00\x00\x00\x00\x00\x00\x00\x00\x00\x00\x00\x00\x00\x00\
\x00\x00\x00\x00\x00\x00\x00\x00\x00\x00\x00\x00\x00\x00\x00\x00\
\x00\x00\x00\x00\x00\x00\x00\x00\x00\x00\x00\x00\x00\x00\x00\x00\
\x00\x00\x00\x00\x00\x00\x00\x00\x00\x00\x00\x00\x00\x00\x00\x00\
\x00\x00\x00\x00\x00\x00\x00\x00\x00\x00\x00\x00\x00\x00\x00\x00\
\x00\x00\x00\x00\x00\x00\x00\x00\x00\x00\x00\x00\x00\x00\x00\x00\
\x00\x00\x00\x00\x00\x00\x00\x00\x00\x00\x00\x00\x00\x00\x00\x00\
\x00\x00\x00\x00\x00\x00\x00\x00\x00\x00\x00\x00\x00\x00\x00\x00\
\x00\x00\x00\x00\x00\x00\x00\x00\x00\x00\x00\x00\x00\x00\x00\x00\
\x00\x00\x00\x00\x00\x00\x00\x00\x00\x00\x00\x00\x00\x00\x00\x00\
\x00\x00\x00\x00\x00\x00\x00\x00\x00\x00\x00\x00\x00\x00\x00\x00\
\x00\x00\x00\x00\x00\x00\x00\x00\x00\x00\x00\x00\x00\x00\x00\x00\
\x00\x00\x00\x00\x00\x00\x00\x00\x00\x00\x00\x00\x00\x00\x00\x00\
\x00\x00\x00\x00\x00\x00\x00\x00\x00\x00\x00\x00\x00\x00\x00\x00\
\x00\x00\x00\x00\x00\x00\x00\x00\x00\x00\x00\x00\x00\x00\x00\x00\
\x00\x00\x00\x00\x00\x00\x00\x00\x00\x00\x00\x00\x00\x00\x00\x00\
\x00\x00\x00\x00\x00\x00\x00\x00\x00\x00\x00\x00\x00\x00\x00\x00\
\x00\x00\x00\x00\x00\x00\x00\x00\x00\x00\x00\x00\x00\x00\x00\x00\
\x00\x00\x00\x00\x00\x00\x00\x00\x00\x00\x00\x00\x00\x00\x00\x00\
\x00\x00\x00\x00\x00\x00\x00\x00\x00\x00\x00\x00\x00\x00\x00\x00\
\x00\x00\x00\x00\x00\x00\x00\x00\x00\x00\x00\x00\x00\x00\x00\x00\
\x00\x00\x00\x00\x00\x00\x00\x00\x00\x00\x00\x00\x00\x00\x00\x00\
\x00\x00\x00\x00\x00\x00\x00\x00\x00\x00\x00\x00\x00\x00\x00\x00\
\x00\x00\x00\x00\x00\x00\x00\x00\x00\x00\x00\x00\x00\x00\x00\x00\
\x00\x00\x00\x00\x00\x00\x00\x00\x00\x00\x00\x00\x00\x00\x00\x00\
\x00\x00\x00\x00\x00\x00\x00\x00\x00\x00\x00\x00\x00\x00\x00\x00\
\x00\x00\x00\x00\x00\x00\x00\x00\x00\x00\x00\x00\x00\x00\x00\x00\
\x00\x00\x00\x00\x00\x00\x00\x00\x00\x00\x00\x00\x00\x00\x00\x00\
\x00\x00\x00\x00\x00\x00\x00\x00\x00\x00\x00\x00\x00\x00\x00\x00\
\x00\x00\x00\x00\x00\x00\x00\x00\x00\x00\x00\x00\x00\x00\x00\x00\
\x00\x00\x00\x00\x00\x00\x00\x00\x00\x00\x00\x00\x00\x00\x00\x00\
\x00\x00\x00\x00\x00\x00\x00\x00\x00\x00\x00\x00\x00\x00\x00\x00\
\x00\x00\x00\x00\x00\x00\x00\x00\x00\x00\x00\x00\x00\x00\x00\x00\
\x00\x00\x00\x00\x00\x00\x00\x00\x00\x00\x00\x00\x00\x00\x00\x00\
\x00\x00\x00\x00\x00\x00\x00\x00\x00\x00\x00\x00\x00\x00\x00\x00\
\x00\x00\x00\x00\x00\x00\x00\x00\x00\x00\x00\x00\x00\x00\x00\x00\
\x00\x00\x00\x00\x00\x00\x00\x00\x00\x00\x00\x00\x00\x00\x00\x00\
\x00\x00\x00\x00\x00\x00\x00\x00\x00\x00\x00\x00\x00\x00\x00\x00\
\x00\x00\x00\x00\x00\x00\x00\x00\x00\x00\x00\x00\x00\x00\x00\x00\
\x00\x00\x00\x00\x00\x00\x00\x00\x00\x00\x00\x00\x00\x00\x00\x00\
\x00\x00\x00\x00\x00\x00\x00\x00\x00\x00\x00\x00\x00\x00\x00\x00\
\x00\x00\x00\x00\x00\x00\x00\x00\x00\x00\x00\x00\x00\x00\x00\x00\
\x00\x00\x00\x00\x00\x00\x00\x00\x00\x00\x00\x00\x00\x00\x00\x00\
\x00\x00\x00\x00\x00\x00\x00\x00\x00\x00\x00\x00\x00\x00\x00\x00\
\x00\x00\x00\x00\x00\x00\x00\x00\x00\x00\x00\x00\x00\x00\x00\x00\
\x00\x00\x00\x00\x00\x00\x00\x00\x00\x00\x00\x00\x00\x00\x00\x00\
\x00\x00\x00\x00\x00\x00\x00\x00\x00\x00\x00\x00\x00\x00\x00\x00\
\x00\x00\x00\x00\x00\x00\x00\x00\x00\x00\x00\x00\x00\x00\x00\x00\
\x00\x00\x00\x00\x00\x00\x00\x00\x00\x00\x00\x00\x00\x00\x00\x00\
\x00\x00\x00\x00\x00\x00\x00\x00\x00\x00\x00\x00\x00\x00\x00\x00\
\x00\x00\x00\x00\x00\x00\x00\x00\x00\x00\x00\x00\x00\x00\x00\x00\
\x00\x00\x00\x00\x00\x00\x00\x00\x00\x00\x00\x00\x00\x00\x00\x00\
\x00\x00\x00\x00\x00\x00\x00\x00\x00\x00\x00\x00\x00\x00\x00\x00\
\x00\x00\x00\x00\x00\x00\x00\x00\x00\x00\x00\x00\x00\x00\x00\x00\
\x00\x00\x00\x00\x00\x00\x00\x00\x00\x00\x00\x00\x00\x00\x00\x00\
\x00\x00\x00\x00\x00\x00\x00\x00\x00\x00\x00\x00\x00\x00\x00\x00\
\x00\x00\x00\x00\x00\x00\x00\x00\x00\x00\x00\x00\x00\x00\x00\x00\
\x00\x00\x00\x00\x00\x00\x00\x00\x00\x00\x00\x00\x00\x00\x00\x00\
\x00\x00\x00\x00\x00\x00\x00\x00\x00\x00\x00\x00\x00\x00\x00\x00\
\x00\x00\x00\x00\x00\x00\x00\x00\x00\x00\x00\x00\x00\x00\x00\x00\
\x00\x00\x00\x00\x00\x00\x00\x00\x00\x00\x00\x00\x00\x00\x00\x00\
\x00\x00\x00\x00\x00\x00\x00\x00\x00\x00\x00\x00\x00\x00\x00\x00\
\x00\x00\x00\x00\x00\x00\x00\x00\x00\x00\x00\x00\x00\x00\x00\x00\
\x00\x00\x00\x00\x00\x00\x00\x00\x00\x00\x00\x00\x00\x00\x00\x00\
\x00\x00\x00\x00\x00\x00\x00\x00\x00\x00\x00\x00\x00\x00\x00\x00\
\x00\x00\x00\x00\x00\x00\x00\x00\x00\x00\x00\x00\x00\x00\x00\x00\
\x00\x00\x00\x00\x00\x00\x00\x00\x00\x00\x00\x00\x00\x00\x00\x00\
\x00\x00\x00\x00\x00\x00\x00\x00\x00\x00\x00\x00\x00\x00\x00\x00\
\x00\x00\x00\x00\x00\x00\x00\x00\x00\x00\x00\x00\x00\x00\x00\x00\
\x00\x00\x00\x00\x00\x00\x00\x00\x00\x00\x00\x00\x00\x00\x00\x00\
\x00\x00\x00\x00\x00\x00\x00\x00\x00\x00\x00\x00\x00\x00\x00\x00\
\x00\x00\x00\x00\x00\x00\x00\x00\x00\x00\x00\x00\x00\x00\x00\x00\
\x00\x00\x00\x00\x00\x00\x00\x00\x00\x00\x00\x00\x00\x00\x00\x00\
\x00\x00\x00\x00\x00\x00\x00\x00\x00\x00\x00\x00\x00\x00\x00\x00\
\x00\x00\x00\x00\x00\x00\x00\x00\x00\x00\x00\x00\x00\x00\x00\x00\
\x00\x00\x00\x00\x00\x00\x00\x00\x00\x00\x00\x00\x00\x00\x00\x00\
\x00\x00\x00\x00\x00\x00\x00\x00\x00\x00\x00\x00\x00\x00\x00\x00\
\x00\x00\x00\x00\x00\x00\x00\x00\x00\x00\x00\x00\x00\x00\x00\x00\
\x00\x00\x00\x00\x00\x00\x00\x00\x00\x00\x00\x00\x00\x00\x00\x00\
\x00\x00\x00\x00\x00\x00\x00\x00\x00\x00\x00\x00\x00\x00\x00\x00\
\x00\x00\x00\x00\x00\x00\x00\x00\x00\x00\x00\x00\x00\x00\x00\x00\
\x00\x00\x00\x00\x00\x00\x00\x00\x00\x00\x00\x00\x00\x00\x00\x00\
\x00\x00\x00\x00\x00\x00\x00\x00\x00\x00\x00\x00\x00\x00\x00\x00\
\x00\x00\x00\x00\x00\x00\x00\x00\x00\x00\x00\x00\x00\x00\x00\x00\
\x00\x00\x00\x00\x00\x00\x00\x00\x00\x00\x00\x00\x00\x00\x00\x00\
\x00\x00\x00\x00\x00\x00\x00\x00\x00\x00\x00\x00\x00\x00\x00\x00\
\x00\x00\x00\x00\x00\x00\x00\x00\x00\x00\x00\x00\x00\x00\x00\x00\
\x00\x00\x00\x00\x00\x00\x00\x00\x00\x00\x00\x00\x00\x00\x00\x00\
\x00\x00\x00\x00\x00\x00\x00\x00\x00\x00\x00\x00\x00\x00\x00\x00\
\x00\x00\x00\x00\x00\x00\x00\x00\x00\x00\x00\x00\x00\x00\x00\x00\
\x00\x00\x00\x00\x00\x00\x00\x00\x00\x00\x00\x00\x00\x00\x00\x00\
\x00\x00\x00\x00\x00\x00\x00\x00\x00\x00\x00\x00\x00\x00\x00\x00\
\x00\x00\x00\x00\x00\x00\x00\x00\x00\x00\x00\x00\x00\x00\x00\x00\
\x00\x00\x00\x00\x00\x00\x00\x00\x00\x00\x00\x00\x00\x00\x00\x00\
\x00\x00\x00\x00\x00\x00\x00\x00\x00\x00\x00\x00\x00\x00\x00\x00\
\x00\x00\x00\x00\x00\x00\x00\x00\x00\x00\x00\x00\x00\x00\x00\x00\
\x00\x00\x00\x00\x00\x00\x00\x00\x00\x00\x00\x00\x00\x00\x00\x00\
\x00\x00\x00\x00\x00\x00\x00\x00\x00\x00\x00\x00\x00\x00\x00\x00\
\x00\x00\x00\x00\x00\x00\x00\x00\x00\x00\x00\x00\x00\x00\x00\x00\
\x00\x00\x00\x00\x00\x00\x00\x00\x00\x00\x00\x00\x00\x00\x00\x00\
\x00\x00\x00\x00\x00\x00\x00\x00\x00\x00\x00\x00\x00\x00\x00\x00\
\x00\x00\x00\x00\x00\x00\x00\x00\x00\x00\x00\x00\x00\x00\x00\x00\
\x00\x00\x00\x00\x00\x00\x00\x00\x00\x00\x00\x00\x00\x00\x00\x00\
\x00\x00\x00\x00\x00\x00\x00\x00\x00\x00\x00\x00\x00\x00\x00\x00\
\x00\x00\x00\x00\x00\x00\x00\x00\x00\x00\x00\x00\x00\x00\x00\x00\
\x00\x00\x00\x00\x00\x00\x00\x00\x00\x00\x00\x00\x00\x00\x00\x00\
\x00\x00\x00\x00\x00\x00\x00\x00\x00\x00\x00\x00\x00\x00\x00\x00\
\x00\x00\x00\x00\x00\x00\x00\x00\x00\x00\x00\x00\x00\x00\x00\x00\
\x00\x00\x00\x00\x00\x00\x00\x00\x00\x00\x00\x00\x00\x00\x00\x00\
\x00\x00\x00\x00\x00\x00\x00\x00\x00\x00\x00\x00\x00\x00\x00\x00\
\x00\x00\x00\x00\x00\x00\x00\x00\x00\x00\x00\x00\x00\x00\x00\x00\
\x00\x00\x00\x00\x00\x00\x00\x00\x00\x00\x00\x00\x00\x00\x00\x00\
\x00\x00\x00\x00\x00\x00\x00\x00\x00\x00\x00\x00\x00\x00\x00\x00\
\x00\x00\x00\x00\x00\x00\x00\x00\x00\x00\x00\x00\x00\x00\x00\x00\
\x00\x00\x00\x00\x00\x00\x00\x00\x00\x00\x00\x00\x00\x00\x00\x00\
\x00\x00\x00\x00\x00\x00\x00\x00\x00\x00\x00\x00\x00\x00\x00\x00\
\x00\x00\x00\x00\x00\x00\x00\x00\x00\x00\x00\x00\x00\x00\x00\x00\
\x00\x00\x00\x00\x00\x00\x00\x00\x00\x00\x00\x00\x00\x00\x00\x00\
\x00\x00\x00\x00\x00\x00\x00\x00\x00\x00\x00\x00\x00\x00\x00\x00\
\x00\x00\x00\x00\x00\x00\x00\x00\x00\x00\x00\x00\x00\x00\x00\x00\
\x00\x00\x00\x00\x00\x00\x00\x00\x00\x00\x00\x00\x00\x00\x00\x00\
\x00\x00\x00\x00\x00\x00\x00\x00\x00\x00\x00\x00\x00\x00\x00\x00\
\x00\x00\x00\x00\x00\x00\x00\x00\x00\x00\x00\x00\x00\x00\x00\x00\
\x00\x00\x00\x00\x00\x00\x00\x00\x00\x00\x00\x00\x00\x00\x00\x00\
\x00\x00\x00\x00\x00\x00\x00\x00\x00\x00\x00\x00\x00\x00\x00\x00\
\x00\x00\x00\x00\x00\x00\x00\x00\x00\x00\x00\x00\x00\x00\x00\x00\
\x00\x00\x00\x00\x00\x00\x00\x00\x00\x00\x00\x00\x00\x00\x00\x00\
\x00\x00\x00\x00\x00\x00\x00\x00\x00\x00\x00\x00\x00\x00\x00\x00\
\x00\x00\x00\x00\x00\x60\x60\x60\x00\x78\x7a\x7b\x00\x36\x26\x23\
\x00\x28\x1b\x15\x00\x2a\x16\x13\x00\x2a\x15\x15\x00\x27\x16\x16\
\x00\x1f\x12\x12\x00\x25\x22\x22\x00\x00\x00\x00\x00\x55\x55\x55\
\x00\x00\x00\x00\x00\x00\x00\x00\x00\x00\x00\x00\x00\x00\x00\x00\
\x00\x00\x00\x00\x00\x00\x00\x00\x00\x00\x00\x00\x00\x00\x00\x00\
\x00\x00\x00\x00\x00\x00\x00\x00\x00\x00\x00\x00\x00\x00\x00\x00\
\x00\x00\x00\x00\x00\x00\x00\x00\x00\x00\x00\x00\x00\x00\x00\x00\
\x00\x00\x00\x00\x00\x00\x00\x00\x00\x00\x00\x00\x00\x00\x00\x00\
\x00\x00\x00\x00\x00\x00\x00\x00\x00\x00\x00\x00\x00\x00\x00\x00\
\x00\x00\x00\x00\x00\x00\x00\x00\x00\x00\x00\x00\x00\x00\x00\x00\
\x00\x00\x00\x00\x00\x00\x00\x00\x00\x00\x00\x00\x00\x00\x00\x00\
\x00\x00\x00\x00\x00\x00\x00\x00\x00\x00\x00\x00\x00\x00\x00\x00\
\x00\x00\x00\x00\x00\x00\x00\x00\x00\x00\x00\x00\x00\x00\x00\x00\
\x00\x00\x00\x00\x00\x00\x00\x00\x00\x00\x00\x00\x00\x00\x00\x00\
\x00\x00\x00\x00\x00\x00\x00\x00\x00\x00\x00\x00\x00\x00\x00\x00\
\x00\x00\x00\x00\x00\x00\x00\x00\x00\x00\x00\x00\x00\x00\x00\x00\
\x00\x00\x00\x00\x00\x00\x00\x00\x00\x00\x00\x00\x00\x00\x00\x00\
\x00\x00\x00\x00\x00\x00\x00\x00\x00\x00\x00\x00\x00\x00\x00\x00\
\x00\x00\x00\x00\x00\x00\x00\x00\x00\x00\x00\x00\x00\x00\x00\x00\
\x00\x00\x00\x00\x00\x00\x00\x00\x00\x00\x00\x00\x00\x00\x00\x00\
\x00\x00\x00\x00\x00\x00\x00\x00\x00\x00\x00\x00\x00\x00\x00\x00\
\x00\x00\x00\x00\x00\x00\x00\x00\x00\x00\x00\x00\x00\x00\x00\x00\
\x00\x00\x00\x00\x00\x00\x00\x00\x00\x00\x00\x00\x00\x00\x00\x00\
\x00\x00\x00\x00\x00\x00\x00\x00\x00\x00\x00\x00\x00\x00\x00\x00\
\x00\x00\x00\x00\x00\x00\x00\x00\x00\x00\x00\x00\x00\x00\x00\x00\
\x00\x00\x00\x00\x00\x00\x00\x00\x00\x00\x00\x00\x00\x00\x00\x00\
\x00\x00\x00\x00\x00\x00\x00\x00\x00\x00\x00\x00\x00\x00\x00\x00\
\x00\x00\x00\x00\x00\x00\x00\x00\x00\x00\x00\x00\x00\x00\x00\x00\
\x00\x00\x00\x00\x00\x00\x00\x00\x00\x00\x00\x00\x00\x00\x00\x00\
\x00\x00\x00\x00\x00\x00\x00\x00\x00\x00\x00\x00\x00\x00\x00\x00\
\x00\x00\x00\x00\x00\x00\x00\x00\x00\x00\x00\x00\x00\x00\x00\x00\
\x00\x00\x00\x00\x00\x00\x00\x00\x00\x00\x00\x00\x00\x00\x00\x00\
\x00\x00\x00\x00\x00\x00\x00\x00\x00\x00\x00\x00\x00\x00\x00\x00\
\x00\x00\x00\x00\x00\x00\x00\x00\x00\x00\x00\x00\x00\x00\x00\x00\
\x00\x00\x00\x00\x00\x00\x00\x00\x00\x00\x00\x00\x00\x00\x00\x00\
\x00\x00\x00\x00\x00\x00\x00\x00\x00\x00\x00\x00\x00\x00\x00\x00\
\x00\x00\x00\x00\x00\x00\x00\x00\x00\x00\x00\x00\x00\x00\x00\x00\
\x00\x00\x00\x00\x00\x00\x00\x00\x00\x00\x00\x00\x00\x00\x00\x00\
\x00\x00\x00\x00\x00\x00\x00\x00\x00\x00\x00\x00\x00\x00\x00\x00\
\x00\x00\x00\x00\x00\x00\x00\x00\x00\x00\x00\x00\x00\x00\x00\x00\
\x00\x00\x00\x00\x00\x00\x00\x00\x00\x00\x00\x00\x00\x00\x00\x00\
\x00\x00\x00\x00\x00\x00\x00\x00\x00\x00\x00\x00\x00\x00\x00\x00\
\x00\x00\x00\x00\x00\x00\x00\x00\x00\x00\x00\x00\x00\x00\x00\x00\
\x00\x00\x00\x00\x00\x00\x00\x00\x00\x00\x00\x00\x00\x00\x00\x00\
\x00\x00\x00\x00\x00\x00\x00\x00\x00\x00\x00\x00\x00\x00\x00\x00\
\x00\x00\x00\x00\x00\x00\x00\x00\x00\x00\x00\x00\x00\x00\x00\x00\
\x00\x00\x00\x00\x00\x00\x00\x00\x00\x00\x00\x00\x00\x00\x00\x00\
\x00\x00\x00\x00\x00\x00\x00\x00\x00\x00\x00\x00\x00\x00\x00\x00\
\x00\x00\x00\x00\x00\x00\x00\x00\x00\x00\x00\x00\x00\x14\x14\x14\
\x00\x1f\x12\x12\x00\x1a\x0f\x0f\x00\x1d\x10\x0c\x00\x1f\x13\x0f\
\x00\x1b\x13\x0c\x00\x1f\x14\x0e\x00\x20\x15\x0e\x00\x1d\x12\x0b\
\x00\x1b\x12\x0f\x00\x16\x10\x0e\x00\x1d\x11\x0d\x00\x00\x00\x00\
\x00\x00\x00\x00\x00\x00\x00\x00\x00\x00\x00\x00\x00\x00\x00\x00\
\x00\x00\x00\x00\x00\x00\x00\x00\x00\x00\x00\x00\x00\x00\x00\x00\
\x00\x00\x00\x00\x00\x00\x00\x00\x00\x00\x00\x00\x00\x00\x00\x00\
\x00\x00\x00\x00\x00\x00\x00\x00\x00\x00\x00\x00\x00\x00\x00\x00\
\x00\x00\x00\x00\x00\x00\x00\x00\x00\x17\x17\x17\x00\x10\x19\x19\
\x00\x16\x0e\x0e\x00\x17\x0b\x0a\x00\x18\x0a\x0a\x00\x1b\x10\x0d\
\x00\x1d\x14\x14\x00\x1c\x12\x0c\x00\x19\x13\x0d\x00\x14\x11\x0f\
\x00\x05\x14\x1b\x00\x12\x12\x12\x00\x00\x00\x00\x00\x00\x00\x00\
\x00\x00\x00\x00\x00\x00\x00\x00\x00\x00\x00\x00\x00\x00\x00\x00\
\x00\x00\x00\x00\x00\x00\x00\x00\x00\x00\x00\x00\x00\x00\x00\x00\
\x00\x00\x00\x00\x00\x00\x00\x00\x00\x00\x00\x00\x00\x80\x80\x80\
\x00\x00\x00\x00\x00\x24\x19\x1a\x00\x1f\x13\x11\x00\x19\x0e\x0a\
\x00\x17\x0b\x08\x00\x15\x0a\x09\x00\x10\x04\x03\x00\x15\x07\x04\
\x00\x1e\x0c\x06\x00\x1f\x0e\x06\x00\x1d\x0e\x07\x00\x18\x0b\x05\
\x00\x12\x07\x05\x00\x0e\x04\x03\x00\x0f\x06\x06\x00\x16\x0b\x09\
\x00\x16\x0a\x07\x00\x1c\x10\x0e\x00\x19\x0e\x0f\x00\x1a\x0b\x0b\
\x00\x00\x00\x00\x00\x00\x00\x00\x00\x00\x00\x00\x00\x00\x00\x00\
\x00\x00\x00\x00\x00\x00\x00\x00\x00\x00\x00\x00\x00\x00\x00\x00\
\x00\x00\x00\x00\x00\x18\x14\x14\x00\x15\x10\x11\x00\x14\x0e\x0d\
\x00\x17\x12\x11\x00\x16\x0f\x0e\x00\x15\x0f\x0f\x00\x16\x0e\x0b\
\x00\x1b\x12\x0e\x00\x1e\x13\x0d\x00\x20\x15\x11\x00\x20\x1a\x15\
\x00\x1f\x1a\x15\x00\x00\x00\x00\x00\x00\x00\x00\x00\xe8\x93\x3f\
\x00\xe8\x95\x43\x00\xec\x96\x34\x00\xe7\x95\x38\x00\xe8\x94\x3a\
\x00\xe5\x98\x39\x00\xea\x97\x42\x00\xee\x98\x45\x00\xed\x97\x44\
\x00\xea\x97\x43\x00\xed\x97\x41\x00\xef\x99\x3f\x00\xeb\x97\x3e\
\x00\xe7\x97\x3d\x00\xe5\x99\x3b\x00\xed\x9a\x40\x00\xf1\xa9\x53\
\x00\xfa\xd0\xc8\x00\xfc\xbd\xaf\x00\x00\x00\x00\x00\x00\x00\x00\
\x00\x14\x06\x0b\x00\x1f\x12\x16\x00\x1e\x12\x14\x00\x1d\x11\x11\
\x00\x20\x11\x12\x00\x1a\x14\x15\x00\x17\x0e\x0d\x00\x1c\x10\x0b\
\x00\x1f\x15\x0f\x00\x25\x19\x12\x00\x28\x22\x17\x00\x22\x11\x11\
\x00\x00\x00\x00\x00\x00\x00\x00\x00\x00\x00\x00\x00\x63\x63\x63\
\x00\x62\x62\x62\x00\x1e\x18\x13\x00\x1b\x10\x0d\x00\x23\x17\x11\
\x00\x1e\x11\x0d\x00\x1b\x13\x0d\x00\x1d\x13\x0f\x00\x1b\x16\x14\
\x00\x1a\x15\x13\x00\x12\x1e\x06\x00\x1c\x1c\x1c\x00\x00\x00\x00\
\x00\x00\x00\x00\x00\x00\x00\x00\x00\x00\x00\x00\x00\x00\x00\x00\
\x00\x00\x00\x00\x00\x00\x00\x00\x00\x00\x00\x00\x00\x00\x00\x00\
\x00\x00\x00\x00\x00\x00\x00\x00\x00\x00\x00\x00\x00\x00\x00\x00\
\x00\x00\x00\x00\x00\x00\x00\x00\x00\x15\x12\x0c\x00\x14\x12\x0e\
\x00\x14\x12\x10\x00\x19\x13\x0f\x00\x1c\x11\x0a\x00\x1e\x14\x0e\
\x00\x1c\x14\x0c\x00\x17\x0c\x0a\x00\x19\x0f\x10\x00\x1d\x14\x14\
\x00\x17\x14\x0f\x00\x15\x0f\x0f\x00\x00\x00\x00\x00\x00\x00\x00\
\x00\x00\x00\x00\x00\x00\x00\x00\x00\x00\x00\x00\x00\x20\x20\x20\
\x00\x0b\x04\x04\x00\x15\x0f\x0f\x00\x0f\x0c\x0c\x00\x15\x0d\x0d\
\x00\x1b\x0f\x0f\x00\x1f\x10\x0f\x00\x1e\x0e\x0d\x00\x1c\x10\x10\
\x00\x1a\x14\x15\x00\x21\x19\x1b\x00\x23\x1b\x1c\x00\x00\x00\x00\
\x00\x00\x00\x00\x00\x00\x00\x00\x00\x00\x00\x00\x00\x00\x00\x00\
\x00\x00\x00\x00\x00\x00\x00\x00\x00\x00\x00\x00\x00\x00\x00\x00\
\x00\x00\x00\x00\x00\x00\x00\x00\x00\x00\x00\x00\x00\x00\x00\x00\
\x00\x00\x00\x00\x00\x00\x00\x00\x00\x00\x00\x00\x00\x00\x00\x00\
\x00\x00\x00\x00\x00\x00\x00\x00\x00\x00\x00\x00\x00\x00\x00\x00\
\x00\x00\x00\x00\x00\x00\x00\x00\x00\x00\x00\x00\x00\x0f\x00\x00\
\x00\x17\x38\x38\x00\x12\x08\x08\x00\x14\x0b\x09\x00\x1a\x0f\x09\
\x00\x1f\x13\x0f\x00\x22\x17\x11\x00\x21\x14\x0b\x00\x1b\x15\x0f\
\x00\x19\x13\x10\x00\x14\x14\x15\x00\x14\x12\x12\x00\x00\x00\x00\
\x00\x00\x00\x00\x00\x00\x00\x00\x00\x00\x00\x00\x00\x00\x00\x00\
\x00\x00\x00\x00\x00\x00\x00\x00\x00\x00\x00\x00\x00\x00\x00\x00\
\x00\x00\x00\x00\x00\x00\x00\x00\x00\x00\x00\x00\x00\x00\x00\x00\
\x00\x00\x00\x00\x00\x00\x00\x00\x00\x00\x00\x00\x00\x00\x00\x00\
\x00\x00\x00\x00\x00\x00\x00\x00\x00\x00\x00\x00\x00\x00\x00\x00\
\x00\x00\x00\x00\x00\x00\x00\x00\x00\x00\x00\x00\x00\x00\x00\x00\
\x00\x00\x00\x00\x00\x00\x00\x00\x00\x17\x0d\x0a\x00\x15\x12\x13\
\x00\x1b\x0e\x05\x00\x00\x00\x2e\x00\x09\x1d\x29\x00\x1b\x42\x4f\
\x00\x00\x30\x26\x00\x00\x26\x2a\x00\x00\x01\x1c\x00\x00\x00\x00\
\x00\x00\x00\x16\x00\x1e\x06\x02\x00\x19\x12\x10\x00\x1b\x15\x13\
\x00\x00\x00\x00\x00\x00\x00\x00\x00\x00\x00\x00\x00\x00\x00\x00\
\x00\x00\x00\x00\x00\x00\x00\x00\x00\x00\x00\x00\x00\x00\x00\x00\
\x00\x00\x00\x00\x00\x00\x00\x00\x00\x00\x00\x00\x00\x00\x00\x00\
\x00\x00\x00\x00\x00\x00\x00\x00\x00\x00\x00\x00\x00\x00\x00\x00\
\x00\x00\x00\x00\x00\x00\x00\x00\x00\x00\x00\x00\x00\x00\x00\x00\
\x00\x34\x4e\x78\x00\x06\x04\x1a\x00\x12\x01\x0d\x01\x0f\x14\x1c\
\x01\x00\x25\x52\x00\x00\x06\x11\x00\x00\x00\x00\x01\x00\x09\x07\
\x01\x3d\x00\x00\x00\x00\x51\x48\x00\x00\x00\x00\x00\x00\x00\x00\
\x00\x00\x00\x00\x00\x00\x00\x00\x00\x00\x00\x00\x00\x00\x00\x00\
\x00\x00\x00\x00\x00\x00\x00\x00\x00\x00\x00\x00\x00\x00\x00\x00\
\x00\x20\x12\x10\x00\x0e\x05\x00\x00\x1b\x12\x0d\x00\x17\x0b\x06\
\x00\x14\x08\x05\x00\x0f\x01\x00\x00\x1d\x14\x14\x05\x19\x0e\x0b\
\x14\x17\x0b\x09\x28\x16\x0b\x0a\x3f\x13\x08\x07\x50\x1b\x0d\x0a\
\x61\x22\x12\x0c\x6e\x23\x12\x0c\x71\x22\x12\x0d\x72\x1e\x10\x0c\
\x70\x18\x0c\x0a\x68\x12\x08\x08\x58\x0f\x07\x07\x48\x15\x0b\x0a\
\x31\x15\x0a\x08\x19\x15\x0d\x0e\x07\x1d\x0b\x03\x00\x14\x0a\x07\
\x00\x13\x0a\x07\x00\x4b\x20\x1f\x00\x23\x0d\x0e\x00\x33\x33\x00\
\x00\x00\x00\x00\x00\x00\x00\x00\x00\x00\x00\x00\x00\x00\x00\x00\
\x00\x00\x00\x00\x00\x18\x14\x14\x00\x13\x0f\x0f\x00\x10\x0c\x0d\
\x02\x09\x1b\x27\x01\x0c\x15\x1f\x01\x19\x18\x26\x01\x00\x01\x0c\
\x01\x00\x0b\x1d\x00\x06\x35\x4e\x00\x00\x00\x00\x00\x1b\x0d\x0c\
\x00\x00\x00\x00\x00\x1c\x1a\x11\x00\xe7\x88\x29\x00\xee\x8f\x2f\
\x00\xf7\x74\x00\x00\xd9\xff\xff\x00\xb3\xff\xff\x01\x00\xff\xff\
\x00\xff\x00\x00\x00\xff\x1c\x00\x00\xff\x21\x00\x00\xff\x1c\x00\
\x00\xff\x16\x00\x00\xff\x01\x00\x00\xfb\x00\x00\x00\xff\x00\x00\
\x00\xff\x00\x00\x00\xff\x00\x00\x00\xf9\x3f\x00\x00\xf5\x6b\x00\
\x00\xe7\x7e\x1a\x00\xf5\x76\x00\x00\xcc\x99\x66\x00\x0d\x0b\x06\
\x00\x11\x09\x09\x00\x06\x0a\x00\x00\x4f\x32\x4e\x01\x47\x29\x3d\
\x01\x50\x21\x3b\x01\x30\x34\x45\x01\x00\x04\x14\x01\x00\x00\x00\
\x00\x00\x0b\x00\x00\x2b\x20\x16\x01\x00\x00\x00\x00\x20\x10\x0e\
\x00\x00\x00\x00\x00\x00\x00\x00\x00\x00\x00\x00\x00\xba\xcf\xd6\
\x00\xb5\xc8\xca\x00\x22\x3b\x39\x01\x00\x00\x3a\x00\x53\xff\xff\
\x00\x35\x1e\x6b\x00\x21\x41\x4c\x00\x3f\x3c\x50\x00\xff\x00\x00\
\x00\x24\x00\x00\x00\x85\x45\x9d\x00\x6a\x19\x5e\x00\x00\x00\x00\
\x00\x00\x00\x00\x00\x00\x00\x00\x00\x00\x00\x00\x00\x00\x00\x00\
\x00\x00\x00\x00\x00\x00\x00\x00\x00\x00\x00\x00\x00\x00\x00\x00\
\x00\x00\x00\x00\x00\x00\x00\x00\x00\x00\x00\x00\x00\x00\x00\x00\
\x00\xff\xff\xff\x00\x20\x19\x19\x00\x21\x1e\x1c\x00\x0f\x00\x00\
\x00\x00\x1a\x1f\x01\x05\x15\x16\x01\x00\x00\x00\x00\x00\x07\x16\
\x00\x00\x13\x0d\x00\x00\x00\x07\x00\x02\x0c\x2d\x00\x1b\x14\x1c\
\x01\x13\x10\x0b\x01\x0c\x07\x07\x00\x00\x00\x00\x00\x00\x00\x00\
\x00\x00\x00\x00\x00\x00\x00\x00\x00\x00\x00\x00\x00\x54\x54\x54\
\x00\x24\x22\x27\x00\x3d\x39\x65\x00\x00\x00\x08\x01\x00\x00\x17\
\x01\x12\x0b\x1e\x01\x0c\x08\x1c\x01\x00\x00\x0d\x01\x00\x00\x0d\
\x01\x0f\x18\x23\x01\x3a\x32\x38\x00\x3c\x34\x39\x00\x00\x00\x00\
\x00\x00\x00\x00\x00\x00\x00\x00\x00\x00\x00\x00\x00\x00\x00\x00\
\x00\x00\x00\x00\x00\x00\x00\x00\x00\x00\x00\x00\x00\x00\x00\x00\
\x00\x00\x00\x00\x00\x00\x00\x00\x00\x00\x00\x00\x00\x00\x00\x00\
\x00\x00\x00\x00\x00\x00\x00\x00\x00\x00\x00\x00\x00\x00\x00\x00\
\x00\x00\x00\x00\x00\x00\x00\x00\x00\x00\x00\x00\x00\x00\x00\x00\
\x00\x00\x00\x00\x00\x00\x00\x00\x00\x00\x00\x00\x00\x36\x3c\x3c\
\x00\x00\x1f\x2a\x00\x00\x00\x00\x00\x00\x00\x00\x01\x00\x13\x11\
\x00\x00\x25\x87\x00\x00\xa7\xff\x00\x00\x0b\x12\x00\x00\x17\x22\
\x01\x17\x36\x3d\x00\x00\x00\x00\x00\x00\x00\x00\x00\x00\x00\x00\
\x00\x00\x00\x00\x00\x00\x00\x00\x00\x00\x00\x00\x00\x00\x00\x00\
\x00\x00\x00\x00\x00\x00\x00\x00\x00\x00\x00\x00\x00\x00\x00\x00\
\x00\x00\x00\x00\x00\x00\x00\x00\x00\x00\x00\x00\x00\x00\x00\x00\
\x00\x00\x00\x00\x00\x00\x00\x00\x00\x00\x00\x00\x00\x00\x00\x00\
\x00\x00\x00\x00\x00\x00\x00\x00\x00\x00\x00\x00\x00\x00\x00\x00\
\x00\x00\x00\x00\x00\x00\x00\x00\x00\x00\x00\x00\x00\x00\x00\x00\
\x00\x00\x00\x00\x00\xff\xff\xff\x00\x65\x69\x6b\x00\x00\x00\x00\
\x00\x17\x0d\x0b\x4e\x17\x0a\x08\x9d\x1c\x0b\x07\x9b\x1c\x0b\x07\
\x9b\x1b\x0a\x07\x9b\x1d\x0d\x09\x9b\x1d\x0f\x09\x9a\x1b\x0e\x07\
\x9a\x18\x0c\x08\x9c\x15\x0c\x0a\x5e\x1f\x20\x26\x01\x19\x14\x13\
\x00\x1c\x1c\x1c\x00\x00\x00\x00\x00\x00\x00\x00\x00\x00\x00\x00\
\x00\x00\x00\x00\x00\x00\x00\x00\x00\x00\x00\x00\x00\x00\x00\x00\
\x00\x00\x00\x00\x00\x00\x00\x00\x00\x00\x00\x00\x00\x00\x00\x00\
\x00\x00\x00\x00\x00\x00\x00\x00\x00\x00\x00\x00\x00\x00\x00\x00\
\x00\x00\x00\x00\x00\x00\x00\x00\x00\x0f\x0b\x0a\x00\x04\x05\x06\
\x02\x11\x08\x06\x68\x14\x08\x05\x9e\x14\x06\x04\x9c\x17\x09\x06\
\x9c\x1c\x0c\x08\x9b\x1d\x0c\x07\x9b\x18\x0d\x09\x9f\x15\x0e\x0c\
\x61\x1c\x15\x19\x01\x17\x10\x0f\x00\x00\x00\x00\x00\x00\x00\x00\
\x00\x00\x00\x00\x00\x00\x00\x00\x00\x00\x00\x00\x00\x00\x00\x00\
\x00\x00\x00\x00\x00\x00\x00\x00\x00\x19\x0d\x0d\x00\x00\x00\x00\
\x00\x18\x0d\x09\x00\x16\x09\x05\x00\x14\x1d\x18\x01\x16\x0a\x05\
\x1a\x15\x0a\x07\x47\x17\x0a\x08\x7d\x17\x0a\x07\xab\x19\x0b\x06\
\xce\x1a\x0a\x05\xe4\x19\x0b\x07\xf4\x19\x0b\x07\xf9\x1d\x0c\x06\
\xfd\x21\x0e\x07\xff\x21\x0e\x06\xff\x1f\x0e\x06\xff\x1b\x0d\x06\
\xff\x17\x0b\x05\xff\x14\x0a\x06\xfb\x16\x09\x06\xf7\x1b\x0a\x05\
\xeb\x1e\x0c\x06\xd5\x1d\x0d\x08\xb0\x1c\x0e\x09\x7b\x15\x0b\x07\
\x40\x13\x0a\x08\x10\x0c\x05\x02\x00\x11\x09\x06\x00\x10\x06\x03\
\x00\x0e\x09\x09\x00\x00\x00\x00\x00\x00\x00\x00\x00\x00\x00\x00\
\x00\x00\x00\x00\x00\x17\x13\x13\x00\x15\x19\x1e\x01\x14\x0c\x0a\
\x5c\x14\x0b\x09\x9e\x10\x08\x06\x9c\x11\x07\x05\x9d\x14\x09\x05\
\x9c\x18\x0b\x07\x9b\x1b\x0e\x08\x9b\x19\x0e\x09\x97\x18\x10\x0c\
\x32\x16\x0d\x09\x00\x1a\x0e\x0a\x00\xe6\x86\x27\x00\xe7\x94\x44\
\x01\xec\x84\x16\x59\xee\x80\x0b\x9d\xef\x7e\x0a\x9c\xf4\x80\x0c\
\x9a\xf8\x84\x10\x98\xf9\x85\x11\x97\xf9\x85\x11\x97\xf7\x84\x10\
\x97\xf6\x84\x10\x97\xf6\x84\x0f\x97\xf4\x82\x0e\x98\xf2\x81\x0d\
\x99\xf2\x82\x0d\x99\xf5\x85\x10\x98\xfa\x89\x14\x95\xf6\x89\x18\
\x89\xe3\x86\x25\x2d\xe8\x86\x1d\x00\xcc\x99\x66\x00\x30\x46\x44\
\x00\x07\x00\x00\x00\x14\x0c\x09\x50\x13\x08\x06\x9e\x13\x08\x06\
\x9c\x12\x08\x05\x9d\x12\x07\x05\x9e\x17\x09\x05\x9d\x1c\x0d\x07\
\x9b\x1e\x10\x0c\x99\x1c\x11\x0e\x3c\x1b\x0f\x0c\x00\x1b\x10\x0d\
\x00\x00\x00\x00\x00\x00\x00\x00\x00\x00\x00\x00\x00\x1f\x18\x15\
\x00\x1c\x16\x14\x08\x18\x0d\x09\x76\x1d\x10\x09\x9c\x1e\x10\x09\
\x9a\x1a\x0c\x07\x9a\x15\x09\x04\x9a\x14\x08\x05\x9b\x15\x0d\x09\
\x9c\x19\x12\x10\x57\x00\x00\x00\x00\x1e\x15\x1a\x00\x00\x00\x00\
\x00\x00\x00\x00\x00\x00\x00\x00\x00\x00\x00\x00\x00\x00\x00\x00\
\x00\x00\x00\x00\x00\x00\x00\x00\x00\x00\x00\x00\x00\x00\x00\x00\
\x00\x00\x00\x00\x00\x00\x00\x00\x00\x00\x00\x00\x00\x00\x00\x00\
\x00\x00\x00\x00\x00\x36\x38\x39\x00\x04\x00\x00\x00\x12\x0a\x09\
\x46\x12\x09\x06\x9d\x16\x0a\x06\x9d\x1c\x0c\x07\x9b\x1f\x0d\x07\
\x9b\x1e\x0c\x06\x9b\x17\x08\x05\x9b\x13\x07\x06\x9c\x14\x0a\x09\
\x94\x12\x0c\x0b\x2a\x11\x0a\x0a\x00\x00\x00\x00\x00\x00\x00\x00\
\x00\x00\x00\x00\x00\x00\x00\x00\x00\x00\x00\x00\x00\x52\x52\x52\
\x00\x00\x00\x00\x00\x11\x0c\x0a\x4c\x0f\x09\x07\x9d\x10\x07\x05\
\x9c\x15\x07\x05\x9d\x1c\x0b\x07\x9d\x1e\x0d\x07\x9c\x1c\x0c\x09\
\x9e\x17\x0b\x0b\x81\x14\x0c\x0d\x0e\x17\x0e\x0f\x00\x00\x00\x00\
\x00\x00\x00\x00\x00\x00\x00\x00\x00\x00\x00\x00\x00\x00\x00\x00\
\x00\x00\x00\x00\x00\x00\x00\x00\x00\x00\x00\x00\x00\x00\x00\x00\
\x00\x00\x00\x00\x00\x00\x00\x00\x00\x00\x00\x00\x00\x00\x00\x00\
\x00\x00\x00\x00\x00\x00\x00\x00\x00\x00\x00\x00\x00\x00\x00\x00\
\x00\x00\x00\x00\x00\x00\x00\x00\x00\x00\x00\x00\x00\x00\x00\x00\
\x00\x00\x00\x00\x00\x00\x00\x00\x00\x00\x00\x00\x00\x1f\x12\x12\
\x00\x84\x6c\x90\x00\x12\x09\x08\x5d\x14\x09\x06\x9e\x19\x0c\x06\
\x9b\x1f\x10\x09\x9a\x20\x11\x09\x9a\x20\x10\x07\x9b\x1a\x0e\x06\
\x9e\x13\x0a\x06\x75\x10\x0a\x09\x07\x12\x0b\x09\x00\x00\x00\x00\
\x00\x00\x00\x00\x00\x00\x00\x00\x00\x00\x00\x00\x00\x00\x00\x00\
\x00\x00\x00\x00\x00\x00\x00\x00\x00\x00\x00\x00\x00\x00\x00\x00\
\x00\x00\x00\x00\x00\x00\x00\x00\x00\x00\x00\x00\x00\x00\x00\x00\
\x00\x00\x00\x00\x00\x00\x00\x00\x00\x00\x00\x00\x00\x00\x00\x00\
\x00\x00\x00\x00\x00\x00\x00\x00\x00\x00\x00\x00\x00\x00\x00\x00\
\x00\x00\x00\x00\x00\x00\x00\x00\x00\x00\x00\x00\x00\x00\x00\x00\
\x00\x00\x00\x00\x00\x00\x00\x00\x00\x1d\x0f\x0a\x00\x1f\x13\x0e\
\x14\x1b\x0c\x06\xc7\x1d\x0d\x05\xff\x1a\x0c\x04\xff\x1a\x0b\x03\
\xff\x1b\x0c\x04\xff\x1c\x0e\x05\xff\x1e\x0f\x05\xff\x1f\x0e\x04\
\xff\x1d\x0d\x06\xff\x18\x0b\x08\xd8\x15\x0d\x0a\x20\x16\x0c\x09\
\x00\x1c\x10\x0d\x00\x00\x00\x00\x00\x00\x00\x00\x00\x00\x00\x00\
\x00\x00\x00\x00\x00\x00\x00\x00\x00\x00\x00\x00\x00\x00\x00\x00\
\x00\x00\x00\x00\x00\x00\x00\x00\x00\x00\x00\x00\x00\x00\x00\x00\
\x00\x00\x00\x00\x00\x00\x00\x00\x00\x00\x00\x00\x00\x00\x00\x00\
\x00\x00\x00\x00\x00\x00\x00\x00\x00\x10\x0b\x0a\x00\x04\x04\x06\
\x04\x14\x08\x05\xaf\x17\x09\x04\xff\x14\x08\x03\xff\x17\x0a\x04\
\xff\x1b\x0c\x05\xff\x1e\x0d\x04\xff\x1c\x0e\x08\xff\x18\x0e\x0b\
\xa1\x11\x00\x04\x02\x17\x09\x09\x00\x00\x00\x00\x00\x00\x00\x00\
\x00\x00\x00\x00\x00\x00\x00\x00\x00\x00\x00\x00\x00\x00\x00\x00\
\x00\x21\x1d\x1c\x00\x09\x00\x00\x00\x13\x0b\x08\x00\x18\x09\x05\
\x00\x16\x0d\x0a\x0d\x17\x0b\x08\x47\x1a\x0b\x07\x97\x1c\x0c\x06\
\xd5\x1c\x0b\x06\xf6\x1b\x0b\x06\xff\x1c\x0b\x05\xff\x1d\x0b\x02\
\xff\x1c\x0a\x01\xff\x1c\x0a\x02\xff\x1c\x0a\x02\xff\x1d\x0a\x02\
\xff\x1e\x0a\x02\xff\x1f\x0b\x01\xff\x1e\x0b\x02\xff\x1d\x0a\x02\
\xff\x1b\x0b\x02\xff\x1a\x0a\x02\xff\x1b\x09\x02\xff\x1f\x0b\x01\
\xff\x22\x0d\x01\xff\x21\x0e\x04\xff\x1d\x0d\x06\xff\x16\x09\x04\
\xf2\x14\x09\x06\xc0\x12\x09\x06\x63\x0f\x08\x05\x10\x15\x09\x06\
\x00\x15\x15\x14\x00\x14\x0f\x0d\x00\x00\x00\x00\x00\x00\x00\x00\
\x00\x00\x00\x00\x00\x26\x23\x23\x00\x0f\x06\x01\x00\x15\x0c\x09\
\x4d\x14\x0b\x07\xf7\x14\x08\x04\xff\x16\x09\x04\xff\x1a\x0b\x04\
\xff\x1d\x0c\x05\xff\x1e\x0c\x04\xff\x1c\x0d\x06\xff\x1a\x0f\x0a\
\xa3\x1b\x15\x10\x06\x1c\x13\x0d\x00\xe4\x82\x22\x00\xe9\x87\x24\
\x09\xef\x80\x0d\xbb\xf2\x7b\x07\xff\xf7\x7a\x04\xff\xfa\x7b\x04\
\xff\xfb\x7d\x06\xff\xfc\x7d\x06\xff\xfb\x7d\x06\xff\xf9\x7d\x05\
\xff\xf9\x7d\x05\xff\xf9\x7d\x05\xff\xf9\x7d\x05\xff\xf7\x7c\x04\
\xff\xf5\x7c\x04\xff\xf7\x7d\x05\xff\xfa\x80\x08\xff\xfa\x82\x0c\
\xff\xf1\x83\x17\x71\xfc\x80\x05\x00\x00\x00\x00\x00\x1c\x10\x0a\
\x00\x1c\x11\x0a\x19\x17\x0d\x07\xcd\x16\x0a\x05\xff\x14\x0a\x04\
\xff\x12\x09\x03\xff\x16\x09\x03\xff\x1c\x0b\x04\xff\x1f\x0e\x07\
\xff\x1e\x10\x0b\xe1\x1a\x0e\x0c\x2a\x1a\x0d\x0b\x00\x1a\x13\x11\
\x00\x00\x00\x00\x00\x00\x00\x00\x00\x00\x00\x00\x00\x1a\x10\x0c\
\x00\x15\x0d\x0b\x0d\x1a\x0c\x06\xc4\x21\x10\x06\xff\x1e\x0f\x04\
\xff\x1a\x0d\x03\xff\x16\x0b\x02\xff\x15\x0a\x03\xff\x16\x0d\x07\
\xff\x19\x10\x0e\x95\xff\xff\xff\x00\x20\x14\x19\x00\x00\x00\x00\
\x00\x00\x00\x00\x00\x00\x00\x00\x00\x00\x00\x00\x00\x00\x00\x00\
\x00\x00\x00\x00\x00\x00\x00\x00\x00\x00\x00\x00\x00\x00\x00\x00\
\x00\x00\x00\x00\x00\x00\x00\x00\x00\x00\x00\x00\x00\x00\x00\x00\
\x00\x11\x01\x00\x00\x13\x07\x06\x00\x15\x0b\x0c\x27\x14\x08\x07\
\xd3\x16\x09\x05\xff\x1a\x0b\x04\xff\x1e\x0d\x05\xff\x21\x0f\x04\
\xff\x20\x0f\x04\xff\x19\x0c\x04\xff\x15\x0b\x07\xff\x15\x0c\x09\
\xa6\x16\x10\x0f\x0e\x17\x10\x0e\x00\x00\x00\x00\x00\x00\x00\x00\
\x00\x00\x00\x00\x00\x00\x00\x00\x00\x00\x00\x00\x00\x59\x59\x59\
\x00\x00\x00\x00\x00\x12\x0b\x09\x7f\x13\x0b\x07\xff\x15\x0a\x04\
\xff\x18\x0b\x04\xff\x1c\x0d\x05\xff\x1e\x0e\x04\xff\x1c\x0e\x07\
\xff\x17\x0c\x09\xd5\x10\x09\x09\x16\x14\x0c\x0b\x00\x00\x00\x00\
\x00\x00\x00\x00\x00\x00\x00\x00\x00\x00\x00\x00\x00\x00\x00\x00\
\x00\x00\x00\x00\x00\x00\x00\x00\x00\x00\x00\x00\x00\x00\x00\x00\
\x00\x55\x55\x55\x00\x0f\x08\x07\x00\x11\x0a\x09\x00\x15\x0e\x0e\
\x00\x59\x25\x54\x00\x3b\x15\x35\x00\x00\x00\x00\x00\x00\x00\x00\
\x00\x00\x00\x00\x00\x00\x00\x00\x00\x00\x00\x00\x00\x00\x00\x00\
\x00\x00\x00\x00\x00\x00\x00\x00\x00\x00\x00\x00\x00\x1c\x13\x12\
\x00\x1a\x1e\x34\x00\x10\x09\x07\x9a\x16\x0b\x07\xff\x1b\x0b\x04\
\xff\x20\x0d\x05\xff\x21\x0f\x05\xff\x22\x10\x04\xff\x1f\x0f\x04\
\xff\x15\x09\x03\xc5\x0d\x04\x03\x0c\x11\x07\x04\x00\x00\x00\x00\
\x00\x00\x00\x00\x00\x00\x00\x00\x00\x00\x00\x00\x00\x00\x00\x00\
\x00\x00\x00\x00\x00\x00\x00\x00\x00\x00\x00\x00\x00\x00\x00\x00\
\x00\x00\x00\x00\x00\x00\x00\x00\x00\x00\x00\x00\x00\x00\x00\x00\
\x00\x00\x00\x00\x00\x00\x00\x00\x00\x00\x00\x00\x00\x00\x00\x00\
\x00\x00\x00\x00\x00\x00\x00\x00\x00\x00\x00\x00\x00\x00\x00\x00\
\x00\x00\x00\x00\x00\x00\x00\x00\x00\x00\x00\x00\x00\x00\x00\x00\
\x00\x00\x00\x00\x00\x00\x00\x00\x00\x1b\x0b\x04\x00\x21\x10\x08\
\x5d\x20\x0d\x04\xfa\x1f\x0c\x01\xff\x1d\x0a\x00\xff\x1d\x0a\x00\
\xff\x1c\x0a\x00\xff\x1c\x0a\x00\xff\x1b\x0a\x00\xff\x1d\x0b\x00\
\xff\x1f\x0b\x01\xff\x1e\x0d\x07\xfd\x1c\x0d\x0a\x6e\x1a\x0a\x05\
\x00\x23\x19\x15\x00\x00\x00\x00\x00\x00\x00\x00\x00\x00\x00\x00\
\x00\x00\x00\x00\x00\x00\x00\x00\x00\x00\x00\x00\x00\x00\x00\x00\
\x00\x00\x00\x00\x00\x00\x00\x00\x00\x00\x00\x00\x00\x00\x00\x00\
\x00\x00\x00\x00\x00\x00\x00\x00\x00\x00\x00\x00\x00\x00\x00\x00\
\x00\x00\x00\x00\x00\x00\x00\x00\x00\x18\x08\x08\x00\x0c\x00\x03\
\x05\x1b\x08\x04\xad\x1c\x0a\x02\xff\x1a\x08\x00\xff\x1c\x09\x00\
\xff\x1d\x0a\x01\xff\x1e\x0a\x01\xff\x1a\x0b\x04\xff\x15\x0b\x08\
\x9e\x00\x00\x00\x02\x11\x06\x06\x00\x00\x00\x00\x00\x00\x00\x00\
\x00\x00\x00\x00\x00\x00\x00\x00\x00\x00\x00\x00\x00\x19\x0e\x0e\
\x00\x18\x0e\x0e\x00\x10\x07\x04\x00\x12\x0b\x08\x0f\x19\x0b\x07\
\x58\x1e\x0d\x06\xb9\x1f\x0d\x06\xf4\x1f\x0c\x03\xff\x1f\x0c\x03\
\xff\x1e\x0c\x02\xff\x1d\x0a\x01\xff\x1c\x0a\x01\xff\x1d\x0a\x01\
\xff\x1d\x0a\x01\xff\x1c\x0b\x01\xff\x1c\x0a\x01\xff\x1c\x09\x00\
\xff\x1c\x09\x00\xff\x1d\x0a\x01\xff\x1e\x0b\x01\xff\x1e\x0a\x00\
\xff\x1f\x0b\x01\xff\x1f\x0b\x01\xff\x1d\x0b\x00\xff\x1d\x0b\x00\
\xff\x1e\x0b\x01\xff\x1d\x0b\x02\xff\x1c\x0a\x02\xff\x19\x09\x01\
\xff\x16\x08\x02\xff\x14\x08\x04\xfb\x15\x09\x06\xb3\x15\x0a\x08\
\x30\x17\x03\x02\x00\x16\x12\x10\x00\x1a\x10\x10\x00\x00\x00\x00\
\x00\x00\x00\x00\x00\x4c\x51\x51\x00\x10\x0a\x05\x00\x10\x0c\x08\
\x0b\x13\x09\x05\xaf\x18\x0a\x04\xff\x1a\x09\x02\xff\x1c\x09\x01\
\xff\x1c\x09\x00\xff\x1e\x09\x01\xff\x1e\x0a\x02\xff\x1e\x0c\x06\
\xef\x1f\x0f\x0a\x42\x1e\x0d\x07\x00\xff\xaf\x3d\x00\xff\x52\x00\
\x00\xe9\x7d\x14\x73\xf7\x7b\x05\xfd\xfc\x7b\x01\xff\xfe\x7b\x00\
\xff\xfe\x7c\x00\xff\xfe\x7b\x01\xff\xfb\x7a\x02\xff\xfd\x7b\x01\
\xff\xfd\x7c\x01\xff\xfe\x7d\x02\xff\xfe\x7d\x02\xff\xfc\x7d\x01\
\xff\xf8\x7e\x01\xff\xfc\x7d\x02\xff\xf8\x7d\x03\xff\xf7\x7e\x06\
\xe6\xf1\x81\x13\x34\xf2\x7f\x0f\x00\x21\x0f\x14\x00\x1e\x0b\x00\
\x00\x1f\x0d\x07\x71\x1f\x0d\x05\xfd\x1c\x0a\x02\xff\x1b\x09\x01\
\xff\x18\x09\x00\xff\x18\x09\x01\xff\x1a\x09\x01\xff\x19\x0b\x05\
\xff\x17\x0b\x08\x86\x0f\x06\x16\x01\x1a\x0e\x0d\x00\x1b\x18\x17\
\x00\x00\x00\x00\x00\x00\x00\x00\x00\x00\x00\x00\x00\x1a\x0e\x0c\
\x00\x15\x0c\x0a\x0e\x1a\x0a\x06\xc1\x20\x0c\x03\xff\x20\x0b\x00\
\xff\x1e\x0b\x00\xff\x1c\x0a\x00\xff\x1a\x09\x00\xff\x15\x09\x03\
\xff\x13\x0d\x0b\x92\x00\x00\x00\x00\x14\x10\x11\x00\x00\x00\x00\
\x00\x00\x00\x00\x00\x00\x00\x00\x00\x00\x00\x00\x00\x00\x00\x00\
\x00\x00\x00\x00\x00\x00\x00\x00\x00\x00\x00\x00\x00\x00\x00\x00\
\x00\x00\x00\x00\x00\x00\x00\x00\x00\x00\x00\x00\x00\x1b\x0b\x0a\
\x00\x19\x09\x06\x00\x1a\x0a\x06\x0c\x19\x0a\x07\xa6\x17\x08\x04\
\xff\x19\x08\x01\xff\x1b\x09\x01\xff\x1d\x0a\x00\xff\x22\x0c\x00\
\xff\x25\x0e\x00\xff\x21\x0e\x04\xff\x19\x0b\x06\xcc\x13\x0a\x08\
\x22\x15\x0d\x0a\x00\x19\x12\x11\x00\x00\x00\x00\x00\x00\x00\x00\
\x00\x00\x00\x00\x00\x00\x00\x00\x00\x00\x00\x00\x00\x7e\x7c\x7b\
\x00\x15\x08\x03\x00\x14\x0b\x08\x7d\x18\x0a\x04\xff\x1a\x0a\x01\
\xff\x1c\x0b\x01\xff\x1c\x0a\x01\xff\x1b\x0a\x00\xff\x1b\x0b\x03\
\xff\x17\x0b\x07\xd1\x0f\x08\x07\x16\x12\x0a\x09\x00\x00\x00\x00\
\x00\x00\x00\x00\x00\x00\x00\x00\x00\x00\x00\x00\x00\x00\x00\x00\
\x00\x00\x00\x00\x00\x00\x00\x00\x00\x00\x00\x00\x00\x00\x00\x00\
\x00\x12\x08\x08\x00\x11\x09\x08\x00\x13\x0c\x0b\x07\x15\x0e\x0f\
\x17\x00\x00\x00\x00\x00\x00\x00\x00\x94\x94\x8f\x00\x00\x00\x00\
\x00\x00\x00\x00\x00\x00\x00\x00\x00\x00\x00\x00\x00\x00\x00\x00\
\x00\x00\x00\x00\x00\x00\x00\x00\x00\x00\x00\x00\x00\x1c\x18\x18\
\x00\x00\x1d\x35\x00\x0f\x08\x05\x99\x16\x0a\x04\xff\x19\x09\x00\
\xff\x1b\x0a\x01\xff\x1d\x0b\x00\xff\x20\x0c\x01\xff\x20\x0d\x02\
\xff\x18\x0a\x03\xc1\x0d\x06\x03\x0c\x12\x09\x05\x00\x00\x00\x00\
\x00\x00\x00\x00\x00\x00\x00\x00\x00\x00\x00\x00\x00\x00\x00\x00\
\x00\x00\x00\x00\x00\x00\x00\x00\x00\x00\x00\x00\x00\x00\x00\x00\
\x00\x00\x00\x00\x00\x00\x00\x00\x00\x00\x00\x00\x00\x00\x00\x00\
\x00\x00\x00\x00\x00\x00\x00\x00\x00\x00\x00\x00\x00\x00\x00\x00\
\x00\x00\x00\x00\x00\x00\x00\x00\x00\x00\x00\x00\x00\x00\x00\x00\
\x00\x00\x00\x00\x00\x00\x00\x00\x00\x00\x00\x00\x00\x00\x00\x00\
\x00\x2f\x2a\x29\x00\x1c\x10\x0c\x00\x1c\x10\x0c\x0f\x1e\x0d\x06\
\xbe\x21\x0d\x03\xff\x1f\x0c\x01\xff\x1f\x0b\x00\xff\x1d\x0a\x00\
\xff\x1c\x0a\x00\xff\x1c\x09\x01\xff\x1a\x08\x00\xff\x1b\x09\x00\
\xff\x1f\x0b\x01\xff\x20\x0c\x04\xff\x1e\x0d\x08\xcd\x19\x0c\x0a\
\x19\x19\x0c\x0a\x00\x19\x0c\x09\x00\x00\x00\x00\x00\x00\x00\x00\
\x00\x00\x00\x00\x00\x00\x00\x00\x00\x00\x00\x00\x00\x00\x00\x00\
\x00\x00\x00\x00\x00\x00\x00\x00\x00\x00\x00\x00\x00\x00\x00\x00\
\x00\x00\x00\x00\x00\x00\x00\x00\x00\x00\x00\x00\x00\x00\x00\x00\
\x00\x00\x00\x00\x00\x00\x00\x00\x00\x19\x0a\x0a\x00\x0b\x00\x05\
\x05\x1f\x08\x05\xad\x20\x0c\x03\xff\x1e\x0a\x00\xff\x1e\x0a\x00\
\xff\x1c\x09\x00\xff\x1b\x08\x00\xff\x17\x09\x04\xff\x11\x09\x06\
\x9e\x00\x00\x00\x02\x0e\x04\x04\x00\x00\x00\x00\x00\x00\x00\x00\
\x00\x00\x00\x00\x00\x00\x00\x00\x00\x14\x14\x14\x00\x19\x0e\x0e\
\x00\x1d\x0f\x10\x03\x11\x09\x08\x45\x10\x08\x05\xba\x19\x0a\x05\
\xf8\x21\x0d\x03\xff\x23\x0d\x02\xff\x21\x0c\x01\xff\x1c\x0b\x00\
\xff\x1b\x0b\x00\xff\x1c\x0a\x00\xff\x1c\x0a\x00\xff\x1d\x0b\x01\
\xff\x1e\x0b\x01\xff\x1e\x0b\x00\xff\x1f\x0b\x00\xff\x1e\x09\x00\
\xff\x1c\x09\x00\xff\x1b\x0a\x00\xff\x1c\x0a\x00\xff\x1e\x0b\x00\
\xff\x20\x0c\x00\xff\x22\x0c\x01\xff\x20\x0b\x00\xff\x1d\x0b\x00\
\xff\x1b\x0a\x01\xff\x1b\x09\x01\xff\x1b\x09\x00\xff\x1a\x09\x00\
\xff\x1a\x09\x01\xff\x19\x09\x01\xff\x1a\x0a\x05\xff\x1a\x0c\x08\
\xd6\x16\x0b\x08\x40\x12\x05\x01\x00\x34\x24\x28\x00\x87\x12\x11\
\x00\x00\x00\x00\x00\x33\x33\x33\x00\x11\x03\x00\x00\x16\x09\x05\
\x00\x15\x0a\x08\x46\x18\x0b\x06\xf0\x1c\x09\x02\xff\x1d\x09\x01\
\xff\x1c\x09\x01\xff\x1d\x0a\x00\xff\x1f\x0a\x00\xff\x22\x0c\x04\
\xff\x1f\x0e\x09\xad\x1e\x14\x10\x09\x1e\x11\x0d\x00\xe3\x7b\x19\
\x00\xdf\x79\x1b\x16\xf5\x7c\x08\xc6\xfc\x7c\x04\xff\xfb\x7a\x03\
\xff\xfc\x7a\x02\xff\xfd\x7a\x00\xff\xfc\x7a\x01\xff\xfe\x7d\x00\
\xff\xfe\x7d\x00\xff\xfe\x7e\x01\xff\xfe\x7e\x01\xff\xfe\x7e\x01\
\xff\xfc\x7e\x02\xff\xf8\x7f\x01\xff\xf5\x7c\x03\xff\xf1\x7a\x09\
\x90\xb5\x80\x64\x02\xe8\x84\x28\x00\x1f\x0d\x08\x00\x1f\x0e\x08\
\x1e\x22\x0e\x06\xd3\x22\x0e\x03\xff\x1e\x0b\x01\xff\x1c\x0a\x01\
\xff\x1a\x09\x00\xff\x18\x08\x00\xff\x16\x08\x02\xff\x14\x09\x05\
\xdd\x12\x09\x08\x28\x13\x09\x07\x00\x1c\x0d\x0b\x00\x00\x00\x00\
\x00\x00\x00\x00\x00\x00\x00\x00\x00\x00\x00\x00\x00\x1a\x0f\x0c\
\x00\x16\x0c\x0b\x0e\x16\x09\x06\xc3\x1c\x0a\x02\xff\x1d\x0a\x00\
\xff\x1d\x0a\x00\xff\x1d\x0b\x00\xff\x1d\x0a\x00\xff\x16\x09\x03\
\xff\x11\x0c\x0b\x92\x00\x00\x00\x00\x13\x0f\x10\x00\x00\x00\x00\
\x00\x00\x00\x00\x00\x00\x00\x00\x00\x00\x00\x00\x00\x00\x00\x00\
\x00\x00\x00\x00\x00\x00\x00\x00\x00\x00\x00\x00\x00\x00\x00\x00\
\x00\x00\x00\x00\x00\x00\x00\x00\x00\x1d\x0f\x08\x00\x19\x0b\x0a\
\x00\xff\x72\x00\x00\x1d\x0c\x07\x75\x1f\x0c\x05\xfb\x1d\x0a\x03\
\xff\x1b\x09\x01\xff\x1b\x0a\x01\xff\x1b\x09\x01\xff\x1d\x0a\x00\
\xff\x20\x0d\x02\xff\x20\x0e\x07\xea\x1e\x0d\x08\x46\x1c\x0d\x07\
\x00\x05\x0b\x00\x00\x00\x00\x00\x00\x00\x00\x00\x00\x00\x00\x00\
\x00\x00\x00\x00\x00\x00\x00\x00\x00\x00\x00\x00\x00\x00\x00\x00\
\x00\x1d\x0d\x08\x00\x19\x0d\x0a\x7b\x1d\x0c\x06\xff\x1d\x0b\x01\
\xff\x1d\x0b\x00\xff\x1b\x09\x01\xff\x19\x09\x00\xff\x1a\x0b\x02\
\xff\x14\x0a\x07\xd2\x0c\x07\x07\x16\x0f\x0a\x09\x00\x00\x00\x00\
\x00\x00\x00\x00\x00\x00\x00\x00\x00\x00\x00\x00\x00\x00\x00\x00\
\x00\x00\x00\x00\x00\x00\x00\x00\x00\x00\x00\x00\x00\x2e\x29\x26\
\x00\x1c\x15\x15\x00\x00\x00\x00\x00\x12\x0b\x09\x66\x13\x0b\x09\
\xb9\x19\x0d\x0e\x20\x13\x07\x06\x00\x00\x00\x00\x00\x00\x00\x00\
\x00\x00\x00\x00\x00\x00\x00\x00\x00\x00\x00\x00\x00\x00\x00\x00\
\x00\x00\x00\x00\x00\x00\x00\x00\x00\x00\x00\x00\x00\x23\x1f\x1e\
\x00\x00\x1a\x47\x00\x13\x09\x05\x99\x1a\x0b\x04\xff\x1b\x09\x00\
\xff\x1b\x08\x00\xff\x1b\x09\x00\xff\x1d\x09\x01\xff\x20\x0b\x02\
\xff\x19\x0a\x03\xc1\x0c\x09\x05\x0c\x11\x0c\x07\x00\x00\x00\x00\
\x00\x00\x00\x00\x00\x00\x00\x00\x00\x00\x00\x00\x00\x00\x00\x00\
\x00\x00\x00\x00\x00\x00\x00\x00\x00\x00\x00\x00\x00\x00\x00\x00\
\x00\x00\x00\x00\x00\x00\x00\x00\x00\x00\x00\x00\x00\x00\x00\x00\
\x00\x00\x00\x00\x00\x00\x00\x00\x00\x00\x00\x00\x00\x00\x00\x00\
\x00\x00\x00\x00\x00\x00\x00\x00\x00\x00\x00\x00\x00\x00\x00\x00\
\x00\x00\x00\x00\x00\x00\x00\x00\x00\x00\x00\x00\x00\x00\x00\x00\
\x00\x0a\x02\x00\x00\x15\x09\x04\x00\x16\x0c\x08\x52\x1a\x0b\x04\
\xf7\x1e\x0b\x01\xff\x1e\x0b\x01\xff\x1f\x0b\x00\xff\x1d\x0a\x00\
\xff\x1c\x0a\x00\xff\x1b\x08\x00\xff\x1a\x08\x01\xff\x1b\x08\x01\
\xff\x1e\x0a\x00\xff\x20\x0c\x02\xff\x1f\x0d\x05\xfc\x19\x0b\x07\
\x65\x1b\x0b\x07\x00\x17\x0a\x04\x00\x00\x00\x00\x00\x00\x00\x00\
\x00\x00\x00\x00\x00\x00\x00\x00\x00\x00\x00\x00\x00\x00\x00\x00\
\x00\x00\x00\x00\x00\x00\x00\x00\x00\x00\x00\x00\x00\x00\x00\x00\
\x00\x00\x00\x00\x00\x00\x00\x00\x00\x00\x00\x00\x00\x00\x00\x00\
\x00\x00\x00\x00\x00\x00\x00\x00\x00\x1a\x0a\x0a\x00\x0d\x00\x05\
\x05\x1f\x09\x06\xad\x21\x0d\x04\xff\x1f\x0b\x00\xff\x1e\x0a\x00\
\xff\x1c\x0a\x00\xff\x1c\x09\x01\xff\x17\x09\x04\xff\x10\x08\x05\
\x9e\x00\x00\x00\x02\x0c\x04\x04\x00\x00\x00\x00\x00\x00\x00\x00\
\x00\x00\x00\x00\x00\x00\x00\x00\x00\x10\x09\x09\x00\x17\x0b\x0b\
\x00\x15\x0b\x0b\x4d\x13\x0a\x08\xeb\x11\x08\x03\xff\x18\x09\x02\
\xff\x20\x0b\x00\xff\x22\x0c\x01\xff\x20\x0b\x01\xff\x1c\x0a\x01\
\xff\x1a\x0a\x01\xff\x1a\x0a\x00\xff\x1c\x0a\x00\xff\x20\x0c\x01\
\xff\x22\x0c\x01\xff\x23\x0d\x01\xff\x22\x0c\x01\xff\x1d\x0a\x01\
\xff\x18\x08\x01\xff\x17\x08\x02\xff\x18\x0a\x01\xff\x1c\x0b\x02\
\xff\x20\x0d\x01\xff\x23\x0d\x01\xff\x21\x0c\x01\xff\x1d\x0a\x01\
\xff\x1a\x09\x01\xff\x19\x09\x00\xff\x1a\x0a\x00\xff\x1b\x0a\x00\
\xff\x1c\x0a\x01\xff\x1d\x0b\x01\xff\x1f\x0b\x01\xff\x1e\x0c\x05\
\xff\x19\x0a\x07\xcf\x16\x09\x08\x25\x11\x07\x06\x00\x00\x00\x00\
\x00\xff\xff\x00\x00\x00\x00\x00\x00\x0f\x0c\x0c\x00\x17\x0e\x0c\
\x00\x16\x0f\x0d\x08\x15\x0a\x06\xa5\x1b\x0a\x03\xff\x1e\x0a\x01\
\xff\x1c\x0a\x00\xff\x1c\x0b\x00\xff\x1e\x0b\x00\xff\x22\x0b\x01\
\xff\x1f\x0d\x05\xf3\x19\x0e\x07\x4a\x19\x0d\x05\x00\x25\x00\x00\
\x00\xf8\x7d\x09\x00\xec\x7e\x14\x5e\xfa\x7c\x08\xfa\xfd\x7b\x03\
\xff\xfc\x7a\x03\xff\xfc\x7a\x02\xff\xfe\x7b\x00\xff\xfe\x7d\x00\
\xff\xff\x7e\x01\xff\xfe\x7e\x01\xff\xff\x7f\x02\xff\xfd\x81\x00\
\xff\xfe\x7f\x02\xff\xf9\x7f\x02\xff\xf4\x7e\x08\xe4\xed\x7e\x16\
\x30\xee\x7c\x11\x00\x0d\x03\x0f\x00\x1b\x10\x00\x00\x21\x0e\x07\
\x77\x22\x0f\x03\xfe\x23\x0d\x00\xff\x1f\x0b\x00\xff\x1c\x0a\x01\
\xff\x1b\x09\x02\xff\x17\x08\x01\xff\x14\x09\x03\xff\x11\x09\x06\
\x81\x60\x89\xa0\x00\x19\x14\x12\x00\x15\x15\x15\x00\x00\x00\x00\
\x00\x00\x00\x00\x00\x00\x00\x00\x00\x00\x00\x00\x00\x1a\x10\x0b\
\x00\x17\x0e\x0b\x0f\x13\x0a\x05\xc3\x18\x09\x01\xff\x1b\x0a\x01\
\xff\x1d\x0a\x01\xff\x1f\x0b\x00\xff\x21\x0b\x00\xff\x1a\x0b\x04\
\xff\x15\x0d\x0b\x92\x00\x00\x00\x00\x17\x12\x12\x00\x00\x00\x00\
\x00\x00\x00\x00\x00\x00\x00\x00\x00\x00\x00\x00\x00\x00\x00\x00\
\x00\x00\x00\x00\x00\x00\x00\x00\x00\x00\x00\x00\x00\x00\x00\x00\
\x00\x00\x00\x00\x00\x00\x00\x00\x00\x1d\x11\x05\x00\x1f\x0c\x07\
\x00\x1f\x0c\x08\x3f\x24\x0e\x07\xe7\x24\x0d\x03\xff\x21\x0b\x01\
\xff\x1e\x0a\x01\xff\x1b\x09\x01\xff\x18\x08\x01\xff\x16\x08\x01\
\xff\x17\x0a\x04\xfb\x17\x0c\x08\x76\x00\x00\x00\x00\x11\x07\x05\
\x00\x19\x0c\x0b\x00\x00\x00\x00\x00\x00\x00\x00\x00\x00\x00\x00\
\x00\x00\x00\x00\x00\x00\x00\x00\x00\x00\x00\x00\x00\x15\x0d\x0b\
\x00\x1e\x0e\x08\x00\x1a\x0e\x0b\x7a\x1d\x0d\x06\xff\x1d\x0b\x01\
\xff\x1c\x0b\x00\xff\x1a\x09\x00\xff\x1b\x09\x00\xff\x1a\x0a\x02\
\xff\x13\x09\x06\xd3\x0c\x07\x08\x17\x10\x0a\x09\x00\x00\x00\x00\
\x00\x00\x00\x00\x00\x00\x00\x00\x00\x00\x00\x00\x00\x00\x00\x00\
\x00\x00\x00\x00\x00\x00\x00\x00\x00\xff\xff\xff\x00\x0a\x00\x00\
\x00\x13\x0a\x08\x00\x12\x0a\x0a\x38\x12\x09\x06\xe0\x15\x09\x05\
\xff\x18\x0b\x07\x97\x1f\x13\x0e\x06\x1a\x0f\x0a\x00\x18\x10\x0b\
\x00\x00\x00\x00\x00\x00\x00\x00\x00\x00\x00\x00\x00\x00\x00\x00\
\x00\x00\x00\x00\x00\x00\x00\x00\x00\x00\x00\x00\x00\x2b\x27\x25\
\x00\x00\x25\x55\x00\x15\x0a\x06\x99\x1b\x0c\x05\xff\x1c\x09\x00\
\xff\x1b\x09\x00\xff\x1b\x09\x00\xff\x1c\x08\x00\xff\x1f\x0a\x01\
\xff\x19\x0a\x03\xc1\x0d\x09\x04\x0c\x12\x0b\x05\x00\x00\x00\x00\
\x00\x00\x00\x00\x00\x00\x00\x00\x00\x00\x00\x00\x00\x00\x00\x00\
\x00\x00\x00\x00\x00\x00\x00\x00\x00\x00\x00\x00\x00\x00\x00\x00\
\x00\x00\x00\x00\x00\x00\x00\x00\x00\x00\x00\x00\x00\x00\x00\x00\
\x00\x00\x00\x00\x00\x00\x00\x00\x00\x00\x00\x00\x00\x00\x00\x00\
\x00\x00\x00\x00\x00\x00\x00\x00\x00\x00\x00\x00\x00\x00\x00\x00\
\x00\x00\x00\x00\x00\x00\x00\x00\x00\x00\x00\x00\x00\x36\x30\x30\
\x00\x17\x0f\x0c\x00\x17\x11\x10\x09\x13\x09\x05\xb0\x17\x08\x02\
\xff\x1b\x08\x00\xff\x1d\x0a\x00\xff\x1f\x0b\x00\xff\x1e\x0b\x00\
\xff\x1c\x0a\x00\xff\x1b\x08\x00\xff\x1a\x08\x00\xff\x1b\x09\x00\
\xff\x1e\x0a\x00\xff\x20\x0b\x00\xff\x22\x0d\x03\xff\x1d\x0c\x07\
\xc5\x17\x0c\x09\x15\x18\x0c\x09\x00\x17\x14\x14\x00\x00\x00\x00\
\x00\x00\x00\x00\x00\x00\x00\x00\x00\x00\x00\x00\x00\x00\x00\x00\
\x00\x00\x00\x00\x00\x00\x00\x00\x00\x00\x00\x00\x00\x00\x00\x00\
\x00\x00\x00\x00\x00\x00\x00\x00\x00\x00\x00\x00\x00\x00\x00\x00\
\x00\x00\x00\x00\x00\x00\x00\x00\x00\x1b\x0a\x0a\x00\x0e\x00\x05\
\x05\x1f\x09\x05\xae\x20\x0d\x03\xff\x1f\x0b\x00\xff\x1e\x0a\x00\
\xff\x1c\x0a\x00\xff\x1c\x09\x01\xff\x17\x0a\x04\xff\x11\x08\x06\
\x9d\x00\x00\x00\x01\x0e\x04\x04\x00\x00\x00\x00\x00\x00\x00\x00\
\x00\x00\x00\x00\x00\x00\x00\x00\x00\x11\x0a\x0a\x00\x17\x0c\x0c\
\x00\x17\x0c\x0c\x2b\x14\x08\x07\xd6\x14\x08\x02\xff\x1a\x0a\x00\
\xff\x1e\x0c\x00\xff\x21\x0c\x01\xff\x20\x0b\x01\xff\x1e\x0b\x01\
\xff\x1b\x0b\x01\xff\x19\x09\x00\xff\x1c\x0a\x01\xff\x1f\x0c\x04\
\xff\x21\x0d\x04\xff\x22\x0e\x04\xff\x1f\x0e\x06\xff\x19\x0d\x06\
\xfa\x14\x09\x05\xf6\x13\x09\x05\xf4\x14\x0a\x05\xf4\x18\x0c\x06\
\xf4\x1d\x0f\x07\xf5\x1f\x0f\x07\xf8\x1e\x0e\x06\xfe\x1a\x0b\x04\
\xff\x16\x08\x02\xff\x17\x09\x01\xff\x19\x09\x00\xff\x1b\x09\x00\
\xff\x1c\x0a\x00\xff\x1e\x0b\x00\xff\x1f\x0b\x00\xff\x1d\x0a\x01\
\xff\x19\x09\x04\xff\x13\x08\x06\x95\x19\x13\x12\x05\x0d\x03\x08\
\x00\xff\xff\x00\x00\x00\x00\x00\x00\x00\x00\x00\x00\x1b\x0e\x0a\
\x00\x15\x09\x05\x00\x14\x0a\x06\x3d\x1c\x0c\x06\xeb\x20\x0c\x02\
\xff\x1d\x0b\x00\xff\x1d\x0a\x00\xff\x1d\x0b\x00\xff\x20\x0b\x00\
\xff\x1e\x0c\x02\xff\x17\x0c\x05\xb6\x16\x10\x0c\x0e\x18\x10\x0c\
\x00\xdd\x7f\x26\x00\xd7\x80\x2d\x11\xef\x7c\x10\xc0\xfc\x7b\x02\
\xff\xfe\x7b\x01\xff\xfb\x7a\x02\xff\xfe\x7c\x01\xff\xff\x7e\x00\
\xff\xff\x7e\x00\xff\xfe\x7f\x00\xff\xfe\x7f\x01\xff\xfb\x81\x02\
\xff\xfe\x82\x03\xff\xfb\x7f\x0b\xff\xed\x7e\x14\x8a\x72\x93\x89\
\x01\xe1\x8a\x2f\x00\x15\x07\x07\x00\x19\x0b\x0c\x29\x1c\x0b\x08\
\xdc\x20\x0e\x02\xff\x21\x0d\x00\xff\x20\x0c\x00\xff\x1f\x0b\x01\
\xff\x1e\x0b\x01\xff\x1c\x0b\x03\xff\x17\x0c\x07\xd8\x14\x0e\x0c\
\x24\x12\x0b\x08\x00\x00\x00\x00\x00\x00\x00\x00\x00\x00\x00\x00\
\x00\x00\x00\x00\x00\x00\x00\x00\x00\x00\x00\x00\x00\x18\x0f\x0c\
\x00\x15\x0e\x0c\x0e\x15\x0a\x05\xc2\x19\x09\x02\xff\x1c\x09\x01\
\xff\x1e\x0a\x01\xff\x20\x0b\x00\xff\x23\x0c\x01\xff\x1e\x0d\x04\
\xff\x18\x0f\x0b\x91\x00\x00\x00\x00\x18\x11\x11\x00\x00\x00\x00\
\x00\x00\x00\x00\x00\x00\x00\x00\x00\x00\x00\x00\x00\x00\x00\x00\
\x00\x00\x00\x00\x00\x00\x00\x00\x00\x00\x00\x00\x00\x00\x00\x00\
\x00\x00\x00\x00\x00\x15\x0a\x08\x00\x1a\x0d\x07\x00\x19\x0c\x06\
\x1c\x21\x0d\x06\xc4\x26\x0d\x03\xff\x23\x0c\x00\xff\x22\x0c\x00\
\xff\x20\x0b\x00\xff\x1d\x0a\x00\xff\x19\x08\x02\xff\x14\x07\x03\
\xff\x12\x09\x07\xa7\x0f\x0b\x0a\x0c\x11\x09\x07\x00\x12\x06\x04\
\x00\x00\x00\x00\x00\x00\x00\x00\x00\x00\x00\x00\x00\x00\x00\x00\
\x00\x00\x00\x00\x00\x00\x00\x00\x00\x00\x00\x00\x00\x15\x0d\x09\
\x00\x1d\x0d\x08\x00\x1a\x0e\x0a\x7a\x1d\x0c\x06\xff\x1d\x0b\x01\
\xff\x1c\x0b\x00\xff\x1a\x09\x01\xff\x1c\x09\x01\xff\x1b\x0a\x02\
\xff\x12\x09\x06\xd3\x0b\x09\x09\x17\x0e\x0b\x0b\x00\x00\x00\x00\
\x00\x00\x00\x00\x00\x00\x00\x00\x00\x00\x00\x00\x00\x00\x00\x00\
\x00\x00\x00\x00\x00\x00\x00\x00\x00\x16\x0d\x04\x00\x14\x0b\x06\
\x00\x11\x09\x07\x19\x13\x09\x06\xbe\x15\x09\x03\xff\x1a\x09\x01\
\xff\x1e\x0c\x05\xf4\x1b\x0e\x09\x5f\x15\x00\x00\x00\x1e\x16\x12\
\x00\x25\x10\x10\x00\x00\x00\x00\x00\x00\x00\x00\x00\x00\x00\x00\
\x00\x00\x00\x00\x00\x00\x00\x00\x00\x00\x00\x00\x00\x1d\x1a\x18\
\x00\x00\x12\x26\x01\x16\x0c\x07\x9b\x1c\x0d\x04\xff\x1d\x0a\x00\
\xff\x1c\x09\x00\xff\x1a\x0a\x00\xff\x1c\x09\x01\xff\x1e\x0a\x01\
\xff\x18\x0a\x03\xc2\x0b\x06\x03\x0c\x10\x08\x05\x00\x00\x00\x00\
\x00\x00\x00\x00\x00\x00\x00\x00\x00\x00\x00\x00\x00\x00\x00\x00\
\x00\x00\x00\x00\x00\x00\x00\x00\x00\x00\x00\x00\x00\x00\x00\x00\
\x00\x00\x00\x00\x00\x00\x00\x00\x00\x00\x00\x00\x00\x00\x00\x00\
\x00\x00\x00\x00\x00\x00\x00\x00\x00\x00\x00\x00\x00\x00\x00\x00\
\x00\x00\x00\x00\x00\x00\x00\x00\x00\x00\x00\x00\x00\x00\x00\x00\
\x00\x00\x00\x00\x00\x00\x00\x00\x00\x00\x00\x00\x00\x0a\x00\x00\
\x00\x15\x0a\x06\x00\x18\x0e\x0a\x44\x14\x09\x05\xf1\x17\x08\x01\
\xff\x1a\x08\x00\xff\x1c\x09\x01\xff\x1e\x0a\x00\xff\x1d\x0a\x00\
\xff\x1c\x0a\x01\xff\x1c\x09\x01\xff\x1d\x0a\x00\xff\x1c\x0b\x00\
\xff\x1d\x0a\x00\xff\x20\x0b\x00\xff\x22\x0b\x00\xff\x1d\x0b\x05\
\xfa\x14\x0b\x08\x5f\x17\x08\x04\x00\x00\x00\x00\x00\x00\x00\x00\
\x00\x00\x00\x00\x00\x00\x00\x00\x00\x00\x00\x00\x00\x00\x00\x00\
\x00\x00\x00\x00\x00\x00\x00\x00\x00\x00\x00\x00\x00\x00\x00\x00\
\x00\x00\x00\x00\x00\x00\x00\x00\x00\x00\x00\x00\x00\x00\x00\x00\
\x00\x00\x00\x00\x00\x00\x00\x00\x00\x19\x0b\x0a\x00\x0d\x02\x06\
\x05\x1e\x08\x05\xae\x1f\x0c\x03\xff\x1f\x0b\x00\xff\x1f\x0b\x00\
\xff\x1d\x0a\x00\xff\x1c\x09\x01\xff\x18\x0a\x04\xff\x12\x0a\x07\
\x9c\x00\x00\x09\x01\x0f\x08\x08\x00\x00\x00\x00\x00\x00\x00\x00\
\x00\x00\x00\x00\x00\x00\x00\x00\x00\x11\x0b\x0b\x00\x34\x30\x30\
\x00\x0b\x00\x00\x00\x16\x0a\x08\x53\x18\x0a\x05\xf1\x1e\x0b\x02\
\xff\x1c\x0b\x01\xff\x1d\x0b\x01\xff\x20\x0c\x01\xff\x21\x0d\x01\
\xff\x1e\x0d\x02\xff\x1a\x0c\x04\xff\x1a\x0b\x03\xf6\x1c\x0c\x06\
\xdb\x1f\x0d\x07\xb5\x1e\x0d\x07\x8d\x1d\x10\x0a\x6c\x14\x0d\x07\
\x53\x11\x0b\x08\x44\x12\x0c\x09\x3e\x15\x0d\x0a\x3c\x18\x0f\x0c\
\x3c\x1b\x11\x0c\x41\x1a\x0f\x0b\x4d\x1a\x0f\x09\x63\x17\x0b\x06\
\x8b\x14\x09\x05\xc2\x15\x08\x03\xf2\x19\x09\x02\xff\x1c\x0a\x00\
\xff\x1d\x0b\x00\xff\x1d\x0a\x00\xff\x1d\x0a\x00\xff\x1c\x09\x01\
\xff\x17\x08\x02\xff\x10\x07\x04\xe7\x0f\x09\x07\x32\x07\x03\x05\
\x00\x56\x34\x16\x00\x00\x00\x00\x00\x00\x00\x00\x00\x15\x0b\x0b\
\x00\x1c\x10\x0d\x00\x18\x10\x11\x04\x1e\x0d\x08\x98\x22\x0d\x04\
\xff\x1e\x0b\x00\xff\x1d\x0a\x01\xff\x1d\x0b\x01\xff\x1d\x0a\x00\
\xff\x1a\x09\x01\xff\x14\x09\x03\xf9\x14\x0a\x07\x5c\x11\x05\x01\
\x00\xf6\x5c\x00\x00\xe8\x76\x0f\x00\xe3\x7a\x1a\x56\xef\x78\x09\
\xf8\xfd\x7b\x00\xff\xfb\x7c\x01\xff\xfe\x7e\x00\xff\xff\x7e\x00\
\xff\xff\x7e\x00\xff\xfe\x7f\x00\xff\xfe\x80\x00\xff\xfe\x81\x04\
\xff\xfe\x83\x07\xff\xf5\x84\x10\xde\xe0\x82\x23\x29\xe4\x83\x1f\
\x00\x17\x10\x15\x00\x3b\x33\x35\x02\x16\x09\x08\x8e\x16\x09\x04\
\xff\x1e\x0b\x01\xff\x1e\x0c\x00\xff\x1f\x0c\x00\xff\x21\x0c\x00\
\xff\x23\x0d\x01\xff\x21\x0d\x05\xff\x1c\x0e\x0a\x78\x15\x00\x00\
\x00\x23\x1d\x1a\x00\x34\x34\x34\x00\x00\x00\x00\x00\x00\x00\x00\
\x00\x00\x00\x00\x00\x00\x00\x00\x00\x00\x00\x00\x00\x18\x0e\x0d\
\x00\x14\x0c\x0c\x0d\x18\x09\x06\xc1\x1d\x0a\x02\xff\x1d\x08\x01\
\xff\x1e\x09\x01\xff\x20\x0b\x00\xff\x22\x0c\x00\xff\x1f\x0e\x05\
\xff\x1a\x10\x0c\x8f\x0d\x00\x00\x00\x17\x14\x14\x00\x00\x00\x00\
\x00\x00\x00\x00\x00\x00\x00\x00\x00\x00\x00\x00\x00\x00\x00\x00\
\x00\x00\x00\x00\x00\x00\x00\x00\x00\x00\x00\x00\x00\x00\x00\x00\
\x00\x1a\x0b\x08\x00\x16\x0a\x08\x00\x13\x08\x09\x06\x1e\x0e\x08\
\x93\x23\x0f\x05\xff\x24\x0d\x02\xff\x21\x0b\x00\xff\x21\x0c\x00\
\xff\x20\x0d\x00\xff\x21\x0d\x00\xff\x1d\x0a\x03\xff\x17\x08\x05\
\xd3\x14\x0a\x08\x28\x0f\x04\x01\x00\x00\x00\x00\x00\x10\x05\x05\
\x00\x00\x00\x00\x00\x00\x00\x00\x00\x00\x00\x00\x00\x00\x00\x00\
\x00\x00\x00\x00\x00\x00\x00\x00\x00\x00\x00\x00\x00\x15\x0d\x0a\
\x00\x1b\x0b\x07\x00\x19\x0d\x0a\x7a\x1c\x0b\x05\xff\x1c\x0a\x01\
\xff\x1c\x0b\x00\xff\x1b\x0a\x01\xff\x1c\x09\x01\xff\x1b\x0a\x03\
\xff\x12\x0a\x06\xd2\x0b\x08\x07\x17\x0e\x0a\x09\x00\x00\x00\x00\
\x00\x00\x00\x00\x00\x00\x00\x00\x00\x00\x00\x00\x00\x00\x00\x00\
\x00\x00\x00\x00\x00\x18\x0d\x07\x00\x14\x0c\x04\x00\x13\x0e\x05\
\x06\x14\x0a\x05\x90\x16\x0a\x04\xff\x19\x09\x01\xff\x20\x0a\x01\
\xff\x22\x0c\x03\xff\x19\x0c\x06\xde\x11\x09\x07\x33\x10\x09\x05\
\x00\x00\x0b\x02\x00\x55\x00\x00\x00\x00\x00\x00\x00\x00\x00\x00\
\x00\x00\x00\x00\x00\x00\x00\x00\x00\x00\x00\x00\x00\x24\x20\x1f\
\x00\x15\x27\x36\x01\x17\x0c\x07\x9d\x1d\x0d\x04\xff\x1e\x0a\x00\
\xff\x1d\x0a\x00\xff\x1b\x0a\x00\xff\x1c\x0a\x01\xff\x1d\x0b\x01\
\xff\x15\x09\x02\xc2\x08\x05\x03\x0d\x0d\x08\x04\x00\x00\x00\x00\
\x00\x00\x00\x00\x00\x00\x00\x00\x00\x00\x00\x00\x00\x00\x00\x00\
\x00\x00\x00\x00\x00\x00\x00\x00\x00\x00\x00\x00\x00\x00\x00\x00\
\x00\x00\x00\x00\x00\x00\x00\x00\x00\x00\x00\x00\x00\x00\x00\x00\
\x00\x00\x00\x00\x00\x00\x00\x00\x00\x00\x00\x00\x00\x00\x00\x00\
\x00\x00\x00\x00\x00\x00\x00\x00\x00\x00\x00\x00\x00\x00\x00\x00\
\x00\x00\x00\x00\x00\x00\x00\x00\x00\x18\x0c\x0c\x00\x1f\x15\x0f\
\x00\x21\x19\x14\x06\x1d\x0e\x08\xa5\x1b\x0c\x04\xff\x1a\x09\x00\
\xff\x1b\x08\x00\xff\x1b\x08\x01\xff\x1b\x09\x01\xff\x1b\x09\x02\
\xff\x1a\x0a\x04\xfa\x1e\x0b\x03\xf7\x22\x0c\x01\xff\x1f\x0c\x00\
\xff\x1c\x09\x01\xff\x1d\x09\x01\xff\x1d\x09\x00\xff\x17\x09\x04\
\xff\x12\x07\x05\xbf\x0e\x06\x07\x12\x10\x07\x07\x00\x19\x0c\x0a\
\x00\x00\x00\x00\x00\x00\x00\x00\x00\x00\x00\x00\x00\x00\x00\x00\
\x00\x00\x00\x00\x00\x00\x00\x00\x00\x00\x00\x00\x00\x00\x00\x00\
\x00\x00\x00\x00\x00\x00\x00\x00\x00\x00\x00\x00\x00\x00\x00\x00\
\x00\x00\x00\x00\x00\x00\x00\x00\x00\x17\x0a\x0a\x00\x0b\x02\x06\
\x05\x1c\x08\x05\xae\x1d\x0b\x02\xff\x1c\x0a\x00\xff\x1d\x0a\x00\
\xff\x1d\x0b\x00\xff\x1c\x0a\x00\xff\x19\x0a\x04\xff\x13\x0b\x08\
\x9a\x00\x00\x05\x01\x0d\x07\x07\x00\x00\x00\x00\x00\x00\x00\x00\
\x00\x00\x00\x00\x00\x00\x00\x00\x00\x00\x00\x00\x00\x1c\x13\x13\
\x00\x19\x0d\x0c\x00\x15\x0d\x11\x03\x1c\x0d\x08\x82\x21\x0d\x05\
\xfd\x1b\x0a\x02\xff\x19\x09\x01\xff\x1c\x0b\x03\xff\x1e\x0e\x05\
\xfb\x1d\x0e\x07\xd1\x1a\x0e\x09\x8b\x18\x0c\x07\x48\x1b\x0e\x0a\
\x1e\x24\x17\x16\x07\x19\x02\x00\x00\x1a\x0d\x05\x00\x14\x0b\x06\
\x00\x11\x0a\x07\x00\x12\x0b\x09\x00\x15\x0d\x0a\x00\x19\x0f\x0b\
\x00\x1b\x10\x0b\x00\x1a\x0e\x0a\x00\x19\x0d\x07\x00\x0b\x00\x00\
\x00\x18\x11\x0e\x0e\x15\x0a\x07\x47\x19\x0a\x06\xc3\x1c\x0b\x03\
\xff\x20\x0b\x01\xff\x1f\x0b\x00\xff\x1d\x0a\x00\xff\x1e\x09\x01\
\xff\x17\x08\x01\xff\x0e\x09\x04\xff\x0d\x08\x06\x6e\x00\x00\x00\
\x00\x48\x2a\x2b\x00\x00\x00\x00\x00\x00\x00\x00\x00\x00\x00\x00\
\x00\x14\x07\x04\x00\x19\x0a\x07\x00\x1a\x0c\x09\x33\x1f\x0b\x06\
\xe5\x21\x0c\x02\xff\x1e\x0b\x00\xff\x1e\x0a\x01\xff\x1d\x09\x01\
\xff\x19\x09\x01\xff\x15\x08\x01\xff\x16\x0a\x05\xc5\x1e\x11\x0d\
\x14\x1c\x0f\x0c\x00\xe2\x7f\x26\x00\xdb\x7f\x2c\x0d\xeb\x79\x0f\
\xb4\xfa\x7a\x04\xff\xfc\x7c\x02\xff\xfe\x7e\x00\xff\xfe\x7d\x00\
\xff\xfe\x7d\x01\xff\xfd\x7e\x01\xff\xfd\x80\x00\xff\xfc\x82\x02\
\xff\xfb\x82\x0a\xff\xf0\x81\x18\x7f\xff\x65\x00\x00\xe5\x9a\x36\
\x00\x18\x0c\x09\x00\x19\x0e\x0c\x31\x14\x09\x05\xe5\x16\x08\x01\
\xff\x1c\x09\x01\xff\x1b\x09\x01\xff\x1e\x0b\x01\xff\x20\x0d\x01\
\xff\x23\x0f\x02\xff\x20\x0e\x07\xcf\x1d\x10\x0c\x1d\x1d\x10\x0b\
\x00\x1b\x13\x11\x00\x00\x00\x00\x00\x00\x00\x00\x00\x00\x00\x00\
\x00\x00\x00\x00\x00\x00\x00\x00\x00\x00\x00\x00\x00\x17\x0e\x0c\
\x00\x11\x0b\x0b\x0d\x19\x0a\x06\xc1\x20\x0c\x02\xff\x1d\x0a\x00\
\xff\x1d\x0a\x00\xff\x1f\x0b\x00\xff\x20\x0b\x00\xff\x1d\x0d\x05\
\xff\x19\x0f\x0c\x8d\x01\x00\x00\x00\x19\x12\x12\x00\x00\x00\x00\
\x00\x00\x00\x00\x00\x00\x00\x00\x00\x00\x00\x00\x00\x00\x00\x00\
\x00\x00\x00\x00\x00\x00\x00\x00\x00\x00\x00\x00\x00\x18\x09\x00\
\x00\x1a\x0a\x09\x00\x13\x07\x00\x00\x16\x0a\x07\x60\x1d\x0c\x06\
\xf5\x23\x0d\x02\xff\x23\x0c\x00\xff\x20\x0b\x00\xff\x20\x0b\x00\
\xff\x22\x0c\x01\xff\x25\x0f\x03\xff\x1f\x0e\x07\xea\x18\x0a\x07\
\x4a\x16\x08\x04\x00\x40\x37\x37\x00\x51\x4e\x4e\x00\x00\x00\x00\
\x00\x00\x00\x00\x00\x00\x00\x00\x00\x00\x00\x00\x00\x00\x00\x00\
\x00\x00\x00\x00\x00\x00\x00\x00\x00\x00\x00\x00\x00\x13\x0d\x0c\
\x00\x19\x0b\x06\x00\x17\x0d\x0a\x7a\x19\x0b\x05\xff\x1c\x09\x01\
\xff\x1d\x0a\x00\xff\x1c\x0a\x00\xff\x1c\x08\x00\xff\x19\x0a\x03\
\xff\x14\x0a\x07\xd2\x0e\x08\x07\x16\x11\x0a\x09\x00\x00\x00\x00\
\x00\x00\x00\x00\x00\x00\x00\x00\x00\x00\x00\x00\x00\x00\x00\x00\
\x00\x1e\x0c\x0c\x00\x16\x0c\x05\x00\x28\x12\x0b\x00\x1a\x0b\x05\
\x5e\x1e\x0e\x05\xf4\x1c\x0b\x01\xff\x1d\x0a\x01\xff\x1f\x0a\x01\
\xff\x1e\x0b\x01\xff\x18\x0a\x03\xff\x12\x07\x04\xb5\x15\x0b\x09\
\x13\x12\x0d\x09\x00\x03\x12\x0c\x00\x80\x00\x00\x00\x00\x00\x00\
\x00\x00\x00\x00\x00\x00\x00\x00\x00\x00\x00\x00\x00\x22\x1d\x1d\
\x00\x33\x2d\x40\x01\x16\x0b\x07\x9e\x1b\x0c\x04\xff\x1e\x0a\x00\
\xff\x1c\x0a\x00\xff\x1e\x0b\x00\xff\x1c\x0a\x01\xff\x1d\x0b\x01\
\xff\x14\x09\x02\xc2\x08\x06\x05\x0d\x0e\x09\x06\x00\x00\x00\x00\
\x00\x00\x00\x00\x00\x00\x00\x00\x00\x00\x00\x00\x00\x00\x00\x00\
\x00\x00\x00\x00\x00\x00\x00\x00\x00\x00\x00\x00\x00\x00\x00\x00\
\x00\x00\x00\x00\x00\x00\x00\x00\x00\x00\x00\x00\x00\x00\x00\x00\
\x00\x00\x00\x00\x00\x00\x00\x00\x00\x00\x00\x00\x00\x00\x00\x00\
\x00\x00\x00\x00\x00\x00\x00\x00\x00\x00\x00\x00\x00\x00\x00\x00\
\x00\x00\x00\x00\x00\x00\x00\x00\x00\x1e\x12\x0f\x00\x1d\x10\x0c\
\x00\x1e\x11\x0d\x3d\x20\x0e\x07\xee\x1f\x0c\x02\xff\x1c\x0b\x00\
\xff\x1c\x0a\x00\xff\x1b\x09\x00\xff\x1b\x0a\x00\xff\x1b\x0a\x03\
\xff\x16\x0a\x05\xba\x1e\x0c\x07\x9e\x22\x0d\x04\xff\x1f\x0b\x00\
\xff\x1c\x09\x01\xff\x1b\x08\x01\xff\x1b\x08\x01\xff\x19\x09\x02\
\xff\x17\x09\x05\xf8\x14\x08\x07\x5a\x11\x05\x03\x00\x2e\x18\x2d\
\x00\x00\x00\x00\x00\x00\x00\x00\x00\x00\x00\x00\x00\x00\x00\x00\
\x00\x00\x00\x00\x00\x00\x00\x00\x00\x00\x00\x00\x00\x00\x00\x00\
\x00\x00\x00\x00\x00\x00\x00\x00\x00\x00\x00\x00\x00\x00\x00\x00\
\x00\x00\x00\x00\x00\x00\x00\x00\x00\x17\x0a\x0a\x00\x0b\x01\x07\
\x05\x1c\x08\x05\xae\x1c\x0a\x02\xff\x1c\x0a\x00\xff\x1c\x0a\x00\
\xff\x1c\x0a\x00\xff\x1d\x0b\x00\xff\x19\x0b\x04\xff\x14\x0b\x08\
\x9a\x00\x00\x04\x01\x0c\x07\x07\x00\x00\x00\x00\x00\x00\x00\x00\
\x00\x00\x00\x00\x00\x00\x00\x00\x00\x00\x00\x00\x00\xff\xff\xff\
\x00\x19\x0c\x0a\x00\x1c\x0e\x0a\x00\x1e\x10\x0b\x11\x1c\x0d\x06\
\xb5\x1a\x0b\x04\xff\x15\x08\x03\xfd\x15\x09\x04\xc8\x17\x0b\x07\
\x63\x1b\x0e\x09\x19\x15\x00\x00\x00\x18\x0b\x06\x00\x1b\x0e\x09\
\x00\x1d\x10\x0d\x00\x26\x17\x12\x00\x21\x12\x11\x00\x1a\x07\x06\
\x00\x00\x00\x00\x00\x00\x00\x00\x00\x00\x00\x00\x00\x00\x00\x00\
\x00\x00\x00\x00\x00\x1b\x0d\x0c\x00\x0c\x00\x03\x00\x21\x1a\x0f\
\x00\x17\x0e\x0b\x00\x12\x04\x00\x00\x1c\x0e\x0c\x2d\x1b\x0b\x07\
\xdb\x1f\x0c\x03\xff\x1f\x0b\x00\xff\x1d\x0b\x00\xff\x1c\x09\x01\
\xff\x19\x08\x01\xff\x16\x09\x04\xff\x16\x0a\x08\x9b\x2b\x2a\x2a\
\x02\x19\x10\x0e\x00\x00\x00\x00\x00\x00\x00\x00\x00\x00\x00\x00\
\x00\x2f\x24\x24\x00\x19\x0b\x0a\x00\x09\x00\x0a\x02\x1b\x0a\x06\
\x8d\x1f\x0d\x05\xff\x1d\x0b\x01\xff\x1d\x09\x01\xff\x1c\x09\x01\
\xff\x1a\x09\x01\xff\x19\x09\x01\xff\x1d\x0c\x04\xfc\x20\x0f\x08\
\x68\x1d\x0c\x04\x00\xff\xba\x19\x00\xee\x76\x13\x00\xe7\x76\x17\
\x48\xf3\x78\x09\xf2\xfb\x7b\x01\xff\xfe\x7b\x01\xff\xfe\x7d\x00\
\xff\xfe\x7d\x01\xff\xfd\x7e\x01\xff\xfc\x80\x01\xff\xf7\x80\x02\
\xff\xf5\x80\x08\xda\xe7\x80\x1a\x24\xe9\x80\x17\x00\x1c\x13\x11\
\x00\x2c\x2f\x2c\x02\x1c\x0c\x08\x91\x1a\x09\x03\xff\x19\x08\x01\
\xff\x1b\x08\x01\xff\x1a\x09\x00\xff\x1c\x09\x00\xff\x1f\x0c\x02\
\xff\x22\x0e\x04\xfb\x1d\x0d\x07\x68\x22\x08\x00\x00\x1f\x24\x1d\
\x00\xff\xff\xff\x00\x00\x00\x00\x00\x00\x00\x00\x00\x00\x00\x00\
\x00\x00\x00\x00\x00\x00\x00\x00\x00\x00\x00\x00\x00\x19\x0f\x0d\
\x00\x13\x0b\x0b\x0d\x1b\x0b\x06\xc0\x22\x0d\x02\xff\x1e\x0b\x00\
\xff\x1c\x0a\x00\xff\x1d\x0b\x00\xff\x1b\x0a\x00\xff\x18\x0a\x04\
\xff\x18\x0e\x0d\x8e\x00\x00\x00\x00\x1e\x18\x19\x00\xff\xff\xff\
\x00\x00\x00\x00\x00\x00\x00\x00\x00\x00\x00\x00\x00\x00\x00\x00\
\x00\x00\x00\x00\x00\x00\x00\x00\x00\x80\x80\x80\x00\x0d\x01\x00\
\x00\x14\x09\x04\x00\x13\x08\x04\x30\x15\x09\x04\xdd\x1b\x0a\x03\
\xff\x20\x0b\x01\xff\x20\x0c\x00\xff\x1d\x0b\x00\xff\x1c\x0a\x00\
\xff\x1d\x0b\x01\xff\x20\x0e\x04\xfb\x1f\x10\x09\x74\xff\x00\x00\
\x00\x1c\x10\x0e\x00\x1a\x0e\x0e\x00\x00\x00\x00\x00\x00\x00\x00\
\x00\x00\x00\x00\x00\x00\x00\x00\x00\x00\x00\x00\x00\x00\x00\x00\
\x00\x00\x00\x00\x00\x00\x00\x00\x00\x00\x00\x00\x00\x13\x0d\x0d\
\x00\x18\x0b\x05\x00\x17\x0d\x0b\x7a\x19\x0b\x05\xff\x1c\x09\x01\
\xff\x1d\x0a\x00\xff\x1d\x0a\x00\xff\x1c\x09\x00\xff\x18\x0a\x03\
\xff\x15\x0b\x07\xd2\x0f\x09\x07\x16\x11\x0b\x09\x00\x00\x00\x00\
\x00\x00\x00\x00\x00\x00\x00\x00\x00\x00\x00\x00\x00\x24\x18\x18\
\x00\x0e\x04\x01\x00\x17\x0a\x06\x00\x18\x0a\x07\x32\x1f\x0d\x07\
\xdc\x22\x0e\x03\xff\x1f\x0c\x00\xff\x1f\x0b\x00\xff\x1e\x0a\x00\
\xff\x1c\x09\x01\xff\x18\x08\x02\xff\x13\x08\x04\xfd\x11\x09\x05\
\x7e\x2a\x2c\x29\x01\x14\x13\x0d\x00\x15\x17\x12\x00\x00\x00\x00\
\x00\x00\x00\x00\x00\x00\x00\x00\x00\x00\x00\x00\x00\x1f\x1a\x1a\
\x00\x31\x29\x38\x01\x16\x0a\x07\x9e\x1a\x0b\x04\xff\x1d\x0a\x00\
\xff\x1d\x0b\x00\xff\x1e\x0b\x00\xff\x1c\x0a\x00\xff\x1c\x0b\x01\
\xff\x14\x08\x02\xc2\x08\x04\x04\x0d\x0e\x08\x05\x00\x00\x00\x00\
\x00\x00\x00\x00\x00\x00\x00\x00\x00\x00\x00\x00\x00\x00\x00\x00\
\x00\x00\x00\x00\x00\x00\x00\x00\x00\x00\x00\x00\x00\x00\x00\x00\
\x00\x00\x00\x00\x00\x00\x00\x00\x00\x00\x00\x00\x00\x00\x00\x00\
\x00\x00\x00\x00\x00\x00\x00\x00\x00\x00\x00\x00\x00\x00\x00\x00\
\x00\x00\x00\x00\x00\x00\x00\x00\x00\x00\x00\x00\x00\x00\x00\x00\
\x00\x00\x00\x00\x00\x1d\x1a\x18\x00\x1e\x12\x0f\x00\x22\x19\x18\
\x04\x1b\x0c\x09\x9c\x1f\x0b\x04\xff\x20\x0b\x00\xff\x1d\x0b\x00\
\xff\x1c\x0b\x00\xff\x1b\x09\x00\xff\x1b\x0b\x01\xff\x1a\x0c\x06\
\xf9\x15\x0b\x07\x59\x1c\x0d\x0c\x33\x1c\x0c\x06\xe7\x1c\x0a\x02\
\xff\x1a\x08\x01\xff\x1a\x08\x01\xff\x1a\x08\x01\xff\x1b\x09\x01\
\xff\x1d\x0b\x04\xff\x1b\x0c\x07\xb7\x19\x10\x0b\x0d\x1a\x10\x0b\
\x00\x15\x0e\x0d\x00\x00\x00\x00\x00\x00\x00\x00\x00\x00\x00\x00\
\x00\x00\x00\x00\x00\x00\x00\x00\x00\x00\x00\x00\x00\x00\x00\x00\
\x00\x00\x00\x00\x00\x00\x00\x00\x00\x00\x00\x00\x00\x00\x00\x00\
\x00\x00\x00\x00\x00\x00\x00\x00\x00\x17\x0a\x0a\x00\x0b\x01\x06\
\x05\x1c\x08\x05\xae\x1d\x0b\x02\xff\x1d\x0b\x00\xff\x1d\x0b\x00\
\xff\x1c\x0a\x00\xff\x1c\x0a\x00\xff\x19\x0a\x03\xff\x12\x0a\x07\
\x9a\x00\x00\x07\x01\x0b\x07\x07\x00\x00\x00\x00\x00\x00\x00\x00\
\x00\x00\x00\x00\x00\x00\x00\x00\x00\x00\x00\x00\x00\x00\x00\x00\
\x00\x1e\x0f\x0f\x00\x1d\x0c\x06\x00\x18\x0d\x08\x00\x17\x0e\x09\
\x34\x17\x0d\x09\xc0\x13\x09\x06\x79\x12\x09\x06\x16\x18\x09\x05\
\x00\x1b\x0e\x09\x00\x1f\x16\x14\x00\x1f\x14\x12\x00\x00\x00\x00\
\x00\x00\x00\x00\x00\x00\x00\x00\x00\x00\x00\x00\x00\x00\x00\x00\
\x00\x00\x00\x00\x00\x00\x00\x00\x00\x00\x00\x00\x00\x00\x00\x00\
\x00\x00\x00\x00\x00\x00\x00\x00\x00\x00\x00\x00\x00\x00\x00\x00\
\x00\x2b\x25\x24\x00\x1e\x12\x14\x00\x22\x1c\x24\x04\x1c\x0c\x0a\
\xa5\x1f\x0c\x06\xff\x1f\x0b\x01\xff\x1d\x0a\x01\xff\x1b\x09\x01\
\xff\x1b\x09\x01\xff\x1c\x09\x03\xff\x19\x08\x05\xb2\x12\x08\x08\
\x07\x16\x0a\x07\x00\x00\x00\x00\x00\x00\x00\x00\x00\x00\x00\x00\
\x00\x00\x00\x00\x00\x19\x09\x07\x00\x16\x09\x06\x00\x16\x09\x06\
\x2a\x1a\x0b\x06\xdf\x1b\x0b\x03\xff\x1b\x09\x01\xff\x1b\x08\x00\
\xff\x1b\x09\x01\xff\x1c\x0b\x00\xff\x22\x0d\x02\xff\x21\x0e\x05\
\xce\x1c\x11\x09\x1c\x1b\x10\x08\x00\xde\x7b\x27\x00\xd0\x7a\x32\
\x08\xea\x76\x0e\xab\xf8\x78\x03\xff\xfa\x7c\x01\xff\xfe\x7d\x00\
\xff\xfe\x7e\x01\xff\xfd\x7f\x02\xff\xfd\x7f\x03\xff\xf9\x7e\x04\
\xff\xf3\x7e\x11\x82\xff\x5f\x00\x00\xf2\x98\x30\x00\x1f\x10\x0a\
\x00\x1f\x13\x0b\x35\x21\x0d\x07\xe7\x21\x0b\x03\xff\x1c\x09\x01\
\xff\x1a\x09\x01\xff\x1a\x09\x00\xff\x19\x08\x00\xff\x1a\x09\x03\
\xff\x1c\x0b\x05\xc6\x1b\x0b\x05\x15\x1b\x0c\x05\x00\x1c\x17\x10\
\x00\x00\x00\x00\x00\x00\x00\x00\x00\x00\x00\x00\x00\x00\x00\x00\
\x00\x00\x00\x00\x00\x00\x00\x00\x00\x00\x00\x00\x00\x1b\x0f\x0d\
\x00\x15\x0c\x0c\x0d\x1c\x0b\x06\xc0\x24\x0d\x03\xff\x20\x0b\x00\
\xff\x1d\x0a\x00\xff\x1b\x0a\x00\xff\x18\x09\x00\xff\x13\x0a\x03\
\xff\x15\x0e\x0d\x91\x00\x00\x00\x00\x1c\x11\x0e\x00\x1b\x11\x10\
\x00\x1b\x11\x0f\x00\x1a\x11\x0e\x00\x1b\x12\x0e\x00\x1c\x11\x10\
\x00\x1c\x10\x0e\x00\x1e\x11\x10\x00\x20\x13\x13\x00\x1a\x0b\x07\
\x00\x13\x0a\x02\x0d\x18\x0a\x02\xac\x19\x0a\x02\xff\x1a\x09\x01\
\xff\x1e\x0a\x01\xff\x1e\x0b\x01\xff\x1b\x0b\x00\xff\x18\x09\x00\
\xff\x17\x09\x03\xff\x19\x0c\x07\xad\x1f\x11\x09\x0d\x1e\x0f\x09\
\x00\x1e\x11\x0f\x00\x00\x00\x00\x00\x00\x00\x00\x00\x00\x00\x00\
\x00\x00\x00\x00\x00\x00\x00\x00\x00\x00\x00\x00\x00\x00\x00\x00\
\x00\x00\x00\x00\x00\x00\x00\x00\x00\x00\x00\x00\x00\x14\x0e\x0c\
\x00\x17\x0b\x06\x00\x17\x0d\x0a\x7a\x19\x0b\x05\xff\x1c\x09\x01\
\xff\x1d\x0a\x00\xff\x1c\x0a\x00\xff\x1c\x09\x00\xff\x19\x0a\x04\
\xff\x15\x0b\x07\xd1\x0f\x09\x07\x16\x13\x0c\x09\x00\x00\x00\x00\
\x00\x00\x00\x00\x00\x00\x00\x00\x00\x00\x00\x00\x00\x15\x0c\x0a\
\x00\x13\x09\x07\x00\x12\x08\x07\x14\x18\x09\x05\xb4\x21\x0d\x04\
\xff\x22\x0d\x00\xff\x20\x0d\x00\xff\x1f\x0b\x00\xff\x1d\x0b\x00\
\xff\x1c\x09\x01\xff\x1a\x08\x01\xff\x15\x08\x01\xff\x12\x08\x02\
\xeb\x14\x09\x06\x4b\x06\x00\x00\x00\x3a\x33\x17\x00\x21\x08\x08\
\x00\x00\x00\x00\x00\x00\x00\x00\x00\x00\x00\x00\x00\x17\x12\x12\
\x00\x24\x1c\x29\x01\x15\x0a\x06\x9e\x19\x0b\x04\xff\x1d\x0a\x00\
\xff\x1d\x0b\x00\xff\x1e\x0b\x00\xff\x1c\x0b\x01\xff\x1c\x0b\x00\
\xff\x14\x08\x01\xc2\x06\x03\x02\x0c\x0c\x06\x03\x00\x00\x00\x00\
\x00\x00\x00\x00\x00\x00\x00\x00\x00\x00\x00\x00\x00\x00\x00\x00\
\x00\x00\x00\x00\x00\x00\x00\x00\x00\x00\x00\x00\x00\x00\x00\x00\
\x00\x00\x00\x00\x00\x00\x00\x00\x00\x00\x00\x00\x00\x00\x00\x00\
\x00\x00\x00\x00\x00\x00\x00\x00\x00\x00\x00\x00\x00\x00\x00\x00\
\x00\x00\x00\x00\x00\x00\x00\x00\x00\x00\x00\x00\x00\x00\x00\x00\
\x00\x00\x00\x00\x00\x21\x0d\x0c\x00\x18\x0c\x09\x00\x17\x0e\x0b\
\x36\x18\x09\x05\xe9\x1a\x08\x01\xff\x1b\x0a\x00\xff\x1c\x0b\x00\
\xff\x1c\x0a\x01\xff\x1b\x09\x01\xff\x1a\x0a\x03\xff\x1a\x0c\x08\
\xc4\x17\x0d\x0c\x14\x28\x22\x26\x03\x16\x09\x07\x9b\x16\x08\x04\
\xff\x19\x08\x01\xff\x1b\x08\x00\xff\x1b\x08\x00\xff\x1b\x0a\x00\
\xff\x1f\x0b\x01\xff\x1e\x0c\x05\xf4\x18\x0c\x07\x4c\x1a\x0c\x08\
\x00\x1c\x12\x15\x00\x00\x00\x00\x00\x00\x00\x00\x00\x00\x00\x00\
\x00\x00\x00\x00\x00\x00\x00\x00\x00\x00\x00\x00\x00\x00\x00\x00\
\x00\x00\x00\x00\x00\x00\x00\x00\x00\x00\x00\x00\x00\x00\x00\x00\
\x00\x00\x00\x00\x00\x00\x00\x00\x00\x19\x0a\x0a\x00\x0c\x00\x06\
\x05\x1c\x08\x05\xad\x1d\x0b\x03\xff\x1d\x0b\x00\xff\x1d\x0b\x00\
\xff\x1c\x0a\x00\xff\x1c\x0a\x00\xff\x19\x0a\x03\xff\x12\x09\x07\
\x9c\x00\x00\x03\x01\x0a\x06\x06\x00\x00\x00\x00\x00\x00\x00\x00\
\x00\x00\x00\x00\x00\x00\x00\x00\x00\x00\x00\x00\x00\x00\x00\x00\
\x00\x00\x00\x00\x00\x1c\x0f\x09\x00\x1e\x1b\x19\x00\x22\x2a\x30\
\x01\x18\x11\x10\x12\x2a\x29\x33\x01\x13\x0a\x06\x00\x00\x00\x00\
\x00\x15\x10\x0a\x00\x00\x00\x00\x00\x00\x00\x00\x00\x00\x00\x00\
\x00\x00\x00\x00\x00\x00\x00\x00\x00\x00\x00\x00\x00\x00\x00\x00\
\x00\x00\x00\x00\x00\x00\x00\x00\x00\x00\x00\x00\x00\x00\x00\x00\
\x00\x00\x00\x00\x00\x00\x00\x00\x00\x34\x02\x02\x00\x34\x00\x00\
\x00\x00\x00\x00\x00\x24\x15\x10\x00\x20\x17\x17\x05\x1f\x0d\x09\
\xab\x21\x0d\x05\xff\x20\x0b\x00\xff\x1d\x0a\x01\xff\x1c\x09\x01\
\xff\x1b\x09\x01\xff\x1a\x09\x01\xff\x16\x07\x03\xb6\x14\x0b\x09\
\x08\x17\x0b\x07\x00\x00\x00\x00\x00\x00\x00\x00\x00\x00\x00\x00\
\x00\x00\x00\x00\x00\x24\x1b\x1b\x00\x18\x11\x0a\x00\xfb\x00\x00\
\x00\x17\x09\x06\x83\x19\x0a\x04\xff\x1a\x09\x01\xff\x1d\x09\x01\
\xff\x1d\x09\x01\xff\x1e\x0b\x00\xff\x21\x0c\x01\xff\x1d\x0b\x02\
\xff\x16\x0b\x05\x7b\x20\x00\x00\x00\x00\x00\x09\x00\xe9\x77\x13\
\x00\xe1\x78\x1b\x43\xf2\x7a\x0a\xef\xfb\x7d\x03\xff\xff\x7e\x02\
\xff\xff\x7f\x02\xff\xff\x80\x04\xff\xfe\x80\x05\xff\xf4\x7c\x0a\
\xda\xe5\x7d\x1b\x25\xe7\x7d\x18\x00\x23\x11\x10\x00\x2c\x1a\x1a\
\x04\x22\x0f\x09\x9d\x25\x0e\x05\xff\x22\x0d\x01\xff\x1d\x0b\x01\
\xff\x1c\x09\x01\xff\x1a\x09\x00\xff\x15\x07\x01\xff\x13\x07\x04\
\xfb\x12\x08\x06\x64\x0d\x01\x00\x00\x26\x23\x26\x00\x1c\x0e\x0e\
\x00\x00\x00\x00\x00\x00\x00\x00\x00\x00\x00\x00\x00\x00\x00\x00\
\x00\x00\x00\x00\x00\x00\x00\x00\x00\x00\x00\x00\x00\x1a\x10\x0e\
\x00\x14\x0d\x0d\x0d\x1c\x0b\x06\xc1\x25\x0e\x03\xff\x21\x0c\x00\
\xff\x1e\x0b\x00\xff\x1c\x09\x00\xff\x1a\x08\x00\xff\x16\x0a\x02\
\xff\x16\x0c\x09\x9d\x1f\x11\x12\x1a\x1a\x0e\x0c\x16\x18\x0f\x0f\
\x16\x18\x10\x0e\x16\x18\x0e\x0d\x16\x18\x0f\x0d\x17\x19\x0f\x0e\
\x17\x1a\x0e\x0d\x17\x1d\x10\x0f\x17\x1e\x11\x13\x17\x23\x12\x13\
\x16\x1f\x0e\x06\x74\x1f\x0e\x03\xfa\x1d\x0c\x01\xff\x1b\x0b\x01\
\xff\x1c\x0a\x01\xff\x1c\x0a\x01\xff\x1b\x0a\x01\xff\x18\x0a\x02\
\xff\x14\x09\x05\xd3\x16\x0c\x0a\x2b\x12\x06\x02\x00\x18\x09\x02\
\x00\x00\x00\x00\x00\x00\x00\x00\x00\x00\x00\x00\x00\x00\x00\x00\
\x00\x00\x00\x00\x00\x00\x00\x00\x00\x00\x00\x00\x00\x00\x00\x00\
\x00\x00\x00\x00\x00\x00\x00\x00\x00\x00\x00\x00\x00\x14\x0e\x09\
\x00\x17\x0a\x07\x00\x17\x0e\x0a\x79\x19\x0b\x05\xff\x1c\x09\x01\
\xff\x1d\x0a\x00\xff\x1d\x0a\x00\xff\x1c\x09\x00\xff\x19\x0a\x04\
\xff\x14\x0a\x07\xd2\x0f\x09\x08\x16\x12\x0c\x0a\x00\x00\x00\x00\
\x00\x00\x00\x00\x00\x00\x00\x00\x00\x14\x0c\x08\x00\x14\x0c\x0a\
\x00\x15\x0f\x0f\x04\x12\x07\x06\x87\x16\x08\x04\xfe\x1d\x0a\x01\
\xff\x1f\x0c\x00\xff\x1e\x0c\x00\xff\x1e\x0b\x00\xff\x1c\x0b\x00\
\xff\x1c\x09\x01\xff\x1b\x09\x01\xff\x19\x0a\x01\xff\x19\x09\x01\
\xff\x19\x0a\x05\xd0\x1a\x0e\x0b\x25\x18\x0d\x0a\x00\x0e\x06\x01\
\x00\x4a\x4a\x4a\x00\x00\x00\x00\x00\x00\x00\x00\x00\x1d\x17\x17\
\x00\x2a\x1e\x35\x01\x17\x0b\x08\x9d\x1a\x0c\x04\xff\x1d\x0a\x00\
\xff\x1c\x0b\x00\xff\x1e\x0b\x00\xff\x1d\x0b\x01\xff\x1d\x0b\x01\
\xff\x14\x08\x02\xc1\x07\x03\x01\x0c\x0c\x05\x02\x00\x00\x00\x00\
\x00\x00\x00\x00\x00\x00\x00\x00\x00\x00\x00\x00\x00\x00\x00\x00\
\x00\x00\x00\x00\x00\x00\x00\x00\x00\x00\x00\x00\x00\x00\x00\x00\
\x00\x00\x00\x00\x00\x00\x00\x00\x00\x00\x00\x00\x00\x00\x00\x00\
\x00\x00\x00\x00\x00\x00\x00\x00\x00\x00\x00\x00\x00\x00\x00\x00\
\x00\x00\x00\x00\x00\x00\x00\x00\x00\x00\x00\x00\x00\x00\x00\x00\
\x00\x00\x00\x00\x00\x20\x0f\x0e\x00\x2f\x1c\x22\x02\x19\x0c\x08\
\x93\x19\x0a\x03\xff\x19\x08\x01\xff\x1a\x0a\x01\xff\x1b\x0b\x01\
\xff\x1c\x0a\x01\xff\x1c\x09\x01\xff\x1a\x0a\x05\xfc\x18\x0c\x08\
\x66\x19\x09\x06\x00\x0c\x02\x02\x00\x12\x09\x0a\x3e\x13\x07\x05\
\xed\x19\x09\x01\xff\x1c\x09\x00\xff\x1d\x09\x00\xff\x1c\x0b\x00\
\xff\x1e\x0b\x00\xff\x1d\x0b\x04\xff\x15\x0a\x07\xac\x13\x0f\x12\
\x09\x17\x10\x10\x00\x18\x0d\x0c\x00\x00\x00\x00\x00\x00\x00\x00\
\x00\x00\x00\x00\x00\x00\x00\x00\x00\x00\x00\x00\x00\x00\x00\x00\
\x00\x00\x00\x00\x00\x00\x00\x00\x00\x00\x00\x00\x00\x00\x00\x00\
\x00\x00\x00\x00\x00\x00\x00\x00\x00\x19\x09\x09\x00\x0c\x00\x05\
\x05\x1c\x08\x05\xad\x1e\x0b\x03\xff\x1d\x0b\x00\xff\x1d\x0b\x00\
\xff\x1c\x0a\x00\xff\x1c\x0a\x00\xff\x19\x0b\x03\xff\x13\x09\x07\
\x9c\x00\x00\x04\x01\x0d\x03\x06\x00\x00\x00\x00\x00\x00\x00\x00\
\x00\x00\x00\x00\x00\x00\x00\x00\x00\x00\x00\x00\x00\x00\x00\x00\
\x00\x00\x00\x00\x00\x00\x00\x00\x00\x1c\x16\x14\x00\x1b\x15\x12\
\x00\x18\x11\x0f\x00\x19\x10\x0f\x00\x19\x10\x0f\x00\x00\x00\x00\
\x00\x00\x00\x00\x00\x00\x00\x00\x00\x00\x00\x00\x00\x00\x00\x00\
\x00\x00\x00\x00\x00\x00\x00\x00\x00\x00\x00\x00\x00\x00\x00\x00\
\x00\x00\x00\x00\x00\x29\x14\x12\x00\x2d\x19\x17\x00\x1f\x12\x0f\
\x00\x1e\x12\x0d\x00\x26\x17\x11\x00\x19\x0e\x0c\x00\x15\x0d\x0b\
\x00\x0f\x05\x01\x00\x00\x00\x00\x00\x22\x0c\x06\x4b\x24\x0e\x06\
\xe8\x21\x0d\x02\xff\x1e\x0b\x00\xff\x1c\x0a\x00\xff\x1c\x0a\x01\
\xff\x1c\x0b\x01\xff\x19\x0a\x02\xff\x16\x0b\x06\xa9\x22\x1c\x1c\
\x05\x17\x0e\x0b\x00\x00\x00\x00\x00\x00\x00\x00\x00\x00\x00\x00\
\x00\x00\x00\x00\x00\x00\x00\x00\x00\x18\x10\x0b\x00\x15\x09\x06\
\x00\x14\x08\x06\x26\x18\x0a\x05\xda\x1c\x0a\x03\xff\x1f\x0a\x01\
\xff\x1f\x0b\x00\xff\x1d\x0a\x01\xff\x1e\x0a\x01\xff\x1a\x08\x01\
\xff\x12\x08\x04\xdb\x11\x0a\x08\x25\x12\x0a\x08\x00\xd7\x81\x29\
\x00\xbe\x83\x3d\x05\xef\x7e\x12\xa1\xfc\x7d\x08\xff\xff\x7f\x04\
\xff\xff\x81\x01\xff\xfe\x81\x06\xff\xfc\x80\x09\xfe\xee\x7c\x10\
\x76\xff\x7d\x00\x00\xff\xa6\x46\x00\x1b\x0a\x06\x00\x1b\x0b\x07\
\x40\x1f\x0c\x05\xee\x22\x0d\x03\xff\x20\x0d\x01\xff\x1e\x0c\x00\
\xff\x1d\x0b\x01\xff\x19\x0a\x01\xff\x14\x08\x03\xff\x10\x09\x07\
\xc3\x0e\x0a\x0b\x14\x0f\x0a\x0a\x00\x1f\x15\x11\x00\x00\x00\x00\
\x00\x00\x00\x00\x00\x00\x00\x00\x00\x00\x00\x00\x00\x00\x00\x00\
\x00\x00\x00\x00\x00\x00\x00\x00\x00\x00\x00\x00\x00\x1b\x0e\x0c\
\x00\x16\x0b\x0b\x0d\x1d\x0b\x06\xc1\x24\x0e\x03\xff\x21\x0c\x01\
\xff\x1e\x0b\x00\xff\x1d\x0a\x00\xff\x1d\x09\x01\xff\x1c\x0a\x02\
\xff\x1a\x0a\x05\xed\x18\x0a\x06\xd5\x18\x0a\x05\xd4\x1b\x0c\x07\
\xd2\x1a\x0d\x06\xd3\x19\x0d\x06\xd4\x18\x0c\x06\xd5\x16\x0b\x06\
\xd5\x17\x0b\x05\xd5\x1b\x0c\x07\xd6\x1d\x0d\x09\xd5\x20\x0e\x07\
\xd6\x23\x0f\x05\xf2\x24\x0f\x02\xff\x20\x0d\x00\xff\x1d\x0c\x00\
\xff\x1c\x0a\x01\xff\x1c\x0a\x01\xff\x1c\x0a\x01\xff\x1c\x0c\x04\
\xfe\x1d\x0d\x08\x8b\x24\x15\x14\x15\x00\x00\x00\x00\x14\x0b\x08\
\x00\x23\x25\x19\x00\x12\x0c\x05\x00\x00\x00\x00\x00\x00\x00\x00\
\x00\x00\x00\x00\x00\x00\x00\x00\x00\x00\x00\x00\x00\x00\x00\x00\
\x00\x00\x00\x00\x00\x00\x00\x00\x00\x00\x00\x00\x00\x13\x0e\x0a\
\x00\x18\x0b\x07\x00\x17\x0e\x0a\x78\x19\x0b\x05\xff\x1c\x0a\x01\
\xff\x1d\x0a\x00\xff\x1d\x0a\x00\xff\x1c\x09\x00\xff\x1a\x0a\x04\
\xff\x13\x0a\x07\xd2\x0f\x08\x07\x16\x12\x0b\x09\x00\x00\x00\x00\
\x00\x00\x00\x00\x00\x22\x12\x11\x00\x10\x0d\x0b\x00\x19\x09\x06\
\x00\x11\x08\x05\x56\x15\x08\x04\xf2\x17\x07\x02\xff\x1a\x09\x00\
\xff\x1c\x0b\x00\xff\x1d\x0b\x00\xff\x1e\x0a\x01\xff\x1c\x0a\x00\
\xff\x1b\x0a\x01\xff\x1b\x0a\x01\xff\x1c\x0b\x01\xff\x1f\x0b\x01\
\xff\x1d\x0b\x04\xff\x18\x0b\x07\x9f\x18\x12\x0e\x0a\x14\x0b\x06\
\x00\x0d\x00\x00\x00\xff\xff\xff\x00\x00\x00\x00\x00\x28\x23\x22\
\x00\x36\x3a\x5b\x01\x18\x0c\x08\x9a\x1c\x0c\x05\xff\x1e\x0a\x00\
\xff\x1c\x0a\x00\xff\x1d\x0b\x00\xff\x1d\x0b\x01\xff\x1d\x0b\x01\
\xff\x15\x09\x02\xc1\x0a\x05\x02\x0c\x10\x08\x03\x00\x00\x00\x00\
\x00\x00\x00\x00\x00\x00\x00\x00\x00\x00\x00\x00\x00\x00\x00\x00\
\x00\x00\x00\x00\x00\x00\x00\x00\x00\x00\x00\x00\x00\x00\x00\x00\
\x00\x00\x00\x00\x00\x00\x00\x00\x00\x00\x00\x00\x00\x00\x00\x00\
\x00\x00\x00\x00\x00\x00\x00\x00\x00\x00\x00\x00\x00\x00\x00\x00\
\x00\x00\x00\x00\x00\x00\x00\x00\x00\x00\x00\x00\x00\x00\x00\x00\
\x00\x1e\x11\x0b\x00\x1f\x10\x0a\x00\x1f\x11\x0b\x30\x1e\x0d\x06\
\xe5\x1d\x0a\x01\xff\x1c\x09\x01\xff\x1c\x0b\x01\xff\x1c\x0c\x00\
\xff\x1f\x0b\x01\xff\x20\x0b\x03\xff\x1a\x0c\x07\xcc\x17\x0d\x09\
\x18\x16\x0c\x08\x00\x16\x0c\x0c\x00\x1b\x14\x16\x06\x15\x09\x06\
\xa2\x1c\x0b\x03\xff\x1e\x0a\x00\xff\x1e\x0a\x00\xff\x1c\x0a\x00\
\xff\x1d\x09\x00\xff\x19\x08\x02\xff\x14\x09\x06\xf1\x11\x09\x09\
\x47\x10\x07\x07\x00\x19\x0b\x09\x00\x00\x00\x00\x00\x00\x00\x00\
\x00\x00\x00\x00\x00\x00\x00\x00\x00\x00\x00\x00\x00\x00\x00\x00\
\x00\x00\x00\x00\x00\x00\x00\x00\x00\x00\x00\x00\x00\x00\x00\x00\
\x00\x00\x00\x00\x00\x00\x00\x00\x00\x18\x08\x08\x00\x0a\x00\x03\
\x05\x1c\x08\x05\xad\x1e\x0b\x03\xff\x1d\x0b\x00\xff\x1d\x0b\x00\
\xff\x1c\x0a\x00\xff\x1c\x0a\x00\xff\x19\x0b\x03\xff\x14\x09\x08\
\x9c\x00\x00\x10\x01\x12\x06\x09\x00\x00\x00\x00\x00\x00\x00\x00\
\x00\x00\x00\x00\x00\x00\x00\x00\x00\x00\x00\x00\x00\x00\x00\x00\
\x00\x00\x00\x00\x00\x00\x00\x00\x00\x00\x00\x00\x00\x00\x00\x00\
\x00\x00\x00\x00\x00\x00\x00\x00\x00\x00\x00\x00\x00\x00\x00\x00\
\x00\x9b\x9b\x9b\x00\xc8\xcd\xcd\x00\x47\x3d\x3d\x00\x14\x09\x07\
\x00\x1e\x13\x10\x00\x1e\x0f\x0b\x00\x1c\x0e\x0b\x00\x1f\x13\x10\
\x00\x1b\x0f\x0b\x00\x13\x07\x04\x00\x13\x08\x04\x00\x16\x09\x02\
\x00\x17\x00\x00\x00\x2f\x2b\x2b\x02\x19\x0f\x0e\x0a\x15\x0d\x0b\
\x1d\x14\x0a\x07\x46\x1c\x0d\x07\x8f\x23\x0f\x06\xe6\x24\x0e\x02\
\xff\x1e\x0c\x00\xff\x1b\x0b\x00\xff\x1d\x0a\x00\xff\x1f\x0c\x00\
\xff\x21\x0d\x01\xff\x1f\x0d\x05\xff\x17\x0d\x09\x87\x02\x00\x00\
\x00\x20\x1c\x18\x00\x00\x00\x00\x00\x00\x00\x00\x00\x00\x00\x00\
\x00\x00\x00\x00\x00\x00\x00\x00\x00\x14\x12\x00\x00\x13\x0d\x0c\
\x00\x2b\x08\x00\x00\x19\x0b\x09\x76\x1d\x0c\x06\xfe\x1f\x0b\x02\
\xff\x1e\x0b\x00\xff\x1c\x0a\x01\xff\x1b\x09\x01\xff\x1a\x08\x01\
\xff\x16\x08\x03\xff\x15\x0b\x06\x84\x00\x00\x00\x00\x03\x08\x11\
\x00\xea\x7b\x17\x00\xe7\x7d\x1e\x37\xf4\x7c\x0c\xe9\xfd\x7f\x02\
\xff\xf9\x81\x03\xff\xfb\x81\x06\xff\xf5\x80\x09\xcf\xde\x7c\x19\
\x1b\xe1\x7c\x17\x00\x18\x0f\x0c\x00\x19\x11\x0f\x08\x18\x0a\x05\
\xaa\x19\x0a\x02\xff\x1d\x0b\x02\xff\x1f\x0b\x00\xff\x1e\x0b\x00\
\xff\x1d\x0c\x00\xff\x1c\x0c\x02\xff\x16\x0a\x05\xf7\x10\x0a\x08\
\x59\x10\x05\x02\x00\x00\x00\x00\x00\x00\x00\x00\x00\x00\x00\x00\
\x00\x00\x00\x00\x00\x00\x00\x00\x00\x00\x00\x00\x00\x00\x00\x00\
\x00\x00\x00\x00\x00\x00\x00\x00\x00\x00\x00\x00\x00\x1c\x0e\x0c\
\x00\x17\x0b\x0b\x0e\x1d\x0c\x06\xc2\x23\x0e\x03\xff\x20\x0c\x01\
\xff\x1e\x0b\x00\xff\x1d\x0b\x00\xff\x1c\x0a\x00\xff\x1d\x0b\x01\
\xff\x1b\x0a\x02\xff\x18\x0a\x02\xff\x1a\x0a\x02\xff\x1f\x0c\x03\
\xff\x21\x0d\x02\xff\x20\x0e\x02\xff\x1e\x0d\x02\xff\x1b\x0c\x02\
\xff\x1a\x0b\x02\xff\x1b\x0b\x02\xff\x1c\x0b\x02\xff\x1e\x0c\x01\
\xff\x20\x0c\x01\xff\x21\x0d\x00\xff\x21\x0d\x00\xff\x1e\x0c\x00\
\xff\x1b\x0a\x00\xff\x1b\x0a\x01\xff\x1c\x0a\x01\xff\x20\x0d\x01\
\xff\x1f\x0d\x04\xf3\x19\x0a\x06\xcd\x13\x0a\x07\x7e\x12\x0a\x07\
\x22\x17\x09\x05\x00\x18\x10\x0c\x00\x1a\x0f\x0c\x00\x00\x00\x00\
\x00\x00\x00\x00\x00\x00\x00\x00\x00\x00\x00\x00\x00\x00\x00\x00\
\x00\x00\x00\x00\x00\x00\x00\x00\x00\x00\x00\x00\x00\x15\x0e\x0b\
\x00\x18\x0c\x06\x00\x18\x0f\x0a\x78\x1a\x0c\x05\xff\x1c\x0a\x00\
\xff\x1e\x0a\x01\xff\x1c\x0a\x01\xff\x1b\x09\x01\xff\x1b\x09\x04\
\xff\x14\x0a\x07\xd2\x0e\x09\x07\x17\x12\x0c\x09\x00\x00\x00\x00\
\x00\x55\x55\x55\x00\x16\x07\x01\x00\x18\x0b\x06\x00\x18\x0c\x08\
\x2a\x19\x0b\x06\xd6\x1a\x0a\x03\xff\x1a\x08\x01\xff\x1b\x08\x00\
\xff\x1c\x0a\x00\xff\x1c\x0b\x00\xff\x1c\x0a\x00\xff\x1c\x09\x01\
\xff\x1c\x0b\x00\xff\x1d\x0c\x00\xff\x1e\x0b\x00\xff\x1f\x0b\x01\
\xff\x1c\x0a\x02\xff\x17\x09\x04\xf9\x12\x09\x06\x70\x7a\xc2\x90\
\x00\x1d\x12\x0b\x00\x17\x00\x00\x00\x00\x00\x00\x00\x2a\x25\x23\
\x00\x79\x00\x00\x00\x17\x0b\x07\x96\x1e\x0b\x05\xff\x1e\x0a\x00\
\xff\x1d\x0b\x00\xff\x1d\x0b\x00\xff\x1d\x0a\x01\xff\x1d\x0b\x00\
\xff\x16\x09\x02\xc1\x0d\x08\x04\x0c\x12\x0b\x05\x00\x00\x00\x00\
\x00\x00\x00\x00\x00\x00\x00\x00\x00\x00\x00\x00\x00\x00\x00\x00\
\x00\x00\x00\x00\x00\x00\x00\x00\x00\x00\x00\x00\x00\x00\x00\x00\
\x00\x00\x00\x00\x00\x00\x00\x00\x00\x00\x00\x00\x00\x00\x00\x00\
\x00\x00\x00\x00\x00\x00\x00\x00\x00\x00\x00\x00\x00\x00\x00\x00\
\x00\x00\x00\x00\x00\x00\x00\x00\x00\x00\x00\x00\x00\xef\xee\xee\
\x00\x24\x17\x10\x00\x36\x3d\x38\x01\x1c\x0e\x07\x8d\x20\x0d\x04\
\xff\x21\x0b\x00\xff\x1e\x0a\x00\xff\x1d\x0b\x00\xff\x1d\x0b\x00\
\xff\x21\x0c\x01\xff\x22\x0e\x06\xfe\x1a\x0d\x09\x71\x1b\x07\x02\
\x00\x1f\x1a\x11\x00\x10\x03\x06\x00\x1b\x0b\x08\x00\x19\x0b\x07\
\x44\x20\x0c\x05\xf0\x22\x0b\x01\xff\x1d\x0a\x00\xff\x1c\x0a\x00\
\xff\x1b\x08\x00\xff\x1a\x08\x01\xff\x17\x09\x04\xff\x15\x0a\x06\
\xa6\x15\x0f\x0c\x07\x17\x0e\x0a\x00\x1e\x0f\x0f\x00\x00\x00\x00\
\x00\x00\x00\x00\x00\x00\x00\x00\x00\x00\x00\x00\x00\x00\x00\x00\
\x00\x00\x00\x00\x00\x00\x00\x00\x00\x00\x00\x00\x00\x00\x00\x00\
\x00\x00\x00\x00\x00\x00\x00\x00\x00\x18\x0a\x0a\x00\x0b\x00\x06\
\x05\x1b\x07\x04\xad\x1e\x0b\x02\xff\x1d\x0b\x00\xff\x1d\x0b\x00\
\xff\x1c\x0a\x00\xff\x1c\x0a\x00\xff\x19\x0b\x03\xff\x14\x0a\x08\
\x9b\x00\x00\x0e\x01\x10\x08\x09\x00\x00\x00\x00\x00\x00\x00\x00\
\x00\x00\x00\x00\x00\x00\x00\x00\x00\x00\x00\x00\x00\x00\x00\x00\
\x00\x00\x00\x00\x00\x00\x00\x00\x00\x00\x00\x00\x00\x00\x00\x00\
\x00\x17\x17\x17\x00\x26\x18\x13\x00\x24\x1c\x14\x00\x21\x14\x11\
\x00\x1d\x10\x0b\x00\x14\x06\x01\x00\x01\x00\x00\x00\x0f\x09\x0a\
\x03\x1d\x14\x12\x0b\x1e\x10\x0c\x16\x1b\x0e\x0b\x22\x1f\x13\x10\
\x31\x1a\x0e\x0c\x42\x13\x08\x05\x51\x17\x0c\x08\x65\x1b\x0e\x09\
\x79\x1c\x0d\x06\x8c\x1e\x0e\x06\xa5\x1a\x0c\x06\xbd\x15\x09\x05\
\xda\x15\x09\x03\xf5\x1c\x0c\x03\xff\x21\x0e\x02\xff\x20\x0d\x01\
\xff\x1d\x0b\x00\xff\x1c\x0b\x00\xff\x1e\x0a\x01\xff\x23\x0c\x01\
\xff\x26\x0e\x01\xff\x21\x0e\x06\xf7\x19\x0e\x0b\x4f\x13\x06\x02\
\x00\xa5\xa8\xaa\x00\x00\x00\x00\x00\x00\x00\x00\x00\x00\x00\x00\
\x00\x00\x00\x00\x00\x00\x00\x00\x00\x00\x00\x00\x00\x15\x0b\x0a\
\x00\x17\x0a\x08\x00\x16\x09\x06\x1a\x1b\x0c\x07\xcd\x1e\x0b\x03\
\xff\x1d\x09\x00\xff\x1b\x09\x00\xff\x1b\x09\x00\xff\x1c\x09\x01\
\xff\x1c\x0b\x02\xff\x1d\x0e\x04\xdf\x21\x13\x08\x29\x20\x12\x07\
\x00\xdc\x7f\x2f\x00\x99\x67\x5e\x02\xe8\x79\x0c\x95\xf4\x7e\x02\
\xff\xfa\x80\x02\xff\xf8\x80\x06\xfd\xef\x81\x0f\x6b\xff\x7d\x00\
\x00\xff\xff\x6f\x00\x1a\x0d\x07\x00\x1b\x10\x0a\x4c\x1a\x0b\x04\
\xf3\x1b\x0a\x01\xff\x1b\x0a\x00\xff\x1d\x0a\x00\xff\x1e\x0b\x00\
\xff\x1f\x0b\x00\xff\x1f\x0d\x04\xff\x18\x0b\x06\xb4\x0f\x06\x05\
\x0d\x12\x09\x07\x00\x1a\x19\x19\x00\x00\x00\x00\x00\x00\x00\x00\
\x00\x00\x00\x00\x00\x00\x00\x00\x00\x00\x00\x00\x00\x00\x00\x00\
\x00\x00\x00\x00\x00\x00\x00\x00\x00\x00\x00\x00\x00\x1a\x0e\x0c\
\x00\x15\x0b\x0b\x0d\x1b\x0b\x06\xc1\x20\x0c\x02\xff\x1d\x0b\x00\
\xff\x1d\x0a\x00\xff\x1c\x0a\x00\xff\x1c\x0b\x00\xff\x1f\x0b\x00\
\xff\x1e\x0a\x01\xff\x1c\x09\x02\xff\x1d\x0a\x01\xff\x20\x0c\x01\
\xff\x22\x0d\x00\xff\x21\x0d\x00\xff\x20\x0c\x00\xff\x1e\x0b\x00\
\xff\x1c\x0a\x00\xff\x1b\x0a\x01\xff\x1b\x0a\x00\xff\x1c\x0a\x00\
\xff\x1d\x0b\x00\xff\x1e\x0c\x00\xff\x1e\x0d\x00\xff\x1d\x0c\x00\
\xff\x1c\x0b\x00\xff\x1c\x0a\x01\xff\x1e\x0a\x01\xff\x21\x0c\x00\
\xff\x20\x0d\x02\xff\x1c\x0b\x02\xff\x15\x09\x02\xff\x14\x08\x04\
\xd2\x16\x0b\x07\x4a\x00\x00\x00\x00\x17\x0e\x0b\x00\x16\x0e\x0b\
\x00\x00\x00\x00\x00\x00\x00\x00\x00\x00\x00\x00\x00\x00\x00\x00\
\x00\x00\x00\x00\x00\x00\x00\x00\x00\x00\x00\x00\x00\x15\x0e\x0d\
\x00\x19\x0d\x06\x00\x18\x0f\x0b\x79\x1a\x0d\x05\xff\x1c\x0a\x00\
\xff\x1e\x0b\x00\xff\x1c\x0b\x00\xff\x1c\x0a\x00\xff\x1c\x0a\x04\
\xff\x15\x0a\x07\xd3\x0f\x0a\x07\x17\x12\x0c\x09\x00\xff\xff\xff\
\x00\x11\x04\x01\x00\x19\x0a\x06\x00\x1c\x0f\x0b\x0e\x20\x0d\x07\
\xa8\x23\x0d\x04\xff\x1e\x0c\x01\xff\x1b\x09\x00\xff\x1b\x09\x00\
\xff\x1c\x0a\x00\xff\x1a\x0a\x01\xff\x18\x09\x01\xff\x1b\x0a\x02\
\xff\x21\x0c\x02\xff\x22\x0c\x00\xff\x1e\x0b\x00\xff\x1d\x0a\x01\
\xff\x1b\x09\x01\xff\x17\x08\x01\xff\x14\x08\x04\xe7\x18\x0c\x07\
\x3e\x0f\x06\x01\x00\x00\x00\x00\x00\x1a\x0d\x0d\x00\x21\x1d\x1c\
\x00\x00\xc9\xff\x00\x15\x0a\x07\x97\x1c\x0c\x05\xff\x1d\x0a\x00\
\xff\x1d\x0b\x00\xff\x1d\x0b\x00\xff\x1d\x0a\x01\xff\x1d\x0b\x01\
\xff\x16\x09\x02\xc1\x0c\x06\x03\x0c\x12\x09\x05\x00\x00\x00\x00\
\x00\x00\x00\x00\x00\x00\x00\x00\x00\x00\x00\x00\x00\x00\x00\x00\
\x00\x00\x00\x00\x00\x00\x00\x00\x00\x00\x00\x00\x00\x00\x00\x00\
\x00\x00\x00\x00\x00\x00\x00\x00\x00\x00\x00\x00\x00\x00\x00\x00\
\x00\x00\x00\x00\x00\x00\x00\x00\x00\x00\x00\x00\x00\x00\x00\x00\
\x00\x00\x00\x00\x00\x00\x00\x00\x00\x00\x00\x00\x00\x00\x00\x00\
\x00\x15\x09\x06\x00\x18\x0c\x0a\x29\x19\x0a\x04\xdf\x1f\x0c\x01\
\xff\x20\x0b\x00\xff\x1d\x0a\x00\xff\x1c\x0a\x00\xff\x1d\x0b\x01\
\xff\x1f\x0c\x04\xff\x1e\x0c\x07\xd6\x16\x09\x07\x20\x17\x0a\x07\
\x00\x17\x0f\x07\x00\x15\x10\x0b\x00\x1d\x0f\x0c\x00\x1c\x10\x0d\
\x09\x1d\x0c\x07\xad\x1f\x0b\x04\xff\x1c\x0a\x01\xff\x1b\x09\x00\
\xff\x1b\x08\x00\xff\x1b\x08\x01\xff\x1c\x0a\x02\xff\x1b\x0b\x05\
\xed\x17\x0a\x08\x3f\x16\x0a\x07\x00\x1a\x15\x0f\x00\x00\x00\x00\
\x00\x00\x00\x00\x00\x00\x00\x00\x00\x00\x00\x00\x00\x00\x00\x00\
\x00\x00\x00\x00\x00\x00\x00\x00\x00\x00\x00\x00\x00\x00\x00\x00\
\x00\x00\x00\x00\x00\x00\x00\x00\x00\x16\x0a\x0a\x00\x09\x01\x07\
\x05\x1b\x07\x04\xad\x1d\x0a\x02\xff\x1d\x0b\x00\xff\x1c\x0a\x00\
\xff\x1d\x0b\x00\xff\x1d\x0b\x00\xff\x19\x0b\x03\xff\x15\x0a\x08\
\x9b\x00\x00\x0a\x01\x11\x07\x07\x00\x00\x00\x00\x00\x00\x00\x00\
\x00\x00\x00\x00\x00\x00\x00\x00\x00\x00\x00\x00\x00\x00\x00\x00\
\x00\x00\x00\x00\x00\x00\x00\x00\x00\xff\xff\xff\x00\x14\x0a\x07\
\x00\x20\x18\x15\x00\x1a\x0e\x0b\x00\x17\x07\x01\x00\x23\x18\x15\
\x0b\x1c\x0f\x0b\x2f\x19\x0d\x09\x5b\x17\x0c\x08\x86\x15\x09\x04\
\xa7\x17\x0a\x06\xc0\x1d\x0c\x06\xd3\x1d\x0c\x06\xdf\x1d\x0d\x07\
\xed\x1c\x0d\x07\xf5\x19\x0a\x04\xf9\x19\x0a\x04\xff\x1b\x0b\x03\
\xff\x1e\x0c\x02\xff\x20\x0d\x02\xff\x1e\x0c\x02\xff\x1c\x0b\x03\
\xff\x1c\x0a\x02\xff\x1d\x0b\x01\xff\x1f\x0d\x00\xff\x1e\x0c\x00\
\xff\x1c\x0a\x00\xff\x1c\x09\x01\xff\x1c\x09\x01\xff\x1e\x0b\x01\
\xff\x20\x0c\x03\xff\x1d\x0d\x07\xc1\x1a\x10\x0c\x13\x1c\x11\x0c\
\x00\x71\x71\x71\x00\x00\x00\x00\x00\x00\x00\x00\x00\x00\x00\x00\
\x00\x00\x00\x00\x00\x00\x00\x00\x00\x00\x00\x00\x00\x00\x00\x00\
\x00\x0e\x03\x03\x00\x1c\x0c\x06\x00\x16\x09\x06\x67\x1b\x0a\x04\
\xfb\x1e\x0a\x02\xff\x1d\x0a\x01\xff\x1d\x0a\x00\xff\x1f\x0b\x00\
\xff\x20\x0c\x01\xff\x20\x0e\x03\xff\x1e\x0f\x06\x91\x15\x14\x11\
\x03\x15\x0e\x09\x00\xe3\x79\x11\x00\xe0\x7a\x15\x33\xf0\x7a\x0b\
\xe7\xfd\x7f\x05\xff\xf7\x83\x0a\xcb\xe3\x83\x1d\x18\xe7\x83\x19\
\x00\x1c\x0f\x0b\x00\x1d\x10\x0c\x0f\x1f\x0f\x08\xb9\x1f\x0d\x03\
\xff\x1d\x0b\x00\xff\x1c\x0b\x00\xff\x1b\x0a\x00\xff\x1c\x09\x00\
\xff\x1e\x0b\x02\xff\x1d\x0d\x06\xf3\x16\x0a\x06\x4c\x17\x09\x05\
\x00\x1d\x05\x04\x00\x00\x00\x00\x00\x00\x00\x00\x00\x00\x00\x00\
\x00\x00\x00\x00\x00\x00\x00\x00\x00\x00\x00\x00\x00\x00\x00\x00\
\x00\x00\x00\x00\x00\x00\x00\x00\x00\x00\x00\x00\x00\x19\x10\x0f\
\x00\x15\x0e\x0e\x0d\x18\x09\x06\xc1\x1d\x0a\x02\xff\x1d\x0a\x01\
\xff\x1c\x0a\x01\xff\x1c\x09\x01\xff\x1e\x0a\x01\xff\x20\x0b\x00\
\xff\x20\x0b\x00\xff\x1f\x0b\x01\xff\x20\x0b\x01\xff\x21\x0d\x00\
\xff\x1e\x0d\x00\xff\x1d\x0c\x00\xff\x1d\x0c\x00\xff\x1c\x0b\x00\
\xff\x1b\x0b\x01\xff\x1b\x0a\x01\xff\x1a\x09\x00\xff\x1b\x0a\x00\
\xff\x1c\x0b\x00\xff\x1e\x0c\x00\xff\x1f\x0d\x00\xff\x1f\x0c\x00\
\xff\x1e\x0b\x00\xff\x1d\x0a\x00\xff\x1e\x0a\x00\xff\x1f\x0b\x00\
\xff\x1e\x0b\x00\xff\x1c\x0a\x00\xff\x1a\x09\x01\xff\x19\x09\x02\
\xff\x1a\x0c\x06\xe6\x18\x0d\x08\x57\x2b\x07\x00\x00\x16\x10\x0e\
\x00\x14\x11\x11\x00\x00\x00\x00\x00\x00\x00\x00\x00\x00\x00\x00\
\x00\x00\x00\x00\x00\x00\x00\x00\x00\x00\x00\x00\x00\x13\x0c\x08\
\x00\x19\x0d\x07\x00\x17\x0d\x09\x7c\x1a\x0c\x05\xff\x1c\x0b\x01\
\xff\x1e\x0b\x00\xff\x1c\x0b\x00\xff\x1c\x0a\x00\xff\x1e\x0b\x03\
\xff\x19\x0b\x06\xd2\x13\x0a\x07\x16\x17\x0d\x09\x00\x02\x00\x00\
\x00\x15\x0b\x07\x00\x11\x12\x0c\x02\x19\x0c\x06\x7b\x22\x0d\x05\
\xfb\x25\x0d\x01\xff\x1f\x0b\x00\xff\x1c\x0a\x00\xff\x1d\x0a\x00\
\xff\x1c\x09\x01\xff\x17\x09\x02\xff\x14\x08\x04\xe4\x18\x0a\x05\
\xad\x1e\x0c\x04\xfb\x1e\x0b\x01\xff\x1c\x0a\x00\xff\x1b\x09\x00\
\xff\x1b\x08\x00\xff\x1b\x08\x01\xff\x1c\x0a\x04\xff\x1d\x0b\x05\
\xbd\x1f\x10\x09\x16\x1e\x10\x0a\x00\x1e\x12\x0d\x00\x1c\x19\x18\
\x00\x10\x2c\x31\x01\x13\x09\x07\x9b\x19\x0a\x04\xff\x1b\x09\x01\
\xff\x1c\x0a\x01\xff\x1d\x0b\x00\xff\x1d\x0a\x01\xff\x1e\x0c\x01\
\xff\x16\x0a\x03\xc2\x0c\x06\x04\x0d\x11\x09\x06\x00\x00\x00\x00\
\x00\x00\x00\x00\x00\x00\x00\x00\x00\x00\x00\x00\x00\x00\x00\x00\
\x00\x00\x00\x00\x00\x00\x00\x00\x00\x00\x00\x00\x00\x00\x00\x00\
\x00\x00\x00\x00\x00\x00\x00\x00\x00\x00\x00\x00\x00\x00\x00\x00\
\x00\x00\x00\x00\x00\x00\x00\x00\x00\x00\x00\x00\x00\x00\x00\x00\
\x00\x00\x00\x00\x00\x00\x00\x00\x00\x00\x00\x00\x00\x25\x1c\x1a\
\x00\x00\x00\x00\x00\x14\x09\x07\x80\x17\x09\x03\xff\x1c\x0a\x00\
\xff\x1c\x0a\x01\xff\x1c\x0a\x01\xff\x1d\x09\x01\xff\x1c\x09\x01\
\xff\x1a\x0b\x05\xff\x19\x0c\x09\x82\x1a\x06\x00\x00\x1a\x10\x0d\
\x00\x24\x12\x12\x00\x00\x00\x00\x00\x1b\x09\x04\x00\x14\x09\x04\
\x00\x15\x0b\x07\x4d\x19\x0b\x06\xf5\x1c\x0a\x02\xff\x1b\x0a\x00\
\xff\x1b\x08\x01\xff\x1c\x08\x01\xff\x1e\x09\x01\xff\x1e\x0b\x04\
\xff\x18\x0b\x07\x9e\x18\x17\x13\x05\x1b\x14\x10\x00\x1e\x11\x11\
\x00\x00\x00\x00\x00\x00\x00\x00\x00\x00\x00\x00\x00\x00\x00\x00\
\x00\x00\x00\x00\x00\x00\x00\x00\x00\x00\x00\x00\x00\x00\x00\x00\
\x00\x00\x00\x00\x00\x00\x00\x00\x00\x14\x0a\x0a\x00\x06\x00\x05\
\x05\x1c\x08\x05\xae\x1f\x0c\x03\xff\x1d\x0b\x00\xff\x1d\x0b\x00\
\xff\x1c\x0a\x00\xff\x1d\x0b\x00\xff\x19\x0b\x03\xff\x14\x0a\x08\
\x9b\x00\x00\x11\x01\x11\x09\x09\x00\x00\x00\x00\x00\x00\x00\x00\
\x00\x00\x00\x00\x00\x00\x00\x00\x00\x00\x00\x00\x00\x00\x00\x00\
\x00\x00\x00\x00\x00\x1b\x12\x12\x00\x11\x0a\x07\x00\x12\x0b\x09\
\x00\x00\x00\x00\x00\x1a\x0f\x0c\x23\x1d\x0f\x0a\x70\x20\x0f\x08\
\xbb\x1f\x0d\x06\xe9\x1d\x0c\x04\xfd\x1c\x0c\x04\xff\x1c\x0b\x03\
\xff\x1c\x0b\x02\xff\x1d\x0b\x01\xff\x1e\x0b\x01\xff\x1d\x0c\x01\
\xff\x1c\x0c\x01\xff\x1c\x0c\x01\xff\x1c\x0b\x00\xff\x1c\x0b\x00\
\xff\x1e\x0b\x00\xff\x1f\x0c\x01\xff\x1f\x0c\x00\xff\x1f\x0c\x01\
\xff\x1e\x0b\x02\xff\x1d\x0a\x01\xff\x1d\x0b\x01\xff\x1f\x0b\x00\
\xff\x1e\x0b\x01\xff\x1d\x0a\x02\xff\x19\x09\x00\xff\x15\x09\x01\
\xff\x16\x0a\x05\xf1\x18\x0b\x09\x50\x15\x08\x05\x00\xff\xff\xff\
\x00\x00\x00\x00\x00\x00\x00\x00\x00\x00\x00\x00\x00\x00\x00\x00\
\x00\x00\x00\x00\x00\x00\x00\x00\x00\x00\x00\x00\x00\x00\x00\x00\
\x00\x14\x06\x04\x00\x16\x08\x06\x00\x15\x08\x06\x14\x1c\x0c\x07\
\xc4\x20\x0c\x05\xff\x20\x0c\x01\xff\x1e\x0c\x00\xff\x1f\x0b\x00\
\xff\x1f\x0b\x01\xff\x1c\x0b\x02\xff\x14\x0a\x04\xea\x17\x0c\x09\
\x39\x16\x0b\x06\x00\xe7\x87\x37\x00\xa4\x79\x79\x02\xeb\x7e\x16\
\x8c\xf5\x83\x10\xf2\xed\x86\x17\x5c\xf6\x7d\x04\x00\x0e\x55\x82\
\x00\x1a\x07\x01\x00\x1a\x0e\x09\x62\x21\x0d\x05\xfa\x21\x0d\x01\
\xff\x1e\x0c\x00\xff\x1d\x0b\x00\xff\x1b\x0b\x00\xff\x1c\x0a\x01\
\xff\x1c\x0b\x04\xff\x18\x0b\x08\xad\x13\x0b\x09\x0a\x15\x0b\x09\
\x00\x0f\x0c\x0b\x00\x00\x00\x00\x00\x00\x00\x00\x00\x00\x00\x00\
\x00\x00\x00\x00\x00\x00\x00\x00\x00\x00\x00\x00\x00\x00\x00\x00\
\x00\x00\x00\x00\x00\x00\x00\x00\x00\x00\x00\x00\x00\x18\x0f\x0f\
\x00\x14\x0d\x0f\x0e\x16\x09\x06\xc2\x1b\x0a\x02\xff\x1c\x0a\x01\
\xff\x1c\x09\x01\xff\x1d\x09\x01\xff\x1f\x0a\x02\xff\x20\x0c\x01\
\xff\x20\x0d\x00\xff\x20\x0c\x01\xff\x20\x0d\x01\xff\x20\x0e\x01\
\xff\x1e\x0c\x01\xff\x1d\x0b\x01\xff\x1d\x0a\x01\xff\x1d\x0a\x01\
\xff\x1c\x0a\x02\xff\x1b\x09\x01\xff\x1b\x09\x00\xff\x1b\x0b\x00\
\xff\x1c\x0b\x01\xff\x20\x0c\x01\xff\x21\x0c\x01\xff\x22\x0c\x01\
\xff\x22\x0c\x00\xff\x20\x0c\x00\xff\x1d\x0b\x00\xff\x1d\x0b\x01\
\xff\x1c\x09\x01\xff\x1b\x08\x00\xff\x1b\x09\x00\xff\x1c\x0a\x01\
\xff\x1c\x0b\x03\xff\x17\x0b\x05\xe5\x13\x0b\x07\x3d\x12\x08\x03\
\x00\x16\x05\x00\x00\x00\x00\x00\x00\x00\x00\x00\x00\x00\x00\x00\
\x00\x00\x00\x00\x00\x00\x00\x00\x00\x00\x00\x00\x00\x13\x0d\x07\
\x00\x19\x0b\x07\x00\x16\x0d\x08\x7d\x1a\x0c\x05\xff\x1d\x0b\x01\
\xff\x1d\x0b\x00\xff\x1c\x0b\x00\xff\x1d\x0b\x00\xff\x1f\x0b\x04\
\xff\x1a\x0c\x07\xd2\x12\x09\x08\x16\x15\x0b\x0a\x00\x4b\x47\x49\
\x00\x0e\x00\x00\x00\x16\x09\x07\x50\x19\x0a\x05\xee\x1d\x0b\x02\
\xff\x1f\x0c\x00\xff\x1d\x0a\x01\xff\x1c\x0a\x00\xff\x1f\x0c\x01\
\xff\x1e\x0b\x02\xff\x17\x0a\x05\xfc\x14\x0b\x08\x76\x18\x0f\x0c\
\x18\x14\x0b\x05\xbc\x15\x0a\x03\xff\x18\x08\x01\xff\x1b\x08\x00\
\xff\x1c\x09\x00\xff\x1d\x09\x01\xff\x20\x0b\x03\xff\x21\x0c\x05\
\xfe\x1c\x0c\x06\x89\x1e\x17\x16\x04\x1e\x13\x10\x00\x13\x11\x10\
\x00\x0b\x1d\x19\x01\x12\x09\x06\x9d\x16\x0a\x04\xff\x1a\x09\x01\
\xff\x1c\x0a\x01\xff\x1d\x0b\x00\xff\x1c\x0a\x01\xff\x1d\x0b\x01\
\xff\x17\x0a\x03\xc3\x0e\x07\x05\x0d\x12\x09\x07\x00\x00\x00\x00\
\x00\x00\x00\x00\x00\x00\x00\x00\x00\x00\x00\x00\x00\x00\x00\x00\
\x00\x00\x00\x00\x00\x00\x00\x00\x00\x00\x00\x00\x00\x00\x00\x00\
\x00\x00\x00\x00\x00\x00\x00\x00\x00\x00\x00\x00\x00\x00\x00\x00\
\x00\x00\x00\x00\x00\x00\x00\x00\x00\x00\x00\x00\x00\x00\x00\x00\
\x00\x00\x00\x00\x00\x00\x00\x00\x00\x25\x17\x12\x00\x1c\x0d\x08\
\x00\x1b\x0e\x0a\x22\x18\x09\x05\xd9\x19\x09\x02\xff\x1b\x0a\x00\
\xff\x1c\x0a\x00\xff\x1c\x0a\x01\xff\x1d\x09\x01\xff\x1c\x09\x02\
\xff\x1a\x0c\x06\xe1\x19\x0f\x0b\x2b\x19\x0e\x0a\x00\x1a\x0e\x0a\
\x00\x00\x00\x00\x00\x00\x00\x00\x00\x2b\x25\x23\x00\x10\x0a\x08\
\x00\x10\x0c\x0b\x0e\x14\x09\x06\xba\x1a\x0a\x03\xff\x1c\x0a\x00\
\xff\x1c\x09\x01\xff\x1c\x09\x01\xff\x1d\x09\x00\xff\x1c\x0b\x01\
\xff\x19\x0b\x05\xe8\x17\x0c\x09\x35\x17\x0c\x09\x00\x15\x11\x0f\
\x00\x00\x00\x00\x00\x00\x00\x00\x00\x00\x00\x00\x00\x00\x00\x00\
\x00\x00\x00\x00\x00\x00\x00\x00\x00\x00\x00\x00\x00\x00\x00\x00\
\x00\x00\x00\x00\x00\x00\x00\x00\x00\x17\x0a\x0a\x00\x08\x00\x04\
\x05\x1d\x09\x06\xad\x1f\x0c\x04\xff\x1d\x0b\x00\xff\x1d\x0b\x00\
\xff\x1c\x0a\x00\xff\x1d\x0b\x00\xff\x19\x0c\x03\xff\x14\x0b\x07\
\x9b\x00\x00\x14\x01\x11\x08\x09\x00\x00\x00\x00\x00\x00\x00\x00\
\x00\x00\x00\x00\x00\x00\x00\x00\x00\x00\x00\x00\x00\x00\x00\x00\
\x00\x30\x20\x20\x00\x17\x0b\x07\x00\x16\x0d\x09\x00\x13\x0f\x0d\
\x0c\x13\x09\x07\x6f\x18\x09\x06\xd8\x1d\x0b\x04\xff\x1f\x0d\x02\
\xff\x1f\x0c\x01\xff\x20\x0c\x01\xff\x1e\x0b\x00\xff\x1d\x0b\x00\
\xff\x1c\x0a\x00\xff\x1d\x0a\x01\xff\x1d\x0b\x01\xff\x1c\x0b\x00\
\xff\x1c\x0c\x00\xff\x1c\x0c\x00\xff\x1d\x0b\x00\xff\x1c\x0a\x00\
\xff\x1d\x0b\x00\xff\x1d\x0b\x00\xff\x1f\x0b\x01\xff\x20\x0c\x01\
\xff\x1f\x0c\x01\xff\x1e\x0b\x00\xff\x1e\x0b\x01\xff\x1f\x0d\x01\
\xff\x22\x0d\x01\xff\x20\x0d\x02\xff\x19\x0b\x02\xff\x12\x09\x06\
\xf3\x11\x0a\x09\x75\x1a\x10\x10\x04\x19\x0f\x0e\x00\x1d\x11\x0e\
\x00\x00\x00\x00\x00\x00\x00\x00\x00\x00\x00\x00\x00\x00\x00\x00\
\x00\x00\x00\x00\x00\x00\x00\x00\x00\x00\x00\x00\x00\x00\x00\x00\
\x00\x15\x15\x15\x00\x56\x47\x32\x00\x19\x0a\x06\x00\x1b\x0c\x09\
\x5a\x21\x0e\x07\xf8\x22\x0d\x02\xff\x1e\x0b\x00\xff\x1c\x09\x01\
\xff\x1b\x09\x01\xff\x19\x09\x01\xff\x14\x09\x02\xff\x17\x0a\x06\
\xa0\x25\x17\x15\x05\x19\x0e\x0d\x00\xe1\x82\x21\x00\xdd\x85\x23\
\x16\xdf\x84\x21\x40\xd2\x80\x24\x08\xdb\x84\x22\x00\x14\x0c\x07\
\x00\x14\x0d\x08\x1a\x16\x0a\x04\xcd\x1b\x0a\x01\xff\x1d\x0a\x00\
\xff\x1d\x0b\x00\xff\x1d\x0b\x00\xff\x1c\x0b\x00\xff\x1c\x0c\x02\
\xff\x1b\x0d\x06\xee\x17\x0c\x0b\x43\x16\x0a\x09\x00\x13\x05\x00\
\x00\x00\x00\x00\x00\x00\x00\x00\x00\x00\x00\x00\x00\x00\x00\x00\
\x00\x00\x00\x00\x00\x00\x00\x00\x00\x00\x00\x00\x00\x00\x00\x00\
\x00\x00\x00\x00\x00\x00\x00\x00\x00\x00\x00\x00\x00\x17\x0d\x0c\
\x00\x13\x0a\x0c\x0e\x18\x09\x06\xc2\x1d\x0a\x02\xff\x1c\x0a\x00\
\xff\x1d\x0a\x00\xff\x1e\x0a\x00\xff\x20\x0b\x01\xff\x21\x0c\x02\
\xff\x22\x0d\x03\xff\x23\x0f\x05\xff\x21\x10\x04\xff\x1e\x0e\x05\
\xff\x1a\x0c\x05\xff\x19\x0b\x04\xff\x19\x0b\x05\xff\x1a\x0b\x05\
\xff\x19\x0b\x05\xff\x18\x0a\x04\xff\x17\x0a\x04\xff\x18\x0b\x04\
\xff\x19\x0c\x05\xff\x1c\x0d\x05\xff\x1f\x0d\x04\xff\x21\x0e\x04\
\xff\x23\x0f\x03\xff\x22\x0d\x03\xff\x1e\x0b\x02\xff\x1b\x0a\x01\
\xff\x1a\x0a\x00\xff\x1b\x0a\x00\xff\x1b\x0a\x01\xff\x1d\x0b\x00\
\xff\x1c\x0b\x00\xff\x16\x09\x03\xff\x12\x08\x07\xb2\x13\x0e\x0e\
\x0b\x14\x0d\x0c\x00\x00\x00\x00\x00\x00\x00\x00\x00\x00\x00\x00\
\x00\x00\x00\x00\x00\x00\x00\x00\x00\x00\x00\x00\x00\x15\x0e\x0a\
\x00\x1c\x0c\x07\x00\x19\x0e\x0a\x7b\x1c\x0c\x05\xff\x1c\x0a\x01\
\xff\x1c\x0b\x00\xff\x1c\x0b\x00\xff\x1d\x0a\x00\xff\x1c\x0b\x04\
\xff\x18\x0c\x07\xd2\x12\x08\x06\x16\x16\x0b\x09\x00\x16\x0a\x07\
\x00\x18\x0d\x0b\x27\x15\x09\x05\xd1\x16\x08\x02\xff\x19\x09\x00\
\xff\x1b\x09\x00\xff\x1c\x09\x01\xff\x1d\x0c\x00\xff\x22\x0d\x01\
\xff\x21\x0d\x05\xff\x1a\x0c\x08\xac\x1a\x12\x0f\x10\x0f\x05\x03\
\x00\x10\x09\x06\x3d\x14\x09\x04\xe6\x19\x09\x02\xff\x1e\x0a\x00\
\xff\x1d\x0a\x00\xff\x1c\x0a\x00\xff\x1e\x0a\x00\xff\x1f\x0b\x01\
\xff\x1a\x0b\x05\xf2\x16\x0a\x07\x57\x0b\x00\x00\x00\x22\x1e\x1b\
\x00\x17\x2a\x2a\x01\x11\x09\x06\x9d\x17\x0a\x04\xff\x1b\x09\x01\
\xff\x1e\x09\x01\xff\x1d\x0b\x00\xff\x1d\x0b\x01\xff\x1d\x0b\x01\
\xff\x18\x0a\x03\xc3\x0e\x07\x06\x0d\x13\x09\x07\x00\x00\x00\x00\
\x00\x00\x00\x00\x00\x00\x00\x00\x00\x00\x00\x00\x00\x00\x00\x00\
\x00\x00\x00\x00\x00\x00\x00\x00\x00\x00\x00\x00\x00\x00\x00\x00\
\x00\x00\x00\x00\x00\x00\x00\x00\x00\x00\x00\x00\x00\x00\x00\x00\
\x00\x00\x00\x00\x00\x00\x00\x00\x00\x00\x00\x00\x00\x00\x00\x00\
\x00\x00\x00\x00\x00\x00\x00\x00\x00\x2e\x1d\x1a\x00\x14\x02\x00\
\x00\x1e\x0e\x08\x78\x1e\x0c\x05\xff\x1c\x09\x02\xff\x1b\x08\x00\
\xff\x1b\x08\x00\xff\x1a\x09\x00\xff\x1a\x09\x01\xff\x1a\x0a\x04\
\xff\x17\x0b\x07\x91\x1f\x25\x1c\x01\x1d\x15\x10\x00\x00\x00\x00\
\x00\x00\x00\x00\x00\x00\x00\x00\x00\x00\x00\x00\x00\x8d\x8c\x9e\
\x00\x0f\x02\x00\x00\x14\x0a\x08\x5b\x18\x0a\x05\xf9\x1c\x0a\x02\
\xff\x1c\x0a\x01\xff\x1c\x0a\x00\xff\x1c\x09\x01\xff\x1d\x0a\x01\
\xff\x1c\x0c\x04\xff\x17\x0b\x08\x93\x15\x18\x1c\x02\x17\x11\x0f\
\x00\x16\x0b\x07\x00\x00\x00\x00\x00\x00\x00\x00\x00\x00\x00\x00\
\x00\x00\x00\x00\x00\x00\x00\x00\x00\x00\x00\x00\x00\x00\x00\x00\
\x00\x00\x00\x00\x00\x00\x00\x00\x00\x17\x08\x08\x00\x07\x00\x02\
\x05\x1d\x08\x06\xad\x1f\x0c\x04\xff\x1d\x0b\x00\xff\x1d\x0b\x00\
\xff\x1c\x0a\x00\xff\x1d\x0b\x00\xff\x19\x0c\x03\xff\x15\x0b\x07\
\x9a\x00\x00\x14\x01\x12\x08\x08\x00\x00\x00\x00\x00\x00\x00\x00\
\x00\x00\x00\x00\x00\x00\x00\x00\x00\x00\x00\x00\x00\x00\x00\x00\
\x00\x16\x0a\x06\x00\x18\x0c\x09\x00\x19\x0e\x0c\x0f\x15\x09\x07\
\x98\x13\x07\x04\xfc\x17\x08\x04\xff\x1c\x0a\x02\xff\x1d\x0b\x00\
\xff\x1e\x0b\x00\xff\x1f\x0b\x00\xff\x1e\x0b\x00\xff\x1d\x0b\x00\
\xff\x1d\x0b\x00\xff\x1c\x0b\x01\xff\x1b\x0c\x01\xff\x1c\x0b\x00\
\xff\x1b\x0b\x00\xff\x1c\x0b\x00\xff\x1d\x0b\x00\xff\x1c\x0a\x00\
\xff\x1d\x0b\x00\xff\x1d\x0b\x00\xff\x1d\x0c\x00\xff\x1d\x0d\x00\
\xff\x1d\x0d\x00\xff\x1c\x0c\x00\xff\x1b\x0a\x01\xff\x1f\x0b\x01\
\xff\x24\x0e\x03\xff\x23\x0e\x05\xff\x1b\x0c\x06\xd8\x11\x08\x06\
\x5b\x0c\x0c\x11\x04\x15\x0c\x0c\x00\x19\x0e\x0d\x00\x00\x00\x00\
\x00\x00\x00\x00\x00\x00\x00\x00\x00\x00\x00\x00\x00\x00\x00\x00\
\x00\x00\x00\x00\x00\x00\x00\x00\x00\x00\x00\x00\x00\x00\x00\x00\
\x00\x00\x00\x00\x00\x1c\x0e\x09\x00\x17\x0a\x08\x00\x13\x09\x07\
\x0d\x1c\x0d\x06\xb4\x1e\x0d\x02\xff\x1b\x0b\x00\xff\x1b\x09\x01\
\xff\x1b\x08\x00\xff\x1b\x09\x00\xff\x1a\x0a\x01\xff\x1d\x0d\x06\
\xef\x1f\x10\x0c\x42\x1d\x0e\x09\x00\xa7\x5e\x14\x00\xe3\x85\x1d\
\x00\xe6\x84\x18\x00\xdb\x81\x1d\x00\x00\x00\x17\x00\x0c\x00\x00\
\x00\x16\x0a\x06\x74\x17\x09\x02\xfe\x1a\x09\x00\xff\x1b\x09\x00\
\xff\x1b\x0a\x00\xff\x1c\x0a\x00\xff\x1c\x0a\x01\xff\x1c\x0c\x04\
\xff\x1a\x0c\x05\x98\x15\x10\x11\x04\x19\x0f\x0d\x00\x19\x12\x12\
\x00\x00\x00\x00\x00\x00\x00\x00\x00\x00\x00\x00\x00\x00\x00\x00\
\x00\x00\x00\x00\x00\x00\x00\x00\x00\x00\x00\x00\x00\x00\x00\x00\
\x00\x00\x00\x00\x00\x00\x00\x00\x00\x00\x00\x00\x00\x18\x0d\x0d\
\x00\x14\x0b\x0c\x0d\x19\x09\x06\xc1\x1f\x0b\x02\xff\x1e\x0b\x00\
\xff\x1f\x0b\x00\xff\x1f\x0b\x00\xff\x21\x0c\x01\xff\x1f\x0c\x03\
\xff\x1e\x0d\x08\xce\x22\x11\x0b\x89\x1f\x12\x09\x89\x1b\x10\x0a\
\x8a\x18\x0d\x09\x8c\x17\x0c\x09\x8c\x17\x0c\x08\x8b\x17\x0c\x09\
\x8b\x17\x0c\x08\x8b\x17\x0b\x08\x89\x16\x0b\x07\x88\x18\x0c\x08\
\x88\x18\x0c\x09\x89\x19\x0d\x09\x8a\x1c\x0e\x08\x8a\x20\x0f\x08\
\x8e\x20\x0e\x07\xa4\x1f\x0e\x07\xce\x1c\x0c\x05\xf7\x1d\x0a\x04\
\xff\x1c\x09\x01\xff\x1b\x0b\x00\xff\x1b\x0a\x01\xff\x1e\x0b\x00\
\xff\x1e\x0b\x00\xff\x19\x08\x02\xff\x15\x09\x06\xf2\x17\x0c\x0a\
\x43\x15\x0a\x07\x00\x21\x12\x0f\x00\x00\x00\x00\x00\x00\x00\x00\
\x00\x00\x00\x00\x00\x00\x00\x00\x00\x00\x00\x00\x00\x17\x10\x0d\
\x00\x1c\x0c\x06\x00\x1b\x0f\x0c\x79\x1d\x0c\x06\xff\x1d\x0a\x01\
\xff\x1d\x0c\x00\xff\x1d\x0b\x00\xff\x1c\x0a\x00\xff\x1a\x0a\x03\
\xff\x16\x0b\x06\xd4\x13\x0b\x08\x17\x18\x0e\x0a\x00\x1d\x10\x0e\
\x0c\x19\x0b\x06\xa5\x18\x09\x04\xff\x17\x08\x01\xff\x1a\x09\x00\
\xff\x1b\x09\x00\xff\x1a\x09\x00\xff\x1c\x0a\x00\xff\x21\x0d\x03\
\xff\x1f\x0e\x07\xd6\x1a\x0c\x09\x2b\x19\x0b\x07\x00\x19\x11\x11\
\x00\x50\x00\x00\x00\x15\x0a\x05\x72\x1e\x0d\x06\xfb\x21\x0c\x01\
\xff\x1e\x0b\x00\xff\x1b\x0a\x00\xff\x1b\x09\x00\xff\x1b\x09\x01\
\xff\x19\x08\x03\xff\x15\x08\x04\xd8\x15\x0b\x08\x2c\x11\x06\x03\
\x00\x37\x4b\x60\x01\x16\x0c\x08\x9b\x1a\x0c\x05\xff\x1d\x0a\x01\
\xff\x1f\x0a\x01\xff\x1d\x0b\x00\xff\x1c\x0b\x01\xff\x1d\x0b\x01\
\xff\x17\x09\x03\xc3\x0d\x06\x05\x0d\x12\x08\x07\x00\x00\x00\x00\
\x00\x00\x00\x00\x00\x00\x00\x00\x00\x00\x00\x00\x00\x00\x00\x00\
\x00\x00\x00\x00\x00\x00\x00\x00\x00\x00\x00\x00\x00\x00\x00\x00\
\x00\x00\x00\x00\x00\x00\x00\x00\x00\x00\x00\x00\x00\x00\x00\x00\
\x00\x00\x00\x00\x00\x00\x00\x00\x00\x00\x00\x00\x00\x00\x00\x00\
\x00\x00\x00\x00\x00\x25\x18\x14\x00\x1e\x10\x09\x00\x1d\x10\x0a\
\x1b\x22\x0f\x07\xd1\x23\x0d\x02\xff\x1f\x0a\x01\xff\x1d\x09\x01\
\xff\x1b\x08\x01\xff\x1a\x09\x01\xff\x18\x09\x01\xff\x15\x0a\x05\
\xe9\x13\x0a\x08\x37\x12\x09\x07\x00\x1a\x0f\x0c\x00\x00\x00\x00\
\x00\x00\x00\x00\x00\x00\x00\x00\x00\x00\x00\x00\x00\x07\x00\x00\
\x00\x17\x0d\x0a\x00\x17\x0d\x0a\x14\x18\x0c\x08\xc4\x1c\x0c\x04\
\xff\x1d\x0b\x01\xff\x1e\x0b\x00\xff\x1c\x0a\x01\xff\x1c\x0a\x01\
\xff\x1c\x0b\x02\xff\x17\x0b\x07\xe4\x14\x0c\x0a\x31\x15\x0c\x0a\
\x00\x1d\x16\x13\x00\x00\x00\x00\x00\x00\x00\x00\x00\x00\x00\x00\
\x00\x00\x00\x00\x00\x00\x00\x00\x00\x00\x00\x00\x00\x00\x00\x00\
\x00\x00\x00\x00\x00\x00\x00\x00\x00\x16\x0b\x09\x00\x08\x01\x04\
\x05\x1c\x08\x05\xae\x1e\x0b\x03\xff\x1d\x0b\x00\xff\x1d\x0b\x00\
\xff\x1c\x0a\x00\xff\x1c\x0a\x00\xff\x19\x0c\x03\xff\x16\x0c\x08\
\x98\x00\x00\x2c\x00\x13\x0a\x0a\x00\x00\x00\x00\x00\x00\x00\x00\
\x00\x00\x00\x00\x00\x00\x00\x00\x00\x00\x00\x00\x00\x1e\x11\x0d\
\x00\x16\x0a\x06\x00\x11\x09\x08\x02\x19\x0a\x06\x81\x1a\x09\x03\
\xfd\x17\x08\x01\xff\x18\x08\x02\xff\x1a\x09\x01\xff\x1c\x0a\x00\
\xff\x1e\x0b\x00\xff\x1f\x0b\x00\xff\x1e\x0b\x00\xff\x1d\x0b\x00\
\xff\x1d\x0b\x00\xff\x1d\x0b\x00\xff\x1e\x0b\x00\xff\x1d\x0a\x01\
\xff\x1d\x09\x01\xff\x1d\x0a\x01\xff\x1d\x0b\x00\xff\x1c\x0a\x00\
\xff\x1d\x0b\x00\xff\x1d\x0b\x01\xff\x1e\x0d\x01\xff\x20\x0e\x02\
\xff\x20\x0e\x02\xff\x1c\x0b\x03\xff\x18\x0a\x04\xff\x18\x0a\x04\
\xf9\x1d\x0d\x06\xd5\x1e\x0d\x08\x87\x1a\x0b\x09\x27\x0e\x07\x03\
\x00\x11\x0a\x0a\x00\x11\x0a\x0a\x00\x00\x00\x00\x00\x00\x00\x00\
\x00\x00\x00\x00\x00\x00\x00\x00\x00\x00\x00\x00\x00\x00\x00\x00\
\x00\x00\x00\x00\x00\x00\x00\x00\x00\x00\x00\x00\x00\x00\x00\x00\
\x00\x00\x00\x00\x00\x00\x00\x00\x00\x17\x04\x02\x00\x15\x08\x04\
\x00\x15\x0a\x06\x4a\x17\x0b\x04\xf2\x19\x0b\x01\xff\x1c\x0a\x01\
\xff\x1f\x0a\x00\xff\x1f\x0a\x01\xff\x1f\x0b\x01\xff\x22\x0d\x04\
\xff\x20\x0f\x09\xab\x19\x11\x0e\x09\x1a\x10\x0b\x00\x11\x08\x04\
\x00\xbf\xbf\xbf\x00\xff\xff\xff\x00\x15\x05\x00\x00\x1f\x11\x0c\
\x23\x1a\x0a\x05\xd6\x1d\x0b\x03\xff\x1d\x0a\x00\xff\x1c\x0a\x00\
\xff\x1b\x0b\x00\xff\x1c\x0a\x00\xff\x1c\x0a\x02\xff\x1a\x0b\x06\
\xe7\x18\x0c\x07\x34\x17\x0b\x07\x00\x16\x07\x0b\x00\x00\x00\x00\
\x00\x00\x00\x00\x00\x00\x00\x00\x00\x00\x00\x00\x00\x00\x00\x00\
\x00\x00\x00\x00\x00\x00\x00\x00\x00\x00\x00\x00\x00\x00\x00\x00\
\x00\x00\x00\x00\x00\x00\x00\x00\x00\x00\x00\x00\x00\x1c\x11\x0e\
\x00\x17\x0d\x0d\x0c\x19\x0a\x06\xbf\x1f\x0b\x02\xff\x1d\x0b\x00\
\xff\x1f\x0b\x00\xff\x1f\x0b\x00\xff\x21\x0b\x01\xff\x1a\x0c\x04\
\xff\x17\x0f\x0d\x96\x00\x00\x00\x00\x11\x0b\x00\x00\x0f\x02\x00\
\x00\x01\x00\x00\x00\x00\x00\x00\x00\x06\x00\x00\x00\x0a\x00\x00\
\x00\x06\x00\x00\x00\x05\x00\x00\x00\x05\x00\x00\x00\x07\x00\x00\
\x00\x07\x00\x00\x00\x04\x00\x00\x00\x0d\x00\x00\x00\x17\x00\x00\
\x00\x1e\x11\x12\x03\x18\x0f\x0b\x15\x19\x0c\x08\x5a\x20\x0c\x07\
\xd7\x1f\x0a\x04\xff\x19\x09\x01\xff\x1b\x09\x01\xff\x1e\x0a\x01\
\xff\x1e\x0a\x00\xff\x1d\x0a\x01\xff\x1c\x0b\x04\xff\x1b\x0c\x08\
\x8b\x13\x00\x00\x00\x1f\x13\x12\x00\x00\x00\x00\x00\x00\x00\x00\
\x00\x00\x00\x00\x00\x00\x00\x00\x00\x00\x00\x00\x00\x18\x10\x0e\
\x00\x1c\x0b\x06\x00\x1b\x0f\x0b\x79\x1c\x0c\x05\xff\x1d\x0b\x01\
\xff\x1c\x0b\x00\xff\x1d\x0b\x00\xff\x1c\x0a\x00\xff\x17\x09\x02\
\xff\x13\x09\x06\xd5\x14\x0e\x0d\x18\x1c\x00\x00\x00\x1e\x0e\x08\
\x6f\x21\x0e\x06\xf9\x1d\x0b\x02\xff\x1a\x09\x01\xff\x1c\x0a\x00\
\xff\x1b\x09\x00\xff\x19\x08\x00\xff\x18\x08\x01\xff\x19\x0b\x05\
\xf4\x1a\x0c\x08\x5b\x17\x0b\x06\x00\x18\x0a\x09\x00\x16\x0d\x0d\
\x00\x15\x0b\x06\x00\x14\x0a\x04\x0f\x1e\x0c\x07\xae\x20\x0d\x04\
\xff\x1d\x0b\x00\xff\x1b\x09\x00\xff\x1a\x08\x00\xff\x1a\x08\x01\
\xff\x1a\x08\x01\xff\x19\x09\x03\xff\x17\x0b\x06\xa7\x18\x10\x0c\
\x0c\x00\x00\x00\x00\x1b\x0e\x0a\x9b\x1e\x0d\x06\xff\x1f\x0b\x01\
\xff\x1e\x0b\x00\xff\x1c\x0b\x00\xff\x1c\x0a\x01\xff\x1e\x0b\x01\
\xff\x17\x09\x03\xc3\x09\x07\x06\x0d\x0e\x0a\x07\x00\x00\x00\x00\
\x00\x00\x00\x00\x00\x00\x00\x00\x00\x00\x00\x00\x00\x00\x00\x00\
\x00\x00\x00\x00\x00\x00\x00\x00\x00\x00\x00\x00\x00\x00\x00\x00\
\x00\x00\x00\x00\x00\x00\x00\x00\x00\x00\x00\x00\x00\x00\x00\x00\
\x00\x00\x00\x00\x00\x00\x00\x00\x00\x00\x00\x00\x00\x00\x00\x00\
\x00\x40\x40\x40\x00\x3b\x36\x30\x00\x1d\x08\x02\x00\x1e\x0f\x08\
\x6b\x23\x0e\x05\xfd\x22\x0d\x02\xff\x20\x0b\x00\xff\x1d\x0a\x00\
\xff\x1c\x09\x00\xff\x1c\x09\x00\xff\x1a\x0a\x03\xff\x15\x0a\x07\
\xa1\x12\x0e\x0f\x05\x15\x0d\x0c\x00\x16\x13\x09\x00\x00\x00\x00\
\x00\x00\x00\x00\x00\x00\x00\x00\x00\x00\x00\x00\x00\x00\x00\x00\
\x00\x1b\x24\x22\x00\x18\x09\x03\x00\x19\x0e\x0a\x67\x1d\x0d\x06\
\xfc\x1f\x0c\x01\xff\x1f\x0b\x00\xff\x1c\x0a\x01\xff\x1a\x09\x01\
\xff\x1a\x09\x01\xff\x16\x09\x04\xff\x14\x0a\x07\x8e\x2e\x31\x31\
\x02\x1e\x17\x14\x00\x33\x33\x33\x00\x00\x00\x00\x00\x00\x00\x00\
\x00\x00\x00\x00\x00\x00\x00\x00\x00\x00\x00\x00\x00\x00\x00\x00\
\x00\x00\x00\x00\x00\x00\x00\x00\x00\x15\x09\x08\x00\x08\x00\x04\
\x05\x1b\x08\x05\xae\x1e\x0b\x02\xff\x1c\x0b\x00\xff\x1d\x0b\x00\
\xff\x1c\x0a\x00\xff\x1c\x0a\x00\xff\x19\x0c\x03\xff\x16\x0d\x08\
\x98\x00\x00\x33\x00\x12\x0a\x0a\x00\x00\x00\x00\x00\x00\x00\x00\
\x00\x00\x00\x00\x00\x00\x00\x00\x00\x00\x00\x00\x00\x32\x18\x0c\
\x00\x1c\x0d\x08\x00\x1c\x0d\x0a\x41\x1e\x0d\x06\xed\x21\x0c\x02\
\xff\x1d\x0a\x01\xff\x19\x09\x00\xff\x19\x09\x00\xff\x1b\x09\x01\
\xff\x1e\x0a\x01\xff\x20\x0c\x01\xff\x1e\x0b\x00\xff\x1d\x0b\x00\
\xff\x1d\x0b\x00\xff\x1e\x0b\x02\xff\x1d\x0b\x03\xff\x1c\x0b\x03\
\xff\x1a\x0b\x04\xff\x1b\x0c\x05\xff\x1c\x0b\x04\xff\x1c\x0b\x04\
\xff\x1c\x0b\x04\xff\x1d\x0c\x05\xff\x1c\x0d\x05\xfa\x20\x10\x08\
\xf0\x1e\x0d\x06\xda\x19\x0b\x06\xba\x16\x0b\x09\x8c\x13\x0b\x08\
\x52\x15\x0c\x08\x1c\x54\x00\x00\x00\x19\x0a\x07\x00\x1a\x10\x0e\
\x00\x1a\x0d\x0a\x00\x00\x00\x00\x00\x00\x00\x00\x00\x00\x00\x00\
\x00\x00\x00\x00\x00\x00\x00\x00\x00\x00\x00\x00\x00\x00\x00\x00\
\x00\x00\x00\x00\x00\x00\x00\x00\x00\x00\x00\x00\x00\x00\x00\x00\
\x00\x00\x00\x00\x00\x00\x00\x00\x00\x14\x0f\x0d\x00\x11\x08\x05\
\x00\x0d\x06\x05\x08\x15\x0a\x05\xa9\x1c\x0c\x04\xff\x20\x0b\x02\
\xff\x21\x0b\x00\xff\x1f\x0a\x00\xff\x1d\x0a\x00\xff\x21\x0b\x01\
\xff\x1d\x0c\x04\xf5\x15\x0c\x06\x53\x19\x0c\x05\x00\x26\x14\x0a\
\x00\xff\xff\xff\x00\x21\x13\x12\x00\x91\x8d\xa8\x01\x1a\x0b\x07\
\x84\x1a\x0a\x04\xff\x1d\x0b\x01\xff\x1e\x0b\x00\xff\x1d\x0b\x00\
\xff\x1d\x0a\x00\xff\x1e\x0b\x00\xff\x1d\x0c\x04\xff\x16\x0b\x07\
\x96\x15\x16\x19\x03\x19\x11\x0f\x00\x20\x20\x00\x00\x00\x00\x00\
\x00\x00\x00\x00\x00\x00\x00\x00\x00\x00\x00\x00\x00\x00\x00\x00\
\x00\x00\x00\x00\x00\x00\x00\x00\x00\x00\x00\x00\x00\x00\x00\x00\
\x00\x00\x00\x00\x00\x00\x00\x00\x00\x00\x00\x00\x00\x19\x0f\x0c\
\x00\x14\x0c\x0b\x0c\x19\x0a\x06\xc0\x1e\x0b\x02\xff\x1d\x0b\x00\
\xff\x1e\x0a\x00\xff\x1e\x0a\x00\xff\x20\x0b\x00\xff\x1b\x0c\x04\
\xff\x18\x10\x0c\x94\x00\x00\x00\x00\x21\x14\x14\x00\x29\x14\x14\
\x00\x26\x12\x12\x00\x26\x12\x12\x00\x1c\x0e\x0e\x00\x1a\x0e\x0e\
\x00\x21\x0f\x0f\x00\x24\x14\x14\x00\x23\x12\x12\x00\x24\x12\x12\
\x00\x24\x12\x12\x00\x2d\x1d\x1d\x00\x27\x16\x16\x00\x23\x18\x16\
\x00\x25\x14\x0f\x00\x1a\x0f\x0a\x00\x19\x0a\x06\x00\x1c\x0e\x0a\
\x43\x1b\x0b\x06\xea\x1b\x0a\x02\xff\x1b\x0a\x01\xff\x1b\x09\x01\
\xff\x1b\x09\x00\xff\x1d\x0a\x00\xff\x1f\x0d\x03\xff\x1d\x0e\x08\
\xbe\x1a\x11\x0f\x0b\x1f\x13\x10\x00\x00\x00\x00\x00\x00\x00\x00\
\x00\x00\x00\x00\x00\x00\x00\x00\x00\x00\x00\x00\x00\x15\x0d\x0c\
\x00\x1b\x0b\x05\x00\x19\x0d\x0a\x79\x1c\x0c\x05\xff\x1d\x0b\x01\
\xff\x1c\x0b\x01\xff\x1d\x0a\x01\xff\x1b\x09\x01\xff\x16\x08\x02\
\xff\x11\x08\x06\xd5\x16\x0f\x11\x17\x1b\x0e\x08\x40\x21\x0e\x05\
\xe6\x26\x0d\x03\xff\x20\x0b\x00\xff\x1d\x0a\x00\xff\x1d\x0a\x00\
\xff\x1b\x0a\x00\xff\x17\x08\x00\xff\x13\x07\x03\xff\x13\x09\x07\
\x98\x1a\x10\x0e\x07\x18\x0c\x0a\x00\x17\x08\x05\x00\x00\x00\x00\
\x00\x17\x0b\x03\x00\x1a\x0e\x09\x00\x1a\x0d\x0a\x2f\x1c\x0d\x06\
\xdb\x1c\x0b\x03\xff\x1c\x09\x01\xff\x1c\x09\x00\xff\x1b\x0a\x00\
\xff\x1c\x0b\x00\xff\x1d\x0b\x01\xff\x1b\x0c\x05\xfb\x16\x0a\x07\
\x78\x1b\x2d\x37\x02\x1e\x0f\x0a\x9c\x21\x0e\x06\xff\x21\x0b\x00\
\xff\x1d\x0a\x00\xff\x1c\x0b\x00\xff\x1c\x0a\x01\xff\x1e\x0b\x01\
\xff\x17\x09\x03\xc2\x0b\x08\x06\x0d\x10\x0b\x07\x00\x00\x00\x00\
\x00\x00\x00\x00\x00\x00\x00\x00\x00\x00\x00\x00\x00\x00\x00\x00\
\x00\x00\x00\x00\x00\x00\x00\x00\x00\x00\x00\x00\x00\x00\x00\x00\
\x00\x00\x00\x00\x00\x00\x00\x00\x00\x00\x00\x00\x00\x00\x00\x00\
\x00\x00\x00\x00\x00\x00\x00\x00\x00\x00\x00\x00\x00\x00\x00\x00\
\x00\xae\xd0\xda\x00\x18\x0b\x07\x00\x18\x0d\x09\x16\x1c\x0c\x05\
\xc9\x22\x0c\x03\xff\x1f\x0c\x01\xff\x1e\x0b\x00\xff\x1d\x0b\x00\
\xff\x1d\x0b\x00\xff\x1f\x0b\x01\xff\x1c\x0c\x06\xf0\x17\x0c\x09\
\x42\x16\x0a\x06\x00\x08\x00\x00\x00\x00\x00\x00\x00\x00\x00\x00\
\x00\x00\x00\x00\x00\x00\x00\x00\x00\x00\x00\x00\x00\x00\x00\x00\
\x00\x12\x0d\x0a\x00\x1a\x0d\x09\x00\x1a\x0d\x09\x1a\x1b\x0c\x06\
\xcd\x1f\x0c\x03\xff\x20\x0a\x00\xff\x1c\x0a\x01\xff\x18\x09\x01\
\xff\x19\x09\x01\xff\x18\x08\x02\xff\x15\x09\x05\xdf\x18\x0f\x0b\
\x29\x18\x0e\x0a\x00\x1a\x10\x0a\x00\x00\x00\x00\x00\x00\x00\x00\
\x00\x00\x00\x00\x00\x00\x00\x00\x00\x00\x00\x00\x00\x00\x00\x00\
\x00\x00\x00\x00\x00\x00\x00\x00\x00\x17\x0c\x0a\x00\x0a\x02\x05\
\x05\x1c\x08\x05\xae\x1e\x0b\x03\xff\x1c\x0a\x00\xff\x1c\x0a\x00\
\xff\x1c\x0a\x00\xff\x1c\x0a\x00\xff\x19\x0b\x03\xff\x16\x0c\x09\
\x98\x00\x00\x2b\x01\x11\x0a\x0a\x00\x00\x00\x00\x00\x00\x00\x00\
\x00\x00\x00\x00\x00\x00\x00\x00\x00\x00\x00\x00\x00\x1f\x0f\x0b\
\x00\x18\x0e\x0d\x03\x1f\x0e\x09\x9d\x22\x0e\x05\xff\x21\x0c\x01\
\xff\x1e\x0a\x00\xff\x1b\x09\x00\xff\x1a\x09\x01\xff\x1b\x09\x00\
\xff\x1d\x09\x00\xff\x21\x0c\x02\xff\x21\x0e\x04\xff\x1d\x0c\x04\
\xff\x1b\x0b\x03\xf8\x19\x0a\x04\xee\x18\x0b\x06\xe6\x16\x0c\x07\
\xd8\x12\x0a\x07\xc9\x14\x0b\x07\xbd\x1b\x0e\x09\xaf\x19\x0b\x08\
\x96\x18\x0a\x06\x82\x1d\x0d\x08\x6f\x17\x0c\x08\x52\x1c\x10\x0c\
\x38\x1b\x0e\x0a\x1d\x19\x11\x0f\x0a\x04\x00\x00\x00\x0f\x06\x03\
\x00\x16\x0c\x07\x00\x21\x14\x10\x00\x1c\x0f\x0b\x00\x1c\x15\x13\
\x00\x00\x00\x00\x00\x00\x00\x00\x00\x00\x00\x00\x00\x00\x00\x00\
\x00\x00\x00\x00\x00\x00\x00\x00\x00\x00\x00\x00\x00\x00\x00\x00\
\x00\x00\x00\x00\x00\x00\x00\x00\x00\x00\x00\x00\x00\x00\x00\x00\
\x00\x00\x00\x00\x00\x00\x00\x00\x00\x00\x00\x00\x00\x0e\x05\x00\
\x00\x19\x0b\x06\x00\x18\x0a\x06\x43\x1f\x0d\x07\xef\x22\x0c\x03\
\xff\x21\x0b\x00\xff\x1c\x0a\x01\xff\x1a\x09\x01\xff\x1d\x09\x00\
\xff\x1c\x0a\x02\xff\x17\x0c\x05\xbf\x1a\x12\x0d\x11\x1a\x11\x0c\
\x00\x1a\x10\x0b\x00\x20\x0d\x07\x00\x22\x10\x0a\x2c\x1e\x0c\x05\
\xe0\x1a\x0a\x02\xff\x1b\x0a\x01\xff\x1d\x0a\x00\xff\x1d\x0a\x00\
\xff\x1e\x0a\x01\xff\x20\x0c\x02\xff\x1c\x0c\x05\xe4\x15\x0a\x07\
\x32\x16\x0a\x05\x00\x1b\x11\x0d\x00\x00\x00\x00\x00\x00\x00\x00\
\x00\x00\x00\x00\x00\x00\x00\x00\x00\x00\x00\x00\x00\x00\x00\x00\
\x00\x00\x00\x00\x00\x00\x00\x00\x00\x00\x00\x00\x00\x00\x00\x00\
\x00\x00\x00\x00\x00\x00\x00\x00\x00\x00\x00\x00\x00\x1b\x10\x0d\
\x00\x16\x0e\x0d\x0e\x19\x0a\x06\xc2\x1f\x0b\x02\xff\x1e\x0a\x00\
\xff\x1e\x0b\x00\xff\x1f\x0b\x00\xff\x20\x0b\x00\xff\x1f\x0e\x04\
\xff\x1d\x11\x0d\x90\x00\x00\x00\x00\x1b\x14\x14\x00\x00\x00\x00\
\x00\x00\x00\x00\x00\x00\x00\x00\x00\x00\x00\x00\x00\x00\x00\x00\
\x00\x00\x00\x00\x00\x00\x00\x00\x00\x00\x00\x00\x00\x00\x00\x00\
\x00\x00\x00\x00\x00\x00\x00\x00\x00\x00\x00\x00\x00\x00\x00\x00\
\x00\x00\x00\x00\x00\x20\x13\x0e\x00\x19\x10\x0c\x00\x11\x11\x10\
\x04\x18\x0b\x05\xa8\x1c\x0b\x02\xff\x1b\x0a\x01\xff\x1a\x09\x00\
\xff\x1b\x0a\x01\xff\x1c\x0a\x00\xff\x1e\x0c\x02\xff\x1d\x0f\x09\
\xd8\x18\x0f\x0c\x19\x19\x0f\x0c\x00\x00\x00\x00\x00\x00\x00\x00\
\x00\x00\x00\x00\x00\x00\x00\x00\x00\x00\x00\x00\x00\x15\x0d\x0a\
\x00\x1a\x0b\x06\x00\x19\x0d\x0a\x79\x1b\x0c\x05\xff\x1d\x0a\x01\
\xff\x1c\x0b\x00\xff\x1c\x0a\x01\xff\x1b\x09\x01\xff\x14\x08\x02\
\xff\x0e\x08\x05\xd4\x14\x0d\x0b\x3a\x18\x0b\x06\xc5\x20\x0c\x04\
\xff\x24\x0c\x01\xff\x20\x0c\x01\xff\x1e\x0b\x00\xff\x20\x0c\x00\
\xff\x1e\x0b\x01\xff\x18\x0a\x03\xff\x11\x09\x06\xcb\x0f\x0a\x09\
\x21\x10\x0a\x08\x00\x12\x0b\x09\x00\x00\x00\x00\x00\x00\x00\x00\
\x00\x15\x0a\x0a\x00\x12\x12\x0f\x00\x1d\x04\x00\x00\x17\x0b\x06\
\x65\x1b\x0c\x06\xf8\x1e\x0a\x03\xff\x1e\x0a\x00\xff\x1c\x0b\x00\
\xff\x1c\x0b\x00\xff\x1c\x0a\x00\xff\x1a\x09\x02\xff\x15\x08\x03\
\xeb\x15\x0b\x06\x4a\x20\x10\x09\x9c\x21\x0d\x05\xff\x20\x0b\x00\
\xff\x1d\x0b\x00\xff\x1c\x0b\x00\xff\x1c\x0b\x00\xff\x1d\x0b\x01\
\xff\x17\x09\x03\xc2\x0b\x06\x04\x0c\x10\x09\x05\x00\x00\x00\x00\
\x00\x00\x00\x00\x00\x00\x00\x00\x00\x00\x00\x00\x00\x00\x00\x00\
\x00\x00\x00\x00\x00\x00\x00\x00\x00\x00\x00\x00\x00\x00\x00\x00\
\x00\x00\x00\x00\x00\x00\x00\x00\x00\x00\x00\x00\x00\x00\x00\x00\
\x00\x00\x00\x00\x00\x00\x00\x00\x00\x00\x00\x00\x00\x00\x00\x00\
\x00\x5a\x5b\x5a\x00\x0b\x00\x00\x00\x17\x0b\x08\x64\x18\x09\x04\
\xfb\x1d\x09\x02\xff\x1e\x0a\x01\xff\x1d\x0b\x01\xff\x1d\x0b\x00\
\xff\x20\x0b\x00\xff\x21\x0d\x05\xff\x1d\x0e\x09\xa8\x19\x13\x13\
\x07\x1d\x13\x10\x00\x34\x2e\x2e\x00\x00\x00\x00\x00\x00\x00\x00\
\x00\x00\x00\x00\x00\x00\x00\x00\x00\x00\x00\x00\x00\x00\x00\x00\
\x00\x00\x00\x00\x00\x1a\x18\x12\x00\x17\x05\x00\x00\x17\x0c\x08\
\x6f\x1c\x0c\x05\xfd\x1f\x0b\x01\xff\x1d\x0a\x00\xff\x19\x09\x00\
\xff\x1a\x09\x00\xff\x1b\x08\x01\xff\x19\x0a\x04\xff\x18\x0d\x08\
\x7f\x00\x00\x00\x00\x1d\x15\x0e\x00\x19\x11\x08\x00\x00\x00\x00\
\x00\x00\x00\x00\x00\x00\x00\x00\x00\x00\x00\x00\x00\x00\x00\x00\
\x00\x00\x00\x00\x00\x00\x00\x00\x00\x17\x0c\x0c\x00\x0a\x03\x08\
\x05\x1c\x09\x05\xae\x1e\x0b\x03\xff\x1d\x0b\x00\xff\x1c\x0a\x00\
\xff\x1c\x09\x01\xff\x1c\x09\x01\xff\x18\x0b\x03\xff\x14\x0b\x09\
\x98\x00\x08\x41\x00\x12\x0b\x0c\x00\x00\x00\x00\x00\x00\x00\x00\
\x00\x00\x00\x00\x00\x00\x00\x00\x00\x00\x00\x00\x00\x1b\x0d\x08\
\x00\x1a\x0d\x08\x18\x1d\x0c\x05\xd4\x21\x0c\x02\xff\x1f\x0a\x01\
\xff\x1d\x0a\x00\xff\x1c\x09\x01\xff\x1c\x09\x01\xff\x1c\x09\x01\
\xff\x1c\x0a\x02\xff\x1e\x0d\x06\xe5\x1f\x0f\x09\xa4\x1b\x0c\x09\
\x6d\x19\x0c\x0b\x4d\x13\x07\x06\x35\x15\x09\x08\x27\x16\x0e\x0c\
\x1b\x0d\x07\x07\x11\x0b\x06\x07\x0a\x21\x1c\x1b\x05\xb4\xff\xff\
\x00\x19\x06\x00\x00\x18\x09\x02\x00\x14\x08\x03\x00\x1c\x10\x0a\
\x00\x1c\x0e\x0a\x00\x1c\x12\x0e\x00\x1c\x16\x16\x00\xff\xff\xff\
\x00\x54\x54\x54\x00\x00\x00\x00\x00\x00\x00\x00\x00\x00\x00\x00\
\x00\x00\x00\x00\x00\x00\x00\x00\x00\x00\x00\x00\x00\x00\x00\x00\
\x00\x00\x00\x00\x00\x00\x00\x00\x00\x00\x00\x00\x00\x00\x00\x00\
\x00\x00\x00\x00\x00\x00\x00\x00\x00\x00\x00\x00\x00\x00\x00\x00\
\x00\x00\x00\x00\x00\x00\x00\x00\x00\x00\x00\x00\x00\x1e\x12\x12\
\x00\x1b\x0e\x0c\x00\x17\x0b\x0c\x05\x1c\x0d\x08\x9d\x20\x0d\x05\
\xff\x1f\x0a\x01\xff\x1a\x09\x01\xff\x19\x08\x01\xff\x1b\x08\x00\
\xff\x1d\x0a\x01\xff\x1a\x0c\x04\xfb\x17\x0c\x06\x64\x14\x07\x01\
\x00\x22\x18\x13\x00\x17\x16\x13\x02\x20\x11\x09\x91\x22\x0f\x05\
\xff\x1e\x0b\x00\xff\x1b\x0a\x00\xff\x1a\x09\x00\xff\x1c\x09\x01\
\xff\x1c\x09\x02\xff\x1d\x0c\x06\xff\x1c\x0e\x0a\x86\x00\x00\x00\
\x01\x19\x0c\x09\x00\x14\x10\x0e\x00\x00\x00\x00\x00\x00\x00\x00\
\x00\x00\x00\x00\x00\x00\x00\x00\x00\x00\x00\x00\x00\x00\x00\x00\
\x00\x00\x00\x00\x00\x00\x00\x00\x00\x00\x00\x00\x00\x00\x00\x00\
\x00\x00\x00\x00\x00\x00\x00\x00\x00\x00\x00\x00\x00\x1d\x10\x0d\
\x00\x18\x0e\x0c\x0e\x1b\x0b\x06\xc2\x21\x0c\x02\xff\x1f\x0b\x00\
\xff\x1f\x0b\x00\xff\x1f\x0b\x00\xff\x20\x0c\x01\xff\x20\x0d\x05\
\xff\x1e\x10\x0c\x8f\x07\x00\x00\x00\x1b\x12\x12\x00\x00\x00\x00\
\x00\x00\x00\x00\x00\x00\x00\x00\x00\x00\x00\x00\x00\x00\x00\x00\
\x00\x00\x00\x00\x00\x00\x00\x00\x00\x00\x00\x00\x00\x00\x00\x00\
\x00\x00\x00\x00\x00\x00\x00\x00\x00\x00\x00\x00\x00\x00\x00\x00\
\x00\x00\x00\x00\x00\x00\x00\x00\x00\x2c\x2b\x1e\x00\x1d\x09\x02\
\x00\x21\x10\x0a\x7a\x20\x0d\x03\xff\x1e\x0b\x01\xff\x1c\x09\x01\
\xff\x1b\x09\x01\xff\x1b\x0a\x00\xff\x1b\x0b\x03\xff\x18\x0c\x08\
\xde\x11\x08\x06\x1f\x11\x08\x06\x00\x00\x00\x00\x00\x00\x00\x00\
\x00\x00\x00\x00\x00\x00\x00\x00\x00\x00\x00\x00\x00\x15\x0d\x0d\
\x00\x19\x0d\x07\x00\x18\x0f\x0b\x7a\x1a\x0c\x06\xff\x1c\x0a\x01\
\xff\x1d\x0b\x00\xff\x1c\x0a\x01\xff\x1b\x08\x01\xff\x15\x08\x02\
\xff\x10\x09\x04\xde\x13\x09\x06\xb2\x16\x09\x04\xff\x1a\x09\x02\
\xff\x1f\x0b\x01\xff\x1f\x0b\x01\xff\x1e\x0c\x01\xff\x23\x0d\x00\
\xff\x21\x0d\x03\xff\x1b\x0c\x07\xec\x14\x0b\x0a\x49\x16\x08\x05\
\x00\xaf\xcb\xc1\x00\xff\x00\x00\x00\x00\x00\x00\x00\x00\x00\x00\
\x00\x00\x00\x00\x00\x16\x12\x0d\x00\x14\x0c\x09\x00\x10\x0a\x0a\
\x09\x18\x0b\x08\x9d\x1d\x0c\x05\xff\x1d\x0a\x00\xff\x1c\x0a\x00\
\xff\x1b\x09\x01\xff\x1a\x09\x00\xff\x18\x08\x00\xff\x17\x09\x01\
\xff\x18\x0a\x03\xcb\x1f\x0e\x07\xc0\x1f\x0c\x05\xff\x1d\x0a\x01\
\xff\x1c\x0a\x00\xff\x1c\x0a\x00\xff\x1c\x0b\x00\xff\x1d\x0b\x02\
\xff\x16\x09\x04\xc1\x0b\x06\x03\x0c\x10\x0a\x05\x00\x00\x00\x00\
\x00\x00\x00\x00\x00\x00\x00\x00\x00\x00\x00\x00\x00\x00\x00\x00\
\x00\x00\x00\x00\x00\x00\x00\x00\x00\x00\x00\x00\x00\x00\x00\x00\
\x00\x00\x00\x00\x00\x00\x00\x00\x00\x00\x00\x00\x00\x00\x00\x00\
\x00\x00\x00\x00\x00\x00\x00\x00\x00\x00\x00\x00\x00\x1a\x10\x0a\
\x00\x18\x0f\x0d\x00\x19\x12\x10\x10\x15\x09\x06\xc1\x17\x08\x03\
\xff\x1a\x08\x02\xff\x1b\x09\x02\xff\x1b\x0a\x01\xff\x1d\x0a\x00\
\xff\x20\x0c\x01\xff\x1f\x0e\x07\xf4\x1b\x0e\x0a\x4a\x18\x0b\x06\
\x00\x0d\x03\x03\x00\x00\x00\x00\x00\x00\x00\x00\x00\x00\x00\x00\
\x00\x00\x00\x00\x00\x00\x00\x00\x00\x00\x00\x00\x00\x00\x00\x00\
\x00\x00\x00\x00\x00\x1a\x13\x0d\x00\x17\x0e\x0a\x00\x15\x0d\x0a\
\x1d\x18\x0c\x06\xd3\x1e\x0b\x03\xff\x1d\x09\x00\xff\x1b\x09\x00\
\xff\x1a\x09\x00\xff\x1b\x08\x01\xff\x1a\x09\x03\xff\x19\x0c\x06\
\xd7\x19\x0d\x09\x21\x19\x0d\x08\x00\x16\x0f\x0a\x00\x00\x00\x00\
\x00\x00\x00\x00\x00\x00\x00\x00\x00\x00\x00\x00\x00\x00\x00\x00\
\x00\x00\x00\x00\x00\x00\x00\x00\x00\x1a\x0d\x0d\x00\x0f\x06\x0a\
\x05\x1c\x08\x05\xae\x1e\x0a\x02\xff\x1c\x0a\x00\xff\x1c\x0a\x00\
\xff\x1c\x09\x00\xff\x1c\x09\x01\xff\x18\x0a\x03\xff\x14\x0b\x09\
\x98\x00\x06\x34\x01\x11\x0b\x0b\x00\x00\x00\x00\x00\x00\x00\x00\
\x00\x00\x00\x00\x00\x00\x00\x00\x00\x00\x00\x00\x00\x16\x0b\x07\
\x00\x15\x0b\x07\x2e\x19\x0a\x04\xeb\x1d\x0a\x01\xff\x1c\x09\x00\
\xff\x1b\x08\x00\xff\x1c\x09\x00\xff\x1e\x0b\x00\xff\x1f\x0c\x03\
\xff\x1b\x0b\x04\xc3\x15\x0b\x08\x36\x19\x19\x14\x03\x19\x07\x04\
\x00\x18\x0a\x09\x00\x11\x05\x04\x00\x15\x09\x08\x00\x19\x10\x0d\
\x00\x13\x0b\x09\x00\x12\x0b\x0b\x00\x1d\x15\x14\x00\x24\x19\x16\
\x00\x1c\x11\x0e\x00\x27\x15\x15\x00\x44\x39\x3a\x00\x22\x15\x15\
\x00\x00\x00\x00\x00\x00\x00\x00\x00\x00\x00\x00\x00\x2f\x1f\x1f\
\x00\x2f\x24\x24\x00\x2e\x1d\x1d\x00\x2e\x1d\x1d\x00\x00\x00\x00\
\x00\x00\x00\x00\x00\x00\x00\x00\x00\x00\x00\x00\x00\x00\x00\x00\
\x00\x00\x00\x00\x00\x00\x00\x00\x00\x00\x00\x00\x00\x00\x00\x00\
\x00\x00\x00\x00\x00\x00\x00\x00\x00\x00\x00\x00\x00\x00\x00\x00\
\x00\x00\x00\x00\x00\x00\x00\x00\x00\x00\x00\x00\x00\x00\x00\x00\
\x00\x1c\x0d\x0b\x00\x16\x0a\x06\x00\x16\x0a\x07\x36\x1b\x0b\x06\
\xe8\x1d\x0a\x01\xff\x1b\x09\x00\xff\x1b\x08\x01\xff\x1b\x08\x00\
\xff\x1c\x0a\x01\xff\x1b\x0b\x03\xff\x17\x0b\x05\xca\x16\x0e\x0a\
\x18\x16\x0a\x03\x00\x1b\x10\x09\x38\x20\x0f\x06\xe9\x22\x0e\x03\
\xff\x1e\x0b\x01\xff\x1b\x0a\x00\xff\x1a\x09\x00\xff\x1a\x08\x00\
\xff\x17\x09\x02\xff\x17\x0c\x07\xd9\x18\x0f\x0c\x24\x17\x0d\x0a\
\x00\x16\x0a\x07\x00\x00\x00\x00\x00\x00\x00\x00\x00\x00\x00\x00\
\x00\x00\x00\x00\x00\x00\x00\x00\x00\x00\x00\x00\x00\x00\x00\x00\
\x00\x00\x00\x00\x00\x00\x00\x00\x00\x00\x00\x00\x00\x00\x00\x00\
\x00\x00\x00\x00\x00\x00\x00\x00\x00\x00\x00\x00\x00\x1c\x13\x0e\
\x00\x17\x10\x0d\x0d\x1b\x0c\x07\xc1\x22\x0d\x03\xff\x20\x0c\x00\
\xff\x20\x0c\x01\xff\x20\x0c\x01\xff\x1f\x0b\x00\xff\x1b\x0c\x03\
\xff\x16\x0e\x0b\x91\x00\x00\x00\x00\x17\x13\x11\x00\x00\x00\x00\
\x00\x00\x00\x00\x00\x00\x00\x00\x00\x00\x00\x00\x00\x00\x00\x00\
\x00\x00\x00\x00\x00\x00\x00\x00\x00\x00\x00\x00\x00\x00\x00\x00\
\x00\x00\x00\x00\x00\x00\x00\x00\x00\x00\x00\x00\x00\x00\x00\x00\
\x00\x00\x00\x00\x00\x00\x00\x00\x00\x06\x03\x05\x00\x22\x0c\x05\
\x00\x26\x11\x0b\x74\x25\x0f\x05\xff\x21\x0c\x01\xff\x1d\x0a\x01\
\xff\x1b\x09\x01\xff\x1a\x09\x00\xff\x19\x0a\x03\xff\x16\x0c\x08\
\xde\x11\x09\x07\x1f\x11\x08\x06\x00\x00\x00\x00\x00\x00\x00\x00\
\x00\x00\x00\x00\x00\x00\x00\x00\x00\x00\x00\x00\x00\x15\x0e\x0b\
\x00\x19\x0c\x07\x00\x18\x0f\x0b\x7a\x1a\x0c\x06\xff\x1c\x0a\x01\
\xff\x1c\x09\x00\xff\x1c\x09\x01\xff\x1d\x09\x01\xff\x1a\x08\x01\
\xff\x17\x09\x01\xfd\x15\x08\x03\xfe\x17\x08\x02\xff\x1a\x09\x01\
\xff\x1d\x0a\x01\xff\x1f\x0b\x00\xff\x24\x0d\x00\xff\x27\x0e\x01\
\xff\x21\x0e\x05\xfd\x1c\x0e\x09\x80\x1e\x1b\x1f\x02\x1a\x11\x0f\
\x00\x19\x15\x16\x00\x00\x00\x00\x00\x00\x00\x00\x00\x00\x00\x00\
\x00\x00\x00\x00\x00\x33\x33\x33\x00\x14\x0b\x09\x00\x16\x0a\x07\
\x00\x17\x0b\x08\x23\x19\x0b\x06\xd0\x1c\x0b\x02\xff\x1c\x09\x00\
\xff\x1a\x09\x00\xff\x1a\x09\x00\xff\x1a\x08\x00\xff\x1c\x09\x01\
\xff\x1e\x0b\x02\xff\x20\x0c\x03\xfb\x1f\x0a\x03\xff\x1d\x09\x01\
\xff\x1b\x08\x01\xff\x1c\x0a\x01\xff\x1c\x0b\x00\xff\x1c\x0b\x02\
\xff\x16\x08\x03\xc1\x0a\x07\x04\x0c\x10\x0a\x06\x00\x00\x00\x00\
\x00\x00\x00\x00\x00\x00\x00\x00\x00\x00\x00\x00\x00\x00\x00\x00\
\x00\x00\x00\x00\x00\x00\x00\x00\x00\x00\x00\x00\x00\x00\x00\x00\
\x00\x00\x00\x00\x00\x00\x00\x00\x00\x00\x00\x00\x00\x00\x00\x00\
\x00\x00\x00\x00\x00\x00\x00\x00\x00\x00\x00\x00\x00\x1e\x12\x0e\
\x00\x18\x0a\x06\x00\x19\x0c\x08\x55\x19\x0a\x04\xf8\x19\x08\x01\
\xff\x18\x08\x01\xff\x19\x09\x01\xff\x1a\x09\x00\xff\x1c\x0a\x01\
\xff\x1e\x0d\x03\xff\x1b\x0e\x08\xb5\x17\x0d\x0c\x0c\x1a\x0e\x0b\
\x00\x41\x38\x33\x00\x00\x00\x00\x00\x00\x00\x00\x00\x00\x00\x00\
\x00\x00\x00\x00\x00\x00\x00\x00\x00\x00\x00\x00\x00\x00\x00\x00\
\x00\x00\x00\x00\x00\x00\x00\x00\x00\x1e\x1a\x13\x00\x0f\x00\x00\
\x00\x17\x0c\x09\x7b\x1b\x0b\x05\xff\x1d\x09\x01\xff\x1c\x09\x01\
\xff\x1b\x08\x00\xff\x1b\x08\x00\xff\x1c\x09\x01\xff\x1d\x0c\x05\
\xfe\x1b\x0d\x08\x77\x1a\x00\x00\x00\x18\x14\x0e\x00\x00\x00\x00\
\x00\x00\x00\x00\x00\x00\x00\x00\x00\x00\x00\x00\x00\x00\x00\x00\
\x00\x00\x00\x00\x00\x00\x00\x00\x00\x1b\x0d\x0e\x00\x10\x06\x0b\
\x05\x1c\x08\x05\xae\x1d\x0a\x02\xff\x1c\x0a\x00\xff\x1c\x0a\x00\
\xff\x1c\x09\x01\xff\x1c\x09\x01\xff\x17\x0a\x03\xff\x13\x0a\x08\
\x9a\x00\x06\x1f\x01\x12\x0b\x0b\x00\x00\x00\x00\x00\x00\x00\x00\
\x00\x00\x00\x00\x00\x00\x00\x00\x00\x00\x00\x00\x00\x0f\x06\x04\
\x00\x10\x08\x06\x39\x15\x08\x04\xf1\x19\x09\x01\xff\x1b\x09\x00\
\xff\x1b\x08\x00\xff\x1d\x0a\x00\xff\x20\x0c\x01\xff\x21\x0e\x05\
\xf9\x1e\x0c\x07\x53\x1b\x0a\x05\x00\x1e\x14\x0f\x00\x17\x3e\x74\
\x00\x1e\x1a\x1a\x00\x00\x00\x00\x00\x00\x00\x00\x00\x00\x00\x00\
\x00\x00\x00\x00\x00\x00\x00\x00\x00\x00\x00\x00\x00\x00\x00\x00\
\x00\x00\x00\x00\x00\x00\x00\x00\x00\x00\x00\x00\x00\x00\x00\x00\
\x00\x33\x33\x33\x00\x48\x99\xb8\x00\x56\x46\x3b\x00\x26\x14\x0e\
\x00\x18\x07\x03\x00\x12\x04\x01\x00\x00\x00\x00\x00\x3b\x38\x38\
\x00\x00\x00\x00\x00\x00\x00\x00\x00\x00\x00\x00\x00\x00\x00\x00\
\x00\x00\x00\x00\x00\x00\x00\x00\x00\x00\x00\x00\x00\x00\x00\x00\
\x00\x00\x00\x00\x00\x00\x00\x00\x00\x00\x00\x00\x00\x00\x00\x00\
\x00\x00\x00\x00\x00\x00\x00\x00\x00\x00\x00\x00\x00\x00\x00\x00\
\x00\x17\x0f\x0d\x00\x15\x0c\x0b\x00\x0d\x09\x0e\x03\x17\x0a\x06\
\x91\x1b\x0b\x04\xff\x1c\x0a\x01\xff\x1b\x09\x01\xff\x1c\x09\x01\
\xff\x1c\x0a\x00\xff\x1d\x0a\x01\xff\x1c\x0b\x03\xfd\x19\x0c\x07\
\x72\x30\x2e\x2d\x05\x1b\x0d\x07\xa2\x1f\x0c\x03\xff\x20\x0c\x01\
\xff\x1e\x0b\x00\xff\x1d\x0a\x00\xff\x1b\x09\x00\xff\x19\x09\x01\
\xff\x15\x0a\x05\xff\x12\x0a\x07\x7c\x14\x00\x00\x00\x12\x12\x10\
\x00\x00\x00\x00\x00\x00\x00\x00\x00\x00\x00\x00\x00\x00\x00\x00\
\x00\x00\x00\x00\x00\x00\x00\x00\x00\x00\x00\x00\x00\x00\x00\x00\
\x00\x00\x00\x00\x00\x00\x00\x00\x00\x00\x00\x00\x00\x00\x00\x00\
\x00\x00\x00\x00\x00\x00\x00\x00\x00\x00\x00\x00\x00\x1e\x13\x0f\
\x00\x18\x10\x0e\x0c\x1b\x0b\x07\xc0\x22\x0d\x03\xff\x20\x0c\x01\
\xff\x20\x0c\x01\xff\x1f\x0b\x00\xff\x1f\x0b\x00\xff\x18\x0b\x03\
\xff\x13\x0e\x0b\x94\xff\xff\xff\x00\x18\x15\x14\x00\x00\x00\x00\
\x00\x00\x00\x00\x00\x00\x00\x00\x00\x00\x00\x00\x00\x00\x00\x00\
\x00\x00\x00\x00\x00\x00\x00\x00\x00\x00\x00\x00\x00\x00\x00\x00\
\x00\x00\x00\x00\x00\x00\x00\x00\x00\x00\x00\x00\x00\x00\x00\x00\
\x00\x1c\x1c\x1c\x00\x59\x53\x51\x00\x2e\x1f\x1b\x00\x3b\x47\x4f\
\x01\x26\x10\x09\x9b\x26\x0e\x04\xff\x22\x0c\x01\xff\x1e\x0b\x00\
\xff\x1b\x0a\x00\xff\x19\x09\x00\xff\x16\x09\x02\xff\x14\x0c\x08\
\xda\x14\x0e\x0c\x1a\x14\x0e\x0b\x00\x00\x00\x00\x00\x00\x00\x00\
\x00\x00\x00\x00\x00\x00\x00\x00\x00\x00\x00\x00\x00\x14\x0d\x0b\
\x00\x18\x0b\x06\x00\x17\x0e\x0a\x7c\x1a\x0c\x05\xff\x1c\x0a\x01\
\xff\x1d\x0a\x00\xff\x1c\x09\x01\xff\x1d\x0a\x00\xff\x1d\x0a\x00\
\xff\x1c\x0a\x00\xff\x1a\x09\x01\xff\x1a\x0a\x01\xff\x1b\x0a\x01\
\xff\x1b\x09\x01\xff\x1e\x0a\x00\xff\x23\x0c\x01\xff\x25\x0e\x05\
\xff\x20\x0e\x08\xb3\x19\x0d\x09\x12\x1a\x0d\x09\x00\x1a\x0f\x0d\
\x00\x00\x00\x00\x00\x00\x00\x00\x00\x00\x00\x00\x00\x00\x00\x00\
\x00\x00\x00\x00\x00\x00\x00\x00\x00\x16\x0b\x0b\x00\x20\x1c\x1a\
\x00\x12\x06\x02\x00\x14\x0a\x06\x50\x18\x0a\x05\xef\x1b\x0a\x02\
\xff\x1b\x0a\x01\xff\x1b\x09\x00\xff\x1c\x09\x00\xff\x1e\x0a\x01\
\xff\x21\x0c\x01\xff\x21\x0b\x00\xff\x1f\x0b\x00\xff\x1c\x09\x01\
\xff\x1c\x09\x01\xff\x1c\x0a\x01\xff\x1c\x0c\x00\xff\x1d\x0b\x02\
\xff\x15\x07\x03\xc1\x09\x04\x01\x0c\x0e\x07\x03\x00\x00\x00\x00\
\x00\x00\x00\x00\x00\x00\x00\x00\x00\x00\x00\x00\x00\x00\x00\x00\
\x00\x00\x00\x00\x00\x00\x00\x00\x00\x00\x00\x00\x00\x00\x00\x00\
\x00\x00\x00\x00\x00\x00\x00\x00\x00\x00\x00\x00\x00\x00\x00\x00\
\x00\x00\x00\x00\x00\x00\x00\x00\x00\x51\x4b\x4b\x00\x1b\x12\x0d\
\x00\x19\x12\x0e\x0b\x1d\x0e\x08\xb6\x1f\x0b\x02\xff\x1c\x0a\x00\
\xff\x19\x09\x00\xff\x1a\x09\x00\xff\x1a\x08\x00\xff\x19\x09\x01\
\xff\x19\x0b\x05\xf8\x17\x0d\x08\x56\x18\x0c\x06\x00\x12\x00\x00\
\x00\x00\x00\x00\x00\x00\x00\x00\x00\x00\x00\x00\x00\x00\x00\x00\
\x00\x00\x00\x00\x00\x00\x00\x00\x00\x00\x00\x00\x00\x00\x00\x00\
\x00\x00\x00\x00\x00\x00\x00\x00\x00\x1b\x13\x0e\x00\x1a\x0e\x0b\
\x00\x1a\x0f\x0d\x24\x19\x0b\x06\xda\x1b\x0a\x02\xff\x1c\x09\x00\
\xff\x1b\x08\x00\xff\x1b\x08\x00\xff\x1d\x09\x01\xff\x20\x0c\x03\
\xff\x1d\x0c\x07\xd3\x17\x0d\x0a\x1e\x19\x0e\x0a\x00\x20\x1a\x16\
\x00\x00\x00\x00\x00\x00\x00\x00\x00\x00\x00\x00\x00\x00\x00\x00\
\x00\x00\x00\x00\x00\x00\x00\x00\x00\x1b\x0d\x0e\x00\x10\x05\x0b\
\x05\x1d\x09\x05\xae\x1e\x0b\x03\xff\x1c\x0b\x00\xff\x1c\x0a\x00\
\xff\x1c\x09\x01\xff\x1c\x09\x01\xff\x17\x0a\x03\xff\x12\x09\x07\
\x9c\x09\x07\x1b\x01\x13\x0a\x0b\x00\x00\x00\x00\x00\x00\x00\x00\
\x00\x00\x00\x00\x00\x00\x00\x00\x00\x00\x00\x00\x00\x11\x09\x09\
\x00\x11\x0a\x09\x33\x12\x08\x05\xee\x17\x08\x01\xff\x1a\x0a\x00\
\xff\x1a\x09\x00\xff\x1e\x0a\x00\xff\x21\x0c\x01\xff\x21\x0d\x05\
\xf4\x1e\x0c\x06\x41\x1a\x09\x04\x00\x02\x00\x00\x00\x2a\x26\x23\
\x00\x00\x00\x00\x00\x00\x00\x00\x00\x00\x00\x00\x00\x00\x00\x00\
\x00\x00\x00\x00\x00\x00\x00\x00\x00\x00\x00\x00\x00\x00\x00\x00\
\x00\x00\x00\x00\x00\x00\x00\x00\x00\x5e\x5e\x5e\x00\xff\xff\xff\
\x00\x29\x20\x1a\x00\x26\x16\x0f\x00\x16\x01\x00\x00\x27\x16\x11\
\x18\x1e\x0f\x0d\x63\x1d\x0f\x0e\x2c\x14\x05\x04\x00\x00\x00\x00\
\x00\xff\xff\xff\x00\x00\x00\x00\x00\x00\x00\x00\x00\x00\x00\x00\
\x00\x00\x00\x00\x00\x00\x00\x00\x00\x00\x00\x00\x00\x00\x00\x00\
\x00\x00\x00\x00\x00\x00\x00\x00\x00\x00\x00\x00\x00\x00\x00\x00\
\x00\x00\x00\x00\x00\x00\x00\x00\x00\x00\x00\x00\x00\x00\x00\x00\
\x00\x00\x00\x00\x00\x15\x0a\x08\x00\x15\x0a\x07\x00\x15\x0a\x07\
\x2b\x19\x0b\x06\xdf\x1b\x09\x02\xff\x1c\x09\x01\xff\x1c\x09\x01\
\xff\x1d\x09\x00\xff\x1f\x0a\x00\xff\x21\x0d\x01\xff\x1f\x0e\x05\
\xd5\x1f\x0f\x08\x6a\x1d\x0d\x07\xee\x1e\x0b\x03\xff\x1e\x0b\x01\
\xff\x1e\x0b\x00\xff\x1e\x0a\x00\xff\x1c\x09\x01\xff\x1a\x0a\x02\
\xff\x16\x0b\x06\xd5\x13\x0b\x09\x21\x13\x0a\x08\x00\x11\x0e\x0b\
\x00\x00\x00\x00\x00\x00\x00\x00\x00\x00\x00\x00\x00\x00\x00\x00\
\x00\x00\x00\x00\x00\x00\x00\x00\x00\x00\x00\x00\x00\x00\x00\x00\
\x00\x00\x00\x00\x00\x00\x00\x00\x00\x00\x00\x00\x00\x00\x00\x00\
\x00\x00\x00\x00\x00\x00\x00\x00\x00\x00\x00\x00\x00\x1e\x13\x0f\
\x00\x19\x10\x0e\x0d\x1b\x0b\x06\xc1\x21\x0c\x02\xff\x20\x0c\x01\
\xff\x20\x0c\x01\xff\x20\x0c\x01\xff\x20\x0c\x01\xff\x1c\x0c\x04\
\xff\x17\x0e\x0c\x93\x00\x00\x00\x00\x1b\x15\x15\x00\x80\x80\x80\
\x00\x00\x00\x00\x00\x00\x00\x00\x00\x00\x00\x00\x00\x00\x00\x00\
\x00\x00\x00\x00\x00\x00\x00\x00\x00\x00\x00\x00\x00\x00\x00\x00\
\x00\x00\x00\x00\x00\x00\x00\x00\x00\xff\xff\xff\x00\x00\x00\x00\
\x00\xc4\xcc\xd0\x00\x24\x18\x16\x00\x14\x06\x02\x00\x1c\x0e\x08\
\x2f\x22\x0e\x07\xe0\x24\x0e\x03\xff\x21\x0c\x00\xff\x1e\x0b\x00\
\xff\x1b\x0a\x00\xff\x18\x09\x01\xff\x14\x07\x01\xff\x11\x09\x06\
\xc6\x14\x12\x10\x0f\x16\x12\x10\x00\x00\x00\x00\x00\x00\x00\x00\
\x00\x00\x00\x00\x00\x00\x00\x00\x00\x00\x00\x00\x00\x12\x0d\x08\
\x00\x19\x0b\x07\x00\x16\x0d\x09\x7d\x19\x0c\x05\xff\x1d\x0a\x01\
\xff\x1d\x0a\x00\xff\x1c\x0a\x00\xff\x1c\x0b\x00\xff\x1c\x0b\x00\
\xff\x1d\x0b\x00\xff\x1c\x0a\x00\xff\x1c\x0a\x00\xff\x1b\x09\x00\
\xff\x19\x09\x00\xff\x19\x09\x01\xff\x1d\x0b\x03\xff\x1f\x0d\x07\
\xde\x1f\x0e\x0b\x33\x1c\x0b\x07\x00\x10\x01\x00\x00\x00\x00\x00\
\x00\x00\x00\x00\x00\x00\x00\x00\x00\x00\x00\x00\x00\x00\x00\x00\
\x00\x00\x00\x00\x00\x00\x00\x00\x00\x00\x00\x00\x00\x1d\x12\x0d\
\x00\x14\x0d\x0a\x00\x0a\x0e\x0c\x03\x15\x0b\x07\x87\x1b\x0b\x06\
\xff\x1e\x0b\x03\xff\x1e\x0a\x01\xff\x1e\x0a\x00\xff\x1e\x0a\x00\
\xff\x20\x0b\x00\xff\x1e\x0a\x00\xff\x1c\x0b\x00\xff\x1c\x0a\x00\
\xff\x1e\x0a\x00\xff\x1c\x0b\x01\xff\x1c\x0c\x00\xff\x1d\x0b\x02\
\xff\x16\x07\x03\xc1\x0a\x02\x00\x0c\x10\x05\x02\x00\x00\x00\x00\
\x00\x00\x00\x00\x00\x00\x00\x00\x00\x00\x00\x00\x00\x00\x00\x00\
\x00\x00\x00\x00\x00\x00\x00\x00\x00\x00\x00\x00\x00\x00\x00\x00\
\x00\x00\x00\x00\x00\x00\x00\x00\x00\x00\x00\x00\x00\x00\x00\x00\
\x00\x00\x00\x00\x00\xff\xff\xff\x00\x00\x00\x00\x00\x19\x08\x02\
\x00\x1e\x0f\x0a\x4e\x23\x0e\x07\xf5\x23\x0d\x01\xff\x1c\x0b\x00\
\xff\x19\x09\x00\xff\x1a\x09\x00\xff\x19\x09\x00\xff\x16\x08\x02\
\xff\x15\x0b\x07\xc2\x1a\x10\x0f\x12\x19\x0f\x0d\x00\x17\x0d\x0d\
\x00\x00\x00\x00\x00\x00\x00\x00\x00\x00\x00\x00\x00\x00\x00\x00\
\x00\x00\x00\x00\x00\x00\x00\x00\x00\x00\x00\x00\x00\x00\x00\x00\
\x00\x00\x00\x00\x00\x00\x00\x00\x00\x00\x00\x00\x00\x20\x15\x13\
\x00\x00\x00\x00\x00\x18\x0c\x08\x84\x1b\x0b\x04\xff\x1d\x0a\x01\
\xff\x1b\x09\x00\xff\x1c\x09\x00\xff\x1e\x0a\x00\xff\x20\x0c\x01\
\xff\x1f\x0c\x05\xfd\x1a\x0d\x08\x70\x0e\x00\x00\x00\x2c\x27\x20\
\x00\x80\x80\x80\x00\x00\x00\x00\x00\x00\x00\x00\x00\x00\x00\x00\
\x00\x00\x00\x00\x00\x00\x00\x00\x00\x1e\x0e\x0f\x00\x12\x05\x0a\
\x05\x1f\x09\x06\xad\x1f\x0b\x03\xff\x1c\x0b\x00\xff\x1c\x0a\x00\
\xff\x1c\x0a\x00\xff\x1c\x09\x00\xff\x18\x0a\x03\xff\x12\x09\x07\
\x9c\x0e\x0d\x1d\x01\x14\x0c\x0c\x00\x00\x00\x00\x00\x00\x00\x00\
\x00\x00\x00\x00\x00\x00\x00\x00\x00\x00\x00\x00\x00\x13\x0c\x0b\
\x00\x12\x0c\x0b\x1f\x10\x07\x04\xde\x14\x08\x01\xff\x18\x09\x00\
\xff\x1a\x09\x01\xff\x1e\x0a\x00\xff\x22\x0c\x00\xff\x22\x0d\x04\
\xff\x1f\x0d\x06\x99\x1a\x11\x0e\x0d\x16\x09\x04\x00\x1c\x13\x0f\
\x00\x1c\x13\x10\x00\x2c\x20\x1f\x00\x22\x19\x16\x00\x1d\x14\x0e\
\x00\x1e\x16\x13\x00\x1f\x19\x15\x00\x20\x18\x16\x00\x2c\x24\x21\
\x00\x28\x1b\x16\x00\x26\x1a\x15\x00\x25\x16\x12\x00\x19\x06\x02\
\x00\x3a\x3d\x37\x03\x26\x18\x11\x20\x26\x13\x0a\x6b\x25\x11\x07\
\xca\x1f\x0e\x07\xfe\x19\x0c\x08\xab\x22\x19\x18\x0d\x1a\x0f\x0e\
\x00\x04\x00\x00\x00\x00\x00\x00\x00\x00\x00\x00\x00\x00\x00\x00\
\x00\x00\x00\x00\x00\x00\x00\x00\x00\x00\x00\x00\x00\x00\x00\x00\
\x00\x00\x00\x00\x00\x00\x00\x00\x00\x00\x00\x00\x00\x00\x00\x00\
\x00\x00\x00\x00\x00\x00\x00\x00\x00\x00\x00\x00\x00\x00\x00\x00\
\x00\x00\x00\x00\x00\x33\x33\x33\x00\x12\x0b\x05\x00\x3b\x08\x0e\
\x00\x14\x09\x06\x81\x19\x0a\x04\xff\x1d\x09\x01\xff\x1c\x09\x01\
\xff\x1b\x09\x01\xff\x1e\x0a\x00\xff\x23\x0c\x01\xff\x23\x0d\x02\
\xfd\x22\x0e\x04\xef\x21\x0d\x04\xff\x1f\x0b\x01\xff\x1e\x0a\x01\
\xff\x1c\x0b\x00\xff\x1c\x0b\x00\xff\x1d\x0a\x02\xff\x1a\x0b\x04\
\xfc\x14\x0a\x08\x6e\x0e\x05\x00\x00\x21\x17\x17\x00\x26\x26\x26\
\x00\x00\x00\x00\x00\x00\x00\x00\x00\x00\x00\x00\x00\x00\x00\x00\
\x00\x00\x00\x00\x00\x00\x00\x00\x00\x00\x00\x00\x00\x00\x00\x00\
\x00\x00\x00\x00\x00\x00\x00\x00\x00\x00\x00\x00\x00\x00\x00\x00\
\x00\x00\x00\x00\x00\x00\x00\x00\x00\x00\x00\x00\x00\x1f\x15\x0f\
\x00\x1b\x13\x0f\x0e\x1a\x0c\x07\xc3\x20\x0c\x02\xff\x20\x0c\x00\
\xff\x20\x0c\x00\xff\x21\x0c\x00\xff\x22\x0d\x01\xff\x1d\x0d\x04\
\xff\x18\x0e\x0b\x90\x00\x00\x00\x00\x1f\x0f\x0a\x00\x22\x11\x09\
\x00\x22\x10\x09\x00\x22\x0f\x08\x00\x22\x10\x0a\x00\x22\x10\x0b\
\x00\x1f\x0d\x0b\x00\x1d\x0c\x0a\x00\x1f\x0c\x0a\x00\x22\x0e\x09\
\x00\x23\x0f\x0a\x00\x25\x0f\x09\x00\x25\x0f\x09\x00\x25\x10\x0a\
\x00\x15\x00\x00\x00\x2b\x2b\x2c\x03\x17\x0c\x0b\x32\x17\x09\x05\
\xbc\x1d\x0a\x02\xff\x21\x0c\x01\xff\x21\x0c\x00\xff\x1e\x0c\x00\
\xff\x1d\x0b\x00\xff\x1c\x0a\x02\xff\x16\x09\x03\xff\x13\x09\x07\
\x9a\x23\x2b\x2c\x01\x14\x11\x0e\x00\x00\x00\x00\x00\x00\x00\x00\
\x00\x00\x00\x00\x00\x00\x00\x00\x00\x00\x00\x00\x00\x12\x0b\x08\
\x00\x18\x0b\x06\x00\x16\x0c\x09\x7b\x19\x0b\x05\xff\x1c\x0a\x01\
\xff\x1d\x0b\x00\xff\x1d\x0b\x00\xff\x1d\x0b\x00\xff\x1c\x0b\x00\
\xff\x1c\x0a\x00\xff\x1c\x09\x01\xff\x1b\x09\x01\xff\x1a\x09\x01\
\xff\x17\x08\x01\xff\x14\x08\x01\xff\x15\x09\x05\xf7\x18\x0d\x09\
\x65\x07\x01\x00\x00\x23\x13\x12\x00\x30\x20\x1e\x00\x00\x00\x00\
\x00\x00\x00\x00\x00\x00\x00\x00\x00\x00\x00\x00\x00\x00\x00\x00\
\x00\x00\x00\x00\x00\x00\x00\x00\x00\x00\x00\x00\x00\x00\x00\x00\
\x00\x10\x09\x07\x00\x14\x0a\x08\x00\x14\x0a\x0a\x17\x1a\x0b\x08\
\xbf\x20\x0d\x05\xff\x22\x0c\x01\xff\x21\x0b\x00\xff\x1d\x0b\x00\
\xff\x1c\x0b\x00\xff\x1d\x0a\x00\xff\x1c\x0b\x00\xff\x1c\x0a\x00\
\xff\x1d\x0a\x00\xff\x1d\x0b\x00\xff\x1c\x0b\x01\xff\x1d\x0b\x01\
\xff\x17\x09\x03\xc1\x0b\x06\x03\x0c\x10\x09\x04\x00\x00\x00\x00\
\x00\x00\x00\x00\x00\x00\x00\x00\x00\x00\x00\x00\x00\x00\x00\x00\
\x00\x00\x00\x00\x00\x00\x00\x00\x00\x00\x00\x00\x00\x00\x00\x00\
\x00\x00\x00\x00\x00\x00\x00\x00\x00\x00\x00\x00\x00\x00\x00\x00\
\x00\x00\x00\x00\x00\x08\x00\x00\x00\x1a\x0f\x0c\x00\x18\x10\x0e\
\x0a\x1c\x0d\x07\xb1\x23\x0d\x06\xff\x22\x0c\x01\xff\x1c\x0c\x00\
\xff\x1a\x0a\x00\xff\x1b\x09\x00\xff\x18\x08\x00\xff\x15\x08\x04\
\xfc\x14\x0a\x09\x65\x12\x06\x02\x00\x00\x1c\x45\x00\x00\x00\x00\
\x00\x00\x00\x00\x00\x00\x00\x00\x00\x00\x00\x00\x00\x00\x00\x00\
\x00\x00\x00\x00\x00\x00\x00\x00\x00\x00\x00\x00\x00\x00\x00\x00\
\x00\x00\x00\x00\x00\x00\x00\x00\x00\x00\x00\x00\x00\x1d\x10\x0d\
\x00\x1a\x0d\x0a\x00\x19\x0d\x0b\x2a\x1c\x0c\x06\xdf\x1e\x0b\x03\
\xff\x1c\x09\x01\xff\x1d\x0a\x00\xff\x1d\x0a\x00\xff\x1e\x0b\x00\
\xff\x1e\x0c\x03\xff\x17\x0b\x07\xcd\x14\x10\x0e\x1b\x10\x0a\x08\
\x00\x00\x00\x00\x00\x00\x00\x00\x00\x00\x00\x00\x00\x00\x00\x00\
\x00\x00\x00\x00\x00\x00\x00\x00\x00\x20\x0e\x11\x00\x12\x03\x0d\
\x05\x20\x09\x06\xac\x1f\x0b\x03\xff\x1d\x0b\x00\xff\x1d\x0b\x00\
\xff\x1c\x0a\x00\xff\x1c\x0a\x00\xff\x18\x0a\x03\xff\x12\x09\x06\
\x9c\x0d\x0c\x17\x01\x14\x0b\x0b\x00\x00\x00\x00\x00\x00\x00\x00\
\x00\x00\x00\x00\x00\x00\x00\x00\x00\x00\x00\x00\x00\x17\x10\x0e\
\x00\x18\x13\x11\x09\x12\x09\x05\xb7\x16\x09\x02\xff\x1b\x09\x00\
\xff\x1c\x0a\x01\xff\x1e\x0a\x00\xff\x21\x0b\x00\xff\x21\x0b\x02\
\xff\x1e\x0b\x04\xfa\x1b\x0c\x06\xaf\x1b\x0f\x09\x4b\x1c\x13\x10\
\x1b\x25\x1d\x1c\x09\x59\x65\x71\x01\x14\x00\x00\x00\x1b\x07\x00\
\x00\x1a\x07\x00\x00\x17\x04\x00\x00\x07\x00\x00\x00\xff\xff\xff\
\x00\x33\x28\x25\x06\x28\x1d\x18\x13\x25\x16\x12\x2d\x21\x10\x0d\
\x5d\x1f\x0e\x09\x9e\x22\x0f\x07\xda\x26\x0f\x05\xfd\x25\x0f\x02\
\xff\x1f\x0c\x03\xff\x17\x0a\x05\xf9\x15\x0c\x0a\x6a\x0c\x00\x00\
\x00\x1a\x14\x14\x00\x22\x0f\x0b\x00\x00\x00\x00\x00\x00\x00\x00\
\x00\x00\x00\x00\x00\x00\x00\x00\x00\x00\x00\x00\x00\x00\x00\x00\
\x00\x00\x00\x00\x00\x00\x00\x00\x00\x00\x00\x00\x00\x00\x00\x00\
\x00\x00\x00\x00\x00\x00\x00\x00\x00\x00\x00\x00\x00\x00\x00\x00\
\x00\x00\x00\x00\x00\x00\x00\x00\x00\x15\x0c\x06\x00\x16\x0b\x09\
\x00\x15\x0c\x0a\x21\x1a\x0b\x06\xd5\x1f\x0b\x02\xff\x1d\x0a\x01\
\xff\x1c\x09\x01\xff\x1c\x09\x01\xff\x1f\x0a\x00\xff\x22\x0b\x01\
\xff\x22\x0c\x01\xff\x21\x0c\x01\xff\x1f\x0b\x00\xff\x1e\x0a\x00\
\xff\x1d\x0b\x00\xff\x20\x0c\x01\xff\x21\x0c\x05\xff\x1a\x0d\x07\
\xc4\x12\x0c\x09\x15\x14\x0c\x09\x00\x19\x0f\x0d\x00\x00\x00\x00\
\x00\x00\x00\x00\x00\x00\x00\x00\x00\x00\x00\x00\x00\x00\x00\x00\
\x00\x00\x00\x00\x00\x00\x00\x00\x00\x00\x00\x00\x00\x00\x00\x00\
\x00\x00\x00\x00\x00\x00\x00\x00\x00\x00\x00\x00\x00\x00\x00\x00\
\x00\x00\x00\x00\x00\x00\x00\x00\x00\x00\x00\x00\x00\x1e\x15\x10\
\x00\x1b\x14\x10\x0e\x1a\x0c\x07\xc3\x20\x0c\x02\xff\x1f\x0c\x00\
\xff\x20\x0d\x00\xff\x22\x0c\x00\xff\x22\x0c\x00\xff\x1c\x0b\x03\
\xff\x18\x0b\x08\xb5\x1e\x0f\x0d\x57\x22\x13\x0f\x55\x25\x15\x0e\
\x56\x26\x15\x0d\x57\x25\x14\x0d\x57\x25\x14\x0f\x58\x24\x13\x0f\
\x5a\x21\x11\x0f\x5b\x20\x10\x0e\x5a\x21\x10\x0e\x5a\x23\x11\x0d\
\x5a\x25\x12\x0d\x58\x26\x13\x0c\x55\x27\x12\x0d\x54\x27\x13\x0e\
\x59\x23\x0f\x0a\x6e\x1b\x0b\x06\x9f\x16\x09\x05\xe2\x18\x08\x03\
\xff\x1a\x09\x01\xff\x1d\x0a\x00\xff\x20\x0b\x00\xff\x1e\x0c\x00\
\xff\x21\x0c\x00\xff\x21\x0b\x02\xff\x1b\x0c\x05\xf8\x16\x0c\x0a\
\x52\x13\x08\x05\x00\x08\x00\x00\x00\x00\x00\x00\x00\x00\x00\x00\
\x00\x00\x00\x00\x00\x00\x00\x00\x00\x00\x00\x00\x00\x14\x0d\x0b\
\x00\x16\x0a\x04\x00\x16\x0c\x09\x7a\x19\x0a\x05\xff\x1c\x09\x01\
\xff\x1c\x0a\x00\xff\x1d\x0b\x00\xff\x1d\x0b\x00\xff\x1d\x0b\x00\
\xff\x1c\x0a\x00\xff\x1d\x0a\x01\xff\x1d\x0a\x01\xff\x1c\x09\x01\
\xff\x18\x08\x01\xff\x14\x08\x03\xff\x11\x09\x06\x9b\x0f\x0d\x0b\
\x09\x13\x0b\x09\x00\x21\x10\x0e\x00\x00\x00\x00\x00\x00\x00\x00\
\x00\x00\x00\x00\x00\x00\x00\x00\x00\x00\x00\x00\x00\x00\x00\x00\
\x00\x00\x00\x00\x00\x00\x00\x00\x00\x00\x00\x00\x00\x00\x00\x00\
\x00\x30\x30\x20\x00\x0e\x00\x00\x00\x19\x09\x04\x00\x19\x0b\x07\
\x40\x20\x0e\x07\xe9\x22\x0d\x03\xff\x22\x0c\x01\xff\x1e\x0b\x00\
\xff\x1c\x0a\x00\xff\x1c\x0a\x00\xff\x1c\x0a\x00\xff\x1d\x0b\x00\
\xff\x1c\x0a\x00\xff\x1d\x0b\x00\xff\x1c\x0b\x01\xff\x1e\x0b\x01\
\xff\x17\x09\x02\xc1\x0a\x06\x03\x0c\x0f\x09\x04\x00\x00\x00\x00\
\x00\x00\x00\x00\x00\x00\x00\x00\x00\x00\x00\x00\x00\x00\x00\x00\
\x00\x00\x00\x00\x00\x00\x00\x00\x00\x00\x00\x00\x00\x00\x00\x00\
\x00\x00\x00\x00\x00\x00\x00\x00\x00\x00\x00\x00\x00\x00\x00\x00\
\x00\x00\x00\x00\x00\x0d\x02\x00\x00\x12\x07\x04\x00\x15\x0b\x08\
\x47\x18\x0b\x05\xf2\x20\x0b\x03\xff\x20\x0c\x01\xff\x1c\x0c\x00\
\xff\x1d\x0b\x00\xff\x1d\x0b\x00\xff\x1a\x0a\x02\xff\x15\x09\x05\
\xce\x14\x0b\x0a\x1a\x14\x0a\x09\x00\x13\x0d\x0d\x00\x00\x00\x00\
\x00\x00\x00\x00\x00\x00\x00\x00\x00\x00\x00\x00\x00\x00\x00\x00\
\x00\x00\x00\x00\x00\x00\x00\x00\x00\x00\x00\x00\x00\x00\x00\x00\
\x00\x00\x00\x00\x00\x00\x00\x00\x00\x00\x00\x00\x00\x2e\x2e\x2e\
\x00\x1c\x0e\x0c\x00\x1f\x15\x1c\x01\x1b\x0c\x08\x8e\x1d\x0b\x05\
\xff\x1c\x09\x01\xff\x1e\x0a\x01\xff\x1d\x0a\x00\xff\x1b\x0a\x00\
\xff\x18\x09\x01\xff\x14\x09\x04\xfc\x11\x0a\x07\x6b\x00\x00\x00\
\x00\x47\x44\x3e\x00\x00\x00\x00\x00\x00\x00\x00\x00\x00\x00\x00\
\x00\x00\x00\x00\x00\x00\x00\x00\x00\x1e\x10\x10\x00\x13\x07\x0d\
\x05\x1e\x09\x06\xad\x1d\x0b\x03\xff\x1c\x0b\x00\xff\x1d\x0b\x00\
\xff\x1d\x0b\x00\xff\x1c\x0a\x00\xff\x18\x0a\x03\xff\x13\x09\x07\
\x9c\x09\x07\x14\x01\x13\x0a\x0a\x00\x00\x00\x00\x00\x00\x00\x00\
\x00\x00\x00\x00\x00\x00\x00\x00\x00\x00\x00\x00\x00\x1e\x19\x14\
\x00\x0f\x01\x00\x00\x14\x0a\x08\x6d\x19\x09\x04\xfe\x20\x0a\x02\
\xff\x1f\x0a\x00\xff\x1e\x0a\x00\xff\x1e\x0a\x00\xff\x1f\x0b\x00\
\xff\x20\x0c\x01\xff\x1f\x0c\x03\xff\x1b\x0c\x05\xf5\x17\x0b\x06\
\xd7\x17\x0a\x07\xb7\x16\x09\x06\x9d\x1b\x0d\x08\x8c\x1e\x11\x0b\
\x7d\x1e\x11\x0a\x77\x1d\x11\x0c\x7c\x18\x0e\x0a\x88\x16\x09\x06\
\x98\x1b\x0d\x09\xb0\x1e\x0f\x09\xcc\x1f\x0e\x08\xe8\x1d\x0b\x05\
\xfc\x20\x0b\x03\xff\x23\x0c\x02\xff\x25\x0d\x02\xff\x23\x0d\x00\
\xff\x1d\x0a\x00\xff\x18\x09\x02\xff\x16\x0a\x05\xdc\x19\x0d\x09\
\x2e\x19\x0d\x09\x00\x1f\x14\x0f\x00\x00\x00\x00\x00\x00\x00\x00\
\x00\x00\x00\x00\x00\x00\x00\x00\x00\x00\x00\x00\x00\x00\x00\x00\
\x00\x00\x00\x00\x00\x00\x00\x00\x00\x00\x00\x00\x00\x00\x00\x00\
\x00\x00\x00\x00\x00\x00\x00\x00\x00\x00\x00\x00\x00\x00\x00\x00\
\x00\x00\x00\x00\x00\x00\x00\x00\x00\x0d\x0d\x0d\x00\x25\x1c\x17\
\x00\x13\x00\x00\x00\x1a\x0c\x08\x72\x1f\x0d\x05\xfe\x1d\x0a\x01\
\xff\x1c\x09\x01\xff\x1b\x08\x00\xff\x1c\x09\x00\xff\x1f\x0b\x00\
\xff\x1f\x0b\x00\xff\x1e\x0b\x00\xff\x1d\x0a\x00\xff\x1d\x0b\x00\
\xff\x20\x0c\x00\xff\x25\x0c\x02\xff\x23\x0d\x07\xf8\x1b\x0e\x08\
\x5a\x1a\x09\x05\x00\x00\x00\x00\x00\x00\x00\x00\x00\x00\x00\x00\
\x00\x00\x00\x00\x00\x00\x00\x00\x00\x00\x00\x00\x00\x00\x00\x00\
\x00\x00\x00\x00\x00\x00\x00\x00\x00\x00\x00\x00\x00\x00\x00\x00\
\x00\x00\x00\x00\x00\x00\x00\x00\x00\x00\x00\x00\x00\x00\x00\x00\
\x00\x00\x00\x00\x00\x00\x00\x00\x00\x00\x00\x00\x00\x22\x13\x10\
\x00\x1e\x12\x10\x0d\x1a\x0b\x07\xc2\x20\x0c\x02\xff\x1f\x0c\x00\
\xff\x1f\x0c\x00\xff\x20\x0c\x00\xff\x1f\x0b\x00\xff\x1b\x09\x01\
\xff\x19\x08\x02\xfd\x1d\x0a\x04\xfb\x23\x0d\x06\xfb\x24\x0f\x05\
\xfb\x22\x0e\x04\xfc\x20\x0c\x04\xfc\x1f\x0c\x04\xfc\x1e\x0b\x05\
\xfc\x1c\x0a\x05\xfd\x1b\x0a\x05\xfc\x1d\x0a\x05\xfc\x20\x0b\x04\
\xfc\x22\x0c\x05\xfc\x25\x0e\x05\xfb\x25\x0e\x05\xfb\x25\x0f\x05\
\xfc\x23\x0e\x04\xff\x20\x0d\x03\xff\x1b\x0a\x01\xff\x1b\x09\x01\
\xff\x1b\x0a\x01\xff\x1a\x09\x01\xff\x1d\x09\x01\xff\x20\x0c\x00\
\xff\x24\x0d\x01\xff\x25\x0e\x04\xff\x1d\x0d\x07\xbf\x16\x0e\x0b\
\x11\x18\x0e\x0c\x00\x1c\x1c\x1c\x00\x00\x00\x00\x00\x00\x00\x00\
\x00\x00\x00\x00\x00\x00\x00\x00\x00\x00\x00\x00\x00\x15\x0f\x0a\
\x00\x14\x07\x04\x00\x16\x0d\x09\x7b\x18\x0a\x04\xff\x1b\x09\x01\
\xff\x1c\x0a\x00\xff\x1c\x0a\x00\xff\x1d\x0b\x00\xff\x1d\x0b\x00\
\xff\x1e\x0c\x01\xff\x1e\x0c\x00\xff\x20\x0c\x00\xff\x1f\x0b\x01\
\xff\x1c\x0b\x04\xff\x16\x0a\x06\xc9\x12\x0b\x0a\x20\x11\x0a\x08\
\x00\x10\x09\x07\x00\x00\x00\x00\x00\x00\x00\x00\x00\x00\x00\x00\
\x00\x00\x00\x00\x00\x00\x00\x00\x00\x00\x00\x00\x00\x00\x00\x00\
\x00\x00\x00\x00\x00\x00\x00\x00\x00\x00\x00\x00\x00\x00\x00\x00\
\x00\x00\x00\x00\x00\x1d\x15\x15\x00\x19\x0e\x0a\x00\x11\x13\x0e\
\x01\x1c\x0d\x09\x7b\x1f\x0d\x07\xfd\x20\x0b\x02\xff\x1f\x0b\x00\
\xff\x1c\x0a\x00\xff\x1c\x0a\x00\xff\x1c\x0a\x00\xff\x1d\x0b\x00\
\xff\x1d\x0b\x00\xff\x1d\x0b\x00\xff\x1c\x0b\x01\xff\x1e\x0b\x01\
\xff\x16\x08\x02\xc0\x0a\x05\x03\x0c\x0f\x08\x05\x00\x00\x00\x00\
\x00\x00\x00\x00\x00\x00\x00\x00\x00\x00\x00\x00\x00\x00\x00\x00\
\x00\x00\x00\x00\x00\x00\x00\x00\x00\x00\x00\x00\x00\x00\x00\x00\
\x00\x00\x00\x00\x00\x00\x00\x00\x00\x00\x00\x00\x00\x00\x00\x00\
\x00\x55\x55\x55\x00\x19\x0f\x0d\x00\x1b\x13\x13\x06\x15\x09\x06\
\xa7\x16\x08\x02\xff\x1d\x09\x01\xff\x1e\x0b\x01\xff\x1d\x0c\x00\
\xff\x20\x0c\x00\xff\x21\x0c\x01\xff\x1d\x0c\x06\xff\x17\x0c\x09\
\x73\x19\x06\x00\x00\x18\x14\x12\x00\x15\x15\x15\x00\x00\x00\x00\
\x00\x00\x00\x00\x00\x00\x00\x00\x00\x00\x00\x00\x00\x00\x00\x00\
\x00\x00\x00\x00\x00\x00\x00\x00\x00\x00\x00\x00\x00\x00\x00\x00\
\x00\x00\x00\x00\x00\x00\x00\x00\x00\x00\x00\x00\x00\x00\x00\x00\
\x00\x1a\x0b\x09\x00\x17\x0b\x0a\x00\x18\x0d\x0c\x36\x17\x0a\x06\
\xe9\x1a\x0a\x02\xff\x1e\x0b\x01\xff\x1e\x0a\x00\xff\x1b\x09\x01\
\xff\x17\x09\x00\xff\x15\x08\x01\xff\x14\x09\x06\xc8\x19\x11\x0f\
\x16\x18\x10\x0d\x00\x20\x17\x11\x00\x00\x00\x00\x00\x00\x00\x00\
\x00\x00\x00\x00\x00\x00\x00\x00\x00\x1e\x0e\x0e\x00\x15\x07\x0d\
\x05\x1b\x07\x04\xae\x1b\x0b\x02\xff\x1c\x0b\x00\xff\x1d\x0b\x00\
\xff\x1c\x0a\x00\xff\x1d\x0b\x00\xff\x19\x0b\x04\xff\x14\x0b\x08\
\x9c\x02\x01\x14\x01\x13\x0a\x0b\x00\x00\x00\x00\x00\x00\x00\x00\
\x00\x00\x00\x00\x00\x00\x00\x00\x00\x00\x00\x00\x00\x17\x10\x0c\
\x00\x15\x0b\x09\x00\x15\x0c\x0b\x19\x1b\x0d\x08\xc7\x22\x0d\x04\
\xff\x21\x0b\x00\xff\x1e\x09\x01\xff\x1c\x09\x01\xff\x1e\x0a\x00\
\xff\x1f\x0b\x00\xff\x1e\x0b\x01\xff\x1b\x0a\x02\xff\x18\x09\x02\
\xff\x19\x09\x02\xff\x1c\x0a\x02\xff\x1f\x0c\x03\xff\x20\x0d\x05\
\xff\x20\x0d\x05\xff\x1e\x0d\x05\xff\x19\x0b\x03\xff\x18\x09\x01\
\xff\x1a\x0a\x02\xff\x1d\x0b\x03\xff\x1d\x0c\x02\xff\x1e\x0b\x01\
\xff\x20\x0c\x00\xff\x20\x0c\x00\xff\x1f\x0c\x00\xff\x1e\x0a\x00\
\xff\x1d\x09\x00\xff\x1c\x09\x01\xff\x1d\x0c\x03\xff\x1d\x0e\x07\
\xa8\x1f\x14\x10\x0d\x20\x14\x0f\x00\x55\x55\x55\x00\x00\x00\x00\
\x00\x00\x00\x00\x00\x00\x00\x00\x00\x00\x00\x00\x00\x00\x00\x00\
\x00\x00\x00\x00\x00\x00\x00\x00\x00\x00\x00\x00\x00\x00\x00\x00\
\x00\x00\x00\x00\x00\x00\x00\x00\x00\x00\x00\x00\x00\x00\x00\x00\
\x00\x00\x00\x00\x00\x00\x00\x00\x00\x00\x00\x00\x00\x1e\x14\x11\
\x00\x18\x0b\x09\x00\x18\x0b\x0a\x19\x1b\x0c\x07\xcc\x1c\x0b\x03\
\xff\x1c\x0a\x01\xff\x1d\x0b\x00\xff\x1d\x0b\x01\xff\x1d\x0a\x01\
\xff\x1c\x09\x01\xff\x1c\x0a\x01\xff\x1c\x0b\x01\xff\x1e\x0a\x00\
\xff\x1e\x0b\x00\xff\x1f\x0d\x04\xff\x1e\x0d\x08\xb7\x1b\x0c\x0b\
\x0d\x1c\x0d\x0a\x00\x25\x19\x15\x00\x00\x00\x00\x00\x00\x00\x00\
\x00\x00\x00\x00\x00\x00\x00\x00\x00\x00\x00\x00\x00\x00\x00\x00\
\x00\x00\x00\x00\x00\x00\x00\x00\x00\x00\x00\x00\x00\x00\x00\x00\
\x00\x00\x00\x00\x00\x00\x00\x00\x00\x00\x00\x00\x00\x00\x00\x00\
\x00\x00\x00\x00\x00\x00\x00\x00\x00\x00\x00\x00\x00\x1f\x14\x10\
\x00\x1b\x12\x0f\x0e\x1a\x0b\x07\xc2\x20\x0c\x02\xff\x1f\x0b\x00\
\xff\x1f\x0b\x00\xff\x1e\x0b\x00\xff\x1d\x0a\x00\xff\x1c\x0a\x00\
\xff\x1d\x0a\x01\xff\x21\x0b\x01\xff\x24\x0d\x01\xff\x23\x0c\x01\
\xff\x1e\x0c\x00\xff\x1d\x0b\x00\xff\x1d\x0b\x00\xff\x1c\x0b\x01\
\xff\x1b\x0a\x01\xff\x1c\x0a\x02\xff\x1d\x0a\x01\xff\x1e\x0b\x00\
\xff\x1f\x0b\x01\xff\x20\x0d\x01\xff\x21\x0d\x01\xff\x21\x0d\x01\
\xff\x22\x0e\x02\xff\x21\x0d\x01\xff\x1f\x0c\x00\xff\x1d\x0a\x00\
\xff\x1c\x0a\x00\xff\x1a\x09\x00\xff\x1b\x09\x01\xff\x1d\x0b\x00\
\xff\x23\x0e\x02\xff\x22\x0e\x08\xef\x1e\x0e\x0b\x4d\x1e\x0d\x0b\
\x00\x00\x00\x00\x00\x00\x00\x00\x00\x00\x00\x00\x00\x00\x00\x00\
\x00\x00\x00\x00\x00\x00\x00\x00\x00\x00\x00\x00\x00\x16\x11\x0c\
\x00\x14\x06\x03\x00\x16\x0d\x09\x7c\x18\x0a\x04\xff\x1b\x09\x01\
\xff\x1c\x0a\x00\xff\x1c\x0a\x00\xff\x1c\x0a\x00\xff\x1d\x0b\x00\
\xff\x1e\x0c\x00\xff\x20\x0d\x00\xff\x23\x0d\x00\xff\x21\x0d\x03\
\xff\x1c\x0e\x08\xeb\x18\x0e\x0a\x46\x16\x0a\x07\x00\x00\x00\x00\
\x00\x30\x2c\x2b\x00\x00\x00\x00\x00\x00\x00\x00\x00\x00\x00\x00\
\x00\x00\x00\x00\x00\x00\x00\x00\x00\x00\x00\x00\x00\x00\x00\x00\
\x00\x00\x00\x00\x00\x00\x00\x00\x00\x00\x00\x00\x00\x00\x00\x00\
\x00\x00\x00\x00\x00\x00\x00\x00\x00\x1a\x0d\x07\x00\x16\x0b\x07\
\x00\x15\x0a\x09\x10\x1a\x0d\x08\xaf\x1e\x0c\x05\xff\x1d\x0a\x01\
\xff\x1d\x0a\x01\xff\x1d\x0b\x00\xff\x1c\x0a\x00\xff\x1d\x0b\x00\
\xff\x1d\x0b\x00\xff\x1d\x0b\x00\xff\x1d\x0b\x01\xff\x1e\x0b\x01\
\xff\x18\x09\x03\xc0\x0d\x08\x05\x0b\x13\x0b\x07\x00\x00\x00\x00\
\x00\x00\x00\x00\x00\x00\x00\x00\x00\x00\x00\x00\x00\x00\x00\x00\
\x00\x00\x00\x00\x00\x00\x00\x00\x00\x00\x00\x00\x00\x00\x00\x00\
\x00\x00\x00\x00\x00\x00\x00\x00\x00\x00\x00\x00\x00\x00\x00\x00\
\x00\x1b\x0a\x06\x00\x16\x09\x06\x00\x17\x0b\x07\x3b\x17\x09\x04\
\xed\x17\x09\x01\xff\x1c\x09\x02\xff\x1e\x0a\x02\xff\x1f\x0c\x01\
\xff\x24\x0d\x01\xff\x25\x0f\x03\xff\x1f\x0e\x07\xd9\x18\x0c\x08\
\x21\x19\x0c\x08\x00\x17\x10\x0d\x00\x00\x00\x00\x00\x00\x00\x00\
\x00\x00\x00\x00\x00\x00\x00\x00\x00\x00\x00\x00\x00\x00\x00\x00\
\x00\x00\x00\x00\x00\x00\x00\x00\x00\x00\x00\x00\x00\x00\x00\x00\
\x00\x00\x00\x00\x00\x00\x00\x00\x00\x00\x00\x00\x00\x00\x00\x00\
\x00\x00\x00\x00\x00\x19\x12\x13\x00\x19\x17\x1a\x05\x15\x0c\x09\
\xa2\x19\x0b\x05\xff\x1e\x0b\x01\xff\x1e\x0a\x00\xff\x1b\x08\x01\
\xff\x19\x09\x01\xff\x19\x09\x01\xff\x19\x0b\x05\xfb\x18\x0e\x09\
\x60\x12\x06\x03\x00\x4f\x46\x36\x00\x55\x55\x55\x00\x00\x00\x00\
\x00\x00\x00\x00\x00\x00\x00\x00\x00\x1e\x10\x10\x00\x17\x0a\x10\
\x05\x18\x07\x04\xad\x1a\x0a\x01\xff\x1c\x0a\x00\xff\x1c\x0a\x00\
\xff\x1c\x0a\x00\xff\x1d\x0b\x00\xff\x1b\x0d\x05\xff\x18\x0d\x0a\
\x9b\x00\x06\x1e\x01\x16\x0d\x0e\x00\x00\x00\x00\x00\x00\x00\x00\
\x00\x00\x00\x00\x00\x00\x00\x00\x00\x00\x00\x00\x00\x00\x00\x00\
\x00\x07\x00\x00\x00\x19\x09\x05\x00\x1b\x0e\x09\x43\x1f\x0e\x07\
\xe4\x22\x0d\x03\xff\x20\x0b\x02\xff\x1e\x0a\x01\xff\x1e\x0a\x00\
\xff\x1d\x0b\x01\xff\x1b\x0a\x02\xff\x1a\x0a\x02\xff\x1a\x09\x01\
\xff\x1c\x0a\x01\xff\x1e\x0b\x00\xff\x1f\x0c\x01\xff\x1f\x0c\x01\
\xff\x20\x0d\x00\xff\x20\x0c\x01\xff\x1e\x0c\x01\xff\x1c\x0c\x00\
\xff\x1c\x0b\x00\xff\x1c\x0a\x00\xff\x1d\x0b\x00\xff\x20\x0c\x00\
\xff\x21\x0c\x00\xff\x1f\x0c\x00\xff\x1d\x0b\x00\xff\x1c\x0a\x01\
\xff\x1c\x0a\x00\xff\x1e\x0b\x00\xff\x22\x0e\x02\xff\x21\x10\x09\
\xfa\x1e\x11\x10\x5a\x15\x06\x04\x00\x43\x43\x43\x00\x00\x00\x00\
\x00\x00\x00\x00\x00\x00\x00\x00\x00\x00\x00\x00\x00\x00\x00\x00\
\x00\x00\x00\x00\x00\x00\x00\x00\x00\x00\x00\x00\x00\x00\x00\x00\
\x00\x00\x00\x00\x00\x00\x00\x00\x00\x00\x00\x00\x00\x00\x00\x00\
\x00\x00\x00\x00\x00\x00\x00\x00\x00\x00\x00\x00\x00\x00\x00\x00\
\x00\x22\x35\x3a\x00\x15\x06\x00\x00\x17\x0b\x07\x65\x1b\x0c\x05\
\xfb\x20\x0c\x02\xff\x20\x0c\x00\xff\x1e\x0b\x00\xff\x1c\x09\x01\
\xff\x1b\x09\x01\xff\x1c\x0a\x01\xff\x1c\x0a\x02\xff\x1f\x0b\x01\
\xff\x1c\x0c\x01\xff\x16\x0c\x05\xf5\x15\x0b\x07\x4f\x15\x0b\x06\
\x00\x1f\x0c\x03\x00\x00\x00\x00\x00\x00\x00\x00\x00\x00\x00\x00\
\x00\x00\x00\x00\x00\x00\x00\x00\x00\x00\x00\x00\x00\x00\x00\x00\
\x00\x00\x00\x00\x00\x00\x00\x00\x00\x00\x00\x00\x00\x00\x00\x00\
\x00\x00\x00\x00\x00\x00\x00\x00\x00\x00\x00\x00\x00\x00\x00\x00\
\x00\x00\x00\x00\x00\x00\x00\x00\x00\x00\x00\x00\x00\x1f\x16\x13\
\x00\x1b\x14\x13\x0f\x1a\x0c\x07\xc4\x21\x0c\x02\xff\x20\x0c\x01\
\xff\x1f\x0b\x00\xff\x1d\x0b\x00\xff\x1c\x0a\x00\xff\x1d\x0b\x00\
\xff\x1f\x0c\x00\xff\x20\x0b\x00\xff\x20\x0c\x00\xff\x1e\x0c\x00\
\xff\x1d\x0b\x00\xff\x1d\x0a\x00\xff\x1d\x0a\x01\xff\x1c\x0a\x01\
\xff\x1d\x0a\x01\xff\x1e\x0a\x02\xff\x1d\x0a\x00\xff\x1d\x0a\x00\
\xff\x1d\x0a\x00\xff\x1c\x0b\x00\xff\x1c\x0b\x00\xff\x1e\x0b\x01\
\xff\x20\x0c\x01\xff\x20\x0c\x01\xff\x20\x0c\x01\xff\x20\x0b\x00\
\xff\x1d\x0b\x00\xff\x1a\x0a\x00\xff\x18\x08\x01\xff\x18\x0a\x01\
\xff\x1b\x0c\x03\xf6\x1c\x0b\x07\x74\x19\x10\x19\x03\x1b\x0e\x0d\
\x00\x20\x16\x11\x00\x00\x00\x00\x00\x00\x00\x00\x00\x00\x00\x00\
\x00\x00\x00\x00\x00\x00\x00\x00\x00\x00\x00\x00\x00\x18\x0f\x0e\
\x00\x17\x0a\x04\x00\x18\x0e\x0a\x7b\x1a\x0b\x05\xff\x1c\x0a\x01\
\xff\x1c\x0a\x00\xff\x1c\x0a\x00\xff\x1c\x09\x00\xff\x1d\x0a\x00\
\xff\x1e\x0b\x01\xff\x22\x0d\x01\xff\x24\x0d\x02\xff\x20\x0e\x05\
\xfd\x19\x0d\x08\x7d\x1c\x29\x30\x01\x1a\x13\x10\x00\x1a\x15\x12\
\x00\x00\x00\x00\x00\x00\x00\x00\x00\x00\x00\x00\x00\x00\x00\x00\
\x00\x00\x00\x00\x00\x00\x00\x00\x00\x00\x00\x00\x00\x00\x00\x00\
\x00\x00\x00\x00\x00\x00\x00\x00\x00\x00\x00\x00\x00\x00\x00\x00\
\x00\x00\x00\x00\x00\x00\x00\x00\x00\x00\x00\x00\x00\x13\x05\x05\
\x00\x18\x0b\x07\x00\x18\x0d\x07\x2f\x1a\x0c\x06\xdc\x1b\x0a\x02\
\xff\x1c\x0b\x01\xff\x1d\x0b\x00\xff\x1e\x0b\x00\xff\x1e\x0b\x00\
\xff\x1d\x0b\x00\xff\x1c\x0b\x00\xff\x1c\x0b\x00\xff\x1e\x0c\x01\
\xff\x19\x0b\x04\xbf\x0f\x0a\x04\x0b\x15\x0c\x06\x00\x00\x00\x00\
\x00\x00\x00\x00\x00\x00\x00\x00\x00\x00\x00\x00\x00\x00\x00\x00\
\x00\x00\x00\x00\x00\x00\x00\x00\x00\x00\x00\x00\x00\x00\x00\x00\
\x00\x00\x00\x00\x00\x00\x00\x00\x00\x00\x00\x00\x00\x27\x1a\x0d\
\x00\x1b\x0e\x08\x00\x13\x0c\x07\x03\x1f\x0e\x07\x9a\x1f\x0d\x05\
\xff\x1b\x0a\x02\xff\x1b\x0a\x01\xff\x1c\x0a\x01\xff\x1f\x0b\x01\
\xff\x24\x0d\x02\xff\x24\x0f\x06\xff\x1e\x0d\x09\x7e\x33\x15\x01\
\x00\x1c\x11\x0f\x00\x00\x00\x00\x00\x00\x00\x00\x00\x00\x00\x00\
\x00\x00\x00\x00\x00\x00\x00\x00\x00\x00\x00\x00\x00\x00\x00\x00\
\x00\x00\x00\x00\x00\x00\x00\x00\x00\x00\x00\x00\x00\x00\x00\x00\
\x00\x00\x00\x00\x00\x00\x00\x00\x00\x00\x00\x00\x00\x00\x00\x00\
\x00\x00\x00\x00\x00\x16\x08\x0b\x00\x16\x09\x08\x00\x17\x0d\x0b\
\x41\x1c\x0c\x08\xee\x1e\x0b\x02\xff\x1b\x0a\x00\xff\x1b\x08\x01\
\xff\x1c\x09\x00\xff\x1e\x0b\x00\xff\x1e\x0d\x03\xff\x1a\x0d\x07\
\xbe\x19\x10\x0d\x10\x1a\x11\x0d\x00\x4f\x4e\x4d\x00\x00\x00\x00\
\x00\x00\x00\x00\x00\x00\x00\x00\x00\x1d\x10\x10\x00\x10\x08\x0d\
\x05\x18\x09\x05\xad\x1e\x0b\x02\xff\x1d\x0b\x01\xff\x1b\x0a\x01\
\xff\x1b\x09\x01\xff\x1e\x0a\x01\xff\x20\x0e\x04\xff\x1d\x10\x0a\
\x99\x00\x05\x22\x01\x18\x0e\x0c\x00\x00\x00\x00\x00\x00\x00\x00\
\x00\x00\x00\x00\x00\x00\x00\x00\x00\x00\x00\x00\x00\x00\x00\x00\
\x00\x1b\x18\x17\x00\x1c\x11\x0f\x00\x17\x00\x00\x00\x1a\x0c\x0a\
\x4f\x1f\x0e\x07\xd8\x21\x0d\x05\xff\x20\x0c\x02\xff\x1d\x0a\x01\
\xff\x1a\x0a\x01\xff\x1b\x0a\x01\xff\x1c\x0a\x01\xff\x1c\x0a\x01\
\xff\x1c\x0a\x00\xff\x1e\x0a\x00\xff\x1d\x0a\x00\xff\x1d\x0b\x00\
\xff\x1e\x0c\x00\xff\x1f\x0b\x01\xff\x1e\x0b\x01\xff\x1d\x0b\x00\
\xff\x1d\x0a\x00\xff\x1d\x0a\x01\xff\x1e\x0a\x00\xff\x1f\x0b\x00\
\xff\x1f\x0b\x00\xff\x1f\x0b\x00\xff\x1f\x0c\x00\xff\x20\x0c\x01\
\xff\x1f\x0c\x02\xff\x1e\x0d\x05\xff\x20\x0f\x08\xee\x1e\x0f\x0c\
\x9c\x1a\x0f\x10\x29\x10\x02\x03\x00\x59\x59\x59\x00\x00\x00\x00\
\x00\x00\x00\x00\x00\x00\x00\x00\x00\x00\x00\x00\x00\x00\x00\x00\
\x00\x00\x00\x00\x00\x00\x00\x00\x00\x00\x00\x00\x00\x00\x00\x00\
\x00\x00\x00\x00\x00\x00\x00\x00\x00\x00\x00\x00\x00\x00\x00\x00\
\x00\x00\x00\x00\x00\x00\x00\x00\x00\x00\x00\x00\x00\x00\x00\x00\
\x00\x1b\x15\x13\x00\x16\x0d\x08\x00\x13\x0b\x07\x12\x1d\x0d\x07\
\xbe\x25\x0e\x04\xff\x24\x0c\x00\xff\x1e\x0b\x00\xff\x1c\x0a\x01\
\xff\x1c\x09\x00\xff\x1c\x0a\x01\xff\x1d\x0a\x01\xff\x1f\x0c\x02\
\xff\x1c\x0c\x04\xff\x15\x0a\x06\xaa\x0f\x0b\x0b\x09\x14\x0c\x0b\
\x00\x1e\x11\x11\x00\x00\x00\x00\x00\x00\x00\x00\x00\x00\x00\x00\
\x00\x00\x00\x00\x00\x00\x00\x00\x00\x00\x00\x00\x00\x00\x00\x00\
\x00\x00\x00\x00\x00\x00\x00\x00\x00\x00\x00\x00\x00\x00\x00\x00\
\x00\x00\x00\x00\x00\x00\x00\x00\x00\x00\x00\x00\x00\x00\x00\x00\
\x00\x00\x00\x00\x00\x00\x00\x00\x00\x00\x00\x00\x00\x1e\x14\x11\
\x00\x19\x11\x11\x0f\x1d\x0c\x06\xc3\x26\x0e\x02\xff\x23\x0d\x00\
\xff\x1f\x0d\x00\xff\x1d\x0c\x00\xff\x1e\x0c\x00\xff\x1e\x0b\x00\
\xff\x1e\x0b\x00\xff\x1d\x0b\x00\xff\x1d\x0b\x00\xff\x1d\x0b\x00\
\xff\x1c\x0a\x00\xff\x1d\x0a\x00\xff\x1e\x0a\x00\xff\x1f\x0b\x00\
\xff\x1e\x0b\x00\xff\x1e\x0b\x00\xff\x1d\x0b\x00\xff\x1d\x0b\x00\
\xff\x1d\x0a\x00\xff\x1c\x09\x01\xff\x1c\x09\x01\xff\x1b\x0a\x01\
\xff\x1c\x0a\x01\xff\x1d\x0b\x02\xff\x20\x0c\x01\xff\x22\x0d\x00\
\xff\x20\x0d\x01\xff\x1a\x0b\x03\xff\x15\x09\x04\xff\x14\x0a\x06\
\xeb\x12\x09\x05\x6e\x16\x0d\x0f\x05\x18\x0b\x0a\x00\x1b\x0d\x0c\
\x00\x00\x00\x00\x00\x00\x00\x00\x00\x00\x00\x00\x00\x00\x00\x00\
\x00\x00\x00\x00\x00\x00\x00\x00\x00\x00\x00\x00\x00\x17\x0d\x0a\
\x00\x1e\x0e\x08\x00\x1b\x0f\x0a\x79\x1d\x0c\x06\xff\x1e\x0a\x01\
\xff\x1c\x0a\x00\xff\x1c\x0a\x00\xff\x1e\x0a\x00\xff\x1e\x0a\x00\
\xff\x1e\x0b\x01\xff\x23\x0d\x01\xff\x24\x0f\x06\xff\x1e\x0d\x09\
\xaf\x17\x0a\x09\x11\x17\x0b\x09\x00\x19\x11\x0f\x00\x00\x00\x00\
\x00\x00\x00\x00\x00\x00\x00\x00\x00\x00\x00\x00\x00\x00\x00\x00\
\x00\x00\x00\x00\x00\x00\x00\x00\x00\x00\x00\x00\x00\x00\x00\x00\
\x00\x00\x00\x00\x00\x00\x00\x00\x00\x00\x00\x00\x00\x00\x00\x00\
\x00\x00\x00\x00\x00\x00\x00\x00\x00\x00\x00\x00\x00\x17\x13\x0a\
\x00\x13\x0e\x0b\x00\x18\x06\x00\x00\x15\x0a\x07\x64\x18\x0a\x04\
\xf7\x1b\x0b\x01\xff\x1e\x0c\x00\xff\x22\x0c\x00\xff\x20\x0c\x00\
\xff\x1c\x0b\x01\xff\x1b\x09\x01\xff\x1c\x0b\x00\xff\x1f\x0c\x02\
\xff\x1a\x0b\x05\xc0\x11\x08\x06\x0b\x16\x0a\x08\x00\x00\x00\x00\
\x00\x00\x00\x00\x00\x00\x00\x00\x00\x00\x00\x00\x00\x00\x00\x00\
\x00\x00\x00\x00\x00\x00\x00\x00\x00\x00\x00\x00\x00\x00\x00\x00\
\x00\x00\x00\x00\x00\x00\x00\x00\x00\x00\x00\x00\x00\x17\x0e\x0e\
\x00\x20\x0d\x08\x00\x21\x0e\x08\x34\x25\x0f\x07\xe9\x24\x0f\x03\
\xff\x20\x0d\x01\xff\x1d\x0b\x00\xff\x1a\x09\x00\xff\x19\x0a\x01\
\xff\x1b\x0b\x03\xff\x1d\x0d\x06\xdf\x1b\x0e\x0a\x27\x1a\x0d\x08\
\x00\x19\x0e\x0b\x00\x00\x00\x00\x00\x00\x00\x00\x00\x00\x00\x00\
\x00\x00\x00\x00\x00\x00\x00\x00\x00\x00\x00\x00\x00\x00\x00\x00\
\x00\x00\x00\x00\x00\x00\x00\x00\x00\x00\x00\x00\x00\x00\x00\x00\
\x00\x00\x00\x00\x00\x00\x00\x00\x00\x00\x00\x00\x00\x00\x00\x00\
\x00\x00\x00\x00\x00\x1d\x1d\x1a\x00\x1e\x12\x10\x00\x1e\x13\x13\
\x07\x1a\x0c\x09\xa9\x1b\x0b\x04\xff\x1a\x09\x00\xff\x1e\x0a\x01\
\xff\x23\x0b\x00\xff\x23\x0c\x00\xff\x1d\x0b\x01\xff\x16\x0a\x05\
\xf7\x14\x0b\x0a\x56\x0d\x03\x01\x00\x00\x00\x00\x00\x00\x00\x00\
\x00\x00\x00\x00\x00\x00\x00\x00\x00\x1d\x11\x0e\x00\x0c\x05\x08\
\x05\x1c\x0c\x06\xad\x23\x0e\x04\xff\x1d\x0b\x00\xff\x1a\x08\x00\
\xff\x1a\x08\x00\xff\x1d\x0a\x00\xff\x1d\x0d\x04\xff\x1a\x0f\x0b\
\x98\x00\x1c\x53\x00\x18\x10\x0f\x00\x00\x00\x00\x00\x00\x00\x00\
\x00\x00\x00\x00\x00\x00\x00\x00\x00\x00\x00\x00\x00\x00\x00\x00\
\x00\x00\x00\x00\x00\x1d\x11\x0d\x00\x1b\x10\x0d\x00\x1a\x0a\x03\
\x00\x19\x0d\x08\x2d\x1a\x0c\x08\xa7\x19\x0b\x07\xf2\x16\x09\x05\
\xff\x16\x09\x03\xff\x1b\x0b\x01\xff\x1d\x0c\x01\xff\x1d\x0b\x00\
\xff\x1d\x0b\x00\xff\x1e\x0a\x00\xff\x1d\x0a\x00\xff\x1c\x0a\x01\
\xff\x1e\x0b\x01\xff\x20\x0b\x02\xff\x20\x0c\x01\xff\x1e\x0b\x00\
\xff\x1c\x0a\x01\xff\x1a\x09\x02\xff\x1a\x09\x01\xff\x1c\x0a\x01\
\xff\x1c\x0a\x01\xff\x1c\x0b\x02\xff\x1e\x0d\x04\xff\x21\x0e\x06\
\xff\x20\x0e\x08\xe5\x1e\x0f\x09\xa3\x1f\x10\x0d\x43\x24\x17\x17\
\x05\x19\x0e\x0d\x00\x00\x00\x00\x00\x5d\x5d\x5d\x00\x00\x00\x00\
\x00\x00\x00\x00\x00\x00\x00\x00\x00\x00\x00\x00\x00\x00\x00\x00\
\x00\x00\x00\x00\x00\x00\x00\x00\x00\x00\x00\x00\x00\x00\x00\x00\
\x00\x00\x00\x00\x00\x00\x00\x00\x00\x00\x00\x00\x00\x00\x00\x00\
\x00\x00\x00\x00\x00\x00\x00\x00\x00\x00\x00\x00\x00\x00\x00\x00\
\x00\x00\x00\x00\x00\x15\x0f\x10\x00\x1d\x0e\x08\x00\x1c\x0d\x07\
\x53\x22\x0e\x05\xf6\x24\x0d\x01\xff\x21\x0c\x00\xff\x1e\x0c\x00\
\xff\x1f\x0d\x00\xff\x1e\x0c\x00\xff\x1e\x0c\x00\xff\x1d\x0b\x02\
\xff\x1b\x0b\x06\xef\x16\x0a\x07\x40\x16\x0a\x07\x00\x15\x0b\x0a\
\x00\x00\x00\x00\x00\x00\x00\x00\x00\x00\x00\x00\x00\x00\x00\x00\
\x00\x00\x00\x00\x00\x00\x00\x00\x00\x00\x00\x00\x00\x00\x00\x00\
\x00\x00\x00\x00\x00\x00\x00\x00\x00\x00\x00\x00\x00\x00\x00\x00\
\x00\x00\x00\x00\x00\x00\x00\x00\x00\x00\x00\x00\x00\x00\x00\x00\
\x00\x00\x00\x00\x00\x00\x00\x00\x00\x00\x00\x00\x00\x21\x11\x0d\
\x00\x1b\x0e\x0c\x0d\x21\x0c\x06\xc2\x2a\x0f\x03\xff\x26\x0e\x01\
\xff\x20\x0d\x00\xff\x1d\x0c\x00\xff\x1d\x0c\x00\xff\x1d\x0c\x00\
\xff\x1c\x0b\x00\xff\x1d\x0b\x00\xff\x1c\x0b\x00\xff\x1c\x0a\x00\
\xff\x1d\x0a\x00\xff\x1d\x0a\x00\xff\x1f\x0b\x00\xff\x20\x0c\x00\
\xff\x1f\x0c\x00\xff\x1e\x0b\x00\xff\x1e\x0c\x00\xff\x1e\x0c\x00\
\xff\x1e\x0b\x00\xff\x1c\x09\x01\xff\x1b\x08\x01\xff\x1a\x08\x00\
\xff\x19\x09\x00\xff\x1a\x0a\x01\xff\x1e\x0c\x02\xff\x21\x0f\x03\
\xff\x20\x0f\x04\xff\x1c\x0e\x07\xf2\x14\x0c\x08\xb3\x12\x0c\x0a\
\x44\x2c\x33\x31\x01\x17\x0e\x0c\x00\x16\x0a\x09\x00\x55\x55\x55\
\x00\x00\x00\x00\x00\x00\x00\x00\x00\x00\x00\x00\x00\x00\x00\x00\
\x00\x00\x00\x00\x00\x00\x00\x00\x00\x00\x00\x00\x00\x17\x0f\x09\
\x00\x1e\x0e\x09\x00\x1c\x10\x0b\x79\x1d\x0d\x06\xff\x1c\x09\x01\
\xff\x1c\x09\x00\xff\x1e\x0b\x01\xff\x1f\x0b\x01\xff\x1c\x0b\x00\
\xff\x19\x0a\x00\xff\x1e\x0c\x03\xff\x20\x0f\x09\xdb\x20\x11\x0e\
\x2f\x1d\x0e\x0a\x00\x11\x04\x02\x00\x00\x00\x00\x00\x00\x00\x00\
\x00\x00\x00\x00\x00\x00\x00\x00\x00\x00\x00\x00\x00\x00\x00\x00\
\x00\x00\x00\x00\x00\x00\x00\x00\x00\x00\x00\x00\x00\x00\x00\x00\
\x00\x00\x00\x00\x00\x00\x00\x00\x00\x00\x00\x00\x00\x00\x00\x00\
\x00\x00\x00\x00\x00\x00\x00\x00\x00\x00\x00\x00\x00\x00\x00\x00\
\x00\x14\x0c\x09\x00\x14\x0b\x07\x00\x13\x0c\x08\x08\x16\x0c\x06\
\x9b\x1d\x0d\x04\xff\x23\x0e\x01\xff\x24\x0e\x01\xff\x20\x0c\x00\
\xff\x1b\x0a\x00\xff\x1c\x09\x00\xff\x1d\x0a\x00\xff\x1d\x0b\x02\
\xff\x17\x09\x04\xc0\x0d\x06\x06\x0b\x12\x09\x08\x00\x00\x00\x00\
\x00\x00\x00\x00\x00\x00\x00\x00\x00\x00\x00\x00\x00\x00\x00\x00\
\x00\x00\x00\x00\x00\x00\x00\x00\x00\x00\x00\x00\x00\x00\x00\x00\
\x00\x00\x00\x00\x00\x00\x00\x00\x00\x00\x00\x00\x00\x1b\x11\x0e\
\x00\x00\x19\x1e\x01\x23\x0f\x0c\x8b\x28\x10\x09\xfe\x23\x0e\x05\
\xfb\x21\x0e\x05\xfb\x1f\x0c\x05\xfb\x1b\x0b\x05\xfb\x16\x09\x05\
\xfb\x16\x0a\x06\xfe\x16\x0c\x08\x92\x1b\x14\x0c\x02\x18\x0f\x0a\
\x00\x1f\x0c\x0c\x00\x00\x00\x00\x00\x00\x00\x00\x00\x00\x00\x00\
\x00\x00\x00\x00\x00\x00\x00\x00\x00\x00\x00\x00\x00\x00\x00\x00\
\x00\x00\x00\x00\x00\x00\x00\x00\x00\x00\x00\x00\x00\x00\x00\x00\
\x00\x00\x00\x00\x00\x00\x00\x00\x00\x00\x00\x00\x00\x00\x00\x00\
\x00\x00\x00\x00\x00\x00\x00\x00\x00\x1b\x09\x08\x00\x17\x0c\x0a\
\x00\x18\x0e\x0c\x4d\x17\x0c\x09\xf2\x18\x0b\x06\xfd\x1f\x0d\x07\
\xfc\x23\x0e\x06\xfc\x21\x0e\x06\xfc\x1b\x0b\x06\xfc\x15\x0a\x08\
\xff\x15\x0e\x0d\xb3\x23\x20\x21\x0d\x21\x1d\x1e\x00\x00\x00\x00\
\x00\x00\x00\x00\x00\x00\x00\x00\x00\x1a\x11\x0d\x00\x0a\x07\x06\
\x05\x1d\x0d\x09\xaa\x23\x0f\x08\xfe\x1c\x0b\x05\xfb\x17\x09\x04\
\xfc\x17\x0a\x04\xfc\x1a\x0c\x05\xfc\x19\x0d\x08\xff\x16\x0d\x0d\
\x97\x0f\x23\x3d\x00\x15\x0f\x0f\x00\x00\x00\x00\x00\x00\x00\x00\
\x00\x00\x00\x00\x00\x00\x00\x00\x00\x00\x00\x00\x00\x00\x00\x00\
\x00\x00\x00\x00\x00\x00\x00\x00\x00\x1d\x12\x10\x00\x24\x1a\x1a\
\x00\x18\x0b\x07\x00\x14\x0c\x0e\x0a\x14\x0b\x0b\x47\x13\x0b\x0a\
\x99\x16\x0b\x08\xd6\x1c\x0c\x05\xf5\x1f\x0e\x07\xff\x20\x0d\x06\
\xff\x20\x0c\x03\xff\x20\x0c\x02\xff\x1e\x0c\x02\xff\x1e\x0c\x02\
\xff\x20\x0d\x02\xff\x22\x0d\x02\xff\x24\x0e\x02\xff\x24\x0e\x02\
\xff\x1f\x0c\x01\xff\x19\x0a\x02\xff\x17\x0a\x03\xff\x18\x0b\x05\
\xff\x17\x0b\x05\xf8\x17\x0c\x07\xe1\x1a\x0e\x0a\xb4\x1b\x0e\x0a\
\x72\x1e\x11\x0d\x2f\x1d\x19\x15\x05\x1e\x0e\x0a\x00\x23\x15\x13\
\x00\x24\x16\x11\x00\x20\x0f\x18\x00\x00\x00\x00\x00\x00\x00\x00\
\x00\x00\x00\x00\x00\x00\x00\x00\x00\x00\x00\x00\x00\x00\x00\x00\
\x00\x00\x00\x00\x00\x00\x00\x00\x00\x00\x00\x00\x00\x00\x00\x00\
\x00\x00\x00\x00\x00\x00\x00\x00\x00\x00\x00\x00\x00\x00\x00\x00\
\x00\x00\x00\x00\x00\x00\x00\x00\x00\x00\x00\x00\x00\x00\x00\x00\
\x00\x00\x00\x00\x00\x19\x0b\x06\x00\x19\x0c\x07\x00\x17\x0b\x07\
\x0c\x1b\x0e\x08\xb2\x20\x0f\x07\xfe\x21\x0e\x06\xfb\x21\x0e\x06\
\xfc\x21\x0e\x06\xfc\x21\x0e\x06\xfc\x20\x0d\x05\xfb\x1c\x0c\x06\
\xfc\x18\x0c\x08\xa0\x1c\x12\x0f\x07\x1b\x10\x0d\x00\x11\x0c\x08\
\x00\x00\x00\x00\x00\x00\x00\x00\x00\x00\x00\x00\x00\x00\x00\x00\
\x00\x00\x00\x00\x00\x00\x00\x00\x00\x00\x00\x00\x00\x00\x00\x00\
\x00\x00\x00\x00\x00\x00\x00\x00\x00\x00\x00\x00\x00\x00\x00\x00\
\x00\x00\x00\x00\x00\x00\x00\x00\x00\x00\x00\x00\x00\x00\x00\x00\
\x00\x00\x00\x00\x00\x00\x00\x00\x00\x00\x00\x00\x00\x21\x12\x0e\
\x00\x1c\x0f\x0d\x0d\x20\x0f\x09\xbe\x27\x0f\x08\xfe\x25\x0e\x06\
\xfb\x20\x0d\x05\xfc\x1d\x0b\x05\xfc\x1d\x0b\x05\xfb\x1d\x0b\x06\
\xfb\x1d\x0b\x05\xfb\x1d\x0b\x05\xfb\x1c\x0a\x05\xfb\x1c\x0a\x05\
\xfb\x1d\x0b\x04\xfc\x1e\x0b\x04\xfc\x1f\x0c\x05\xfc\x21\x0c\x05\
\xfb\x20\x0c\x05\xfb\x1f\x0c\x05\xfa\x1f\x0c\x05\xfa\x1f\x0c\x05\
\xfb\x1e\x0b\x05\xfb\x19\x0a\x05\xfb\x17\x0a\x05\xfb\x16\x09\x05\
\xfb\x15\x09\x04\xf8\x15\x08\x05\xf1\x19\x0b\x08\xe4\x1d\x0f\x0a\
\xc4\x1e\x0f\x0b\x8d\x1c\x0f\x0b\x46\x19\x13\x0f\x0c\x12\x08\x06\
\x00\x1b\x16\x12\x00\x1a\x15\x11\x00\x00\x00\x00\x00\x00\x00\x00\
\x00\x00\x00\x00\x00\x00\x00\x00\x00\x00\x00\x00\x00\x00\x00\x00\
\x00\x00\x00\x00\x00\x00\x00\x00\x00\x00\x00\x00\x00\x17\x12\x0d\
\x00\x1e\x10\x0d\x00\x1c\x12\x0e\x77\x1c\x0f\x0a\xfe\x19\x0a\x05\
\xfc\x1b\x0a\x05\xfc\x1f\x0c\x06\xfb\x20\x0c\x07\xfb\x1c\x0c\x06\
\xfb\x18\x0b\x05\xfc\x18\x0c\x07\xf3\x1b\x0f\x0b\x64\x0c\x00\x00\
\x00\x28\x1b\x18\x00\x43\x36\x33\x00\x00\x00\x00\x00\x00\x00\x00\
\x00\x00\x00\x00\x00\x00\x00\x00\x00\x00\x00\x00\x00\x00\x00\x00\
\x00\x00\x00\x00\x00\x00\x00\x00\x00\x00\x00\x00\x00\x00\x00\x00\
\x00\x00\x00\x00\x00\x00\x00\x00\x00\x00\x00\x00\x00\x00\x00\x00\
\x00\x00\x00\x00\x00\x00\x00\x00\x00\x00\x00\x00\x00\x00\x00\x00\
\x00\x00\x00\x00\x00\x11\x08\x04\x00\x16\x0c\x09\x00\x16\x0e\x0b\
\x21\x20\x0f\x09\xc9\x26\x0f\x07\xfd\x24\x0f\x06\xfc\x20\x0d\x05\
\xfc\x1c\x0a\x05\xfc\x1d\x0c\x06\xfc\x1b\x0c\x06\xfb\x19\x0a\x06\
\xff\x13\x08\x06\xbd\x0a\x08\x08\x0b\x0f\x0c\x0a\x00\x00\x00\x00\
\x00\x00\x00\x00\x00\x00\x00\x00\x00\x00\x00\x00\x00\x00\x00\x00\
\x00\x00\x00\x00\x00\x00\x00\x00\x00\x00\x00\x00\x00\x00\x00\x00\
\x00\x00\x00\x00\x00\x00\x00\x00\x00\x00\x00\x00\x00\x1d\x14\x12\
\x00\x1b\x14\x13\x03\x23\x14\x11\x3f\x27\x12\x10\x58\x21\x11\x0d\
\x57\x20\x12\x0d\x58\x20\x12\x0f\x58\x1d\x12\x10\x58\x19\x0f\x0f\
\x58\x17\x0e\x0e\x58\x17\x12\x10\x20\x14\x0d\x0b\x00\x12\x09\x00\
\x00\x00\x00\x00\x00\x00\x00\x00\x00\x00\x00\x00\x00\x00\x00\x00\
\x00\x00\x00\x00\x00\x00\x00\x00\x00\x00\x00\x00\x00\x00\x00\x00\
\x00\x00\x00\x00\x00\x00\x00\x00\x00\x00\x00\x00\x00\x00\x00\x00\
\x00\x00\x00\x00\x00\x00\x00\x00\x00\x00\x00\x00\x00\x00\x00\x00\
\x00\x00\x00\x00\x00\x00\x00\x00\x00\x1d\x16\x16\x00\x1f\x18\x17\
\x00\x20\x1a\x19\x0b\x1d\x16\x15\x50\x1d\x16\x14\x5b\x24\x16\x14\
\x58\x27\x18\x12\x57\x22\x15\x12\x58\x1e\x13\x12\x59\x1c\x14\x13\
\x5a\x1f\x19\x19\x4f\x24\x1f\x21\x0d\x24\x1f\x20\x00\x00\x00\x00\
\x00\x00\x00\x00\x00\x00\x00\x00\x00\x1a\x14\x13\x00\x0e\x11\x0f\
\x02\x20\x15\x11\x39\x24\x13\x10\x56\x1d\x10\x0e\x58\x1a\x0f\x0d\
\x5a\x19\x11\x0f\x59\x1d\x13\x0f\x5a\x1c\x13\x11\x5f\x1a\x12\x14\
\x38\x4f\x6a\x94\x00\x1b\x15\x18\x00\x00\x00\x00\x00\x00\x00\x00\
\x00\x00\x00\x00\x00\x00\x00\x00\x00\x00\x00\x00\x00\x00\x00\x00\
\x00\x00\x00\x00\x00\x00\x00\x00\x00\x00\x00\x00\x00\x18\x10\x10\
\x00\x12\x07\x06\x00\x17\x0d\x0d\x00\x12\x08\x07\x00\x1f\x23\x25\
\x02\x1a\x12\x10\x1c\x1c\x0f\x0d\x46\x1d\x0f\x0d\x76\x1d\x0f\x0c\
\x9f\x1e\x0e\x0b\xbd\x1d\x0e\x09\xd4\x19\x0c\x08\xde\x18\x0d\x08\
\xe6\x1a\x0d\x09\xea\x1c\x0d\x09\xe8\x1f\x0e\x09\xe3\x20\x0e\x08\
\xdc\x20\x0f\x09\xd2\x19\x0d\x09\xbb\x15\x0b\x08\xa1\x16\x0d\x0b\
\x7a\x17\x0f\x0c\x4f\x19\x10\x0f\x26\x1e\x1a\x1a\x09\x19\x05\x00\
\x00\x1d\x10\x0c\x00\x1f\x16\x11\x00\x17\x0b\x00\x00\x24\x20\x1e\
\x00\x00\x00\x00\x00\x00\x00\x00\x00\x00\x00\x00\x00\x00\x00\x00\
\x00\x00\x00\x00\x00\x00\x00\x00\x00\x00\x00\x00\x00\x00\x00\x00\
\x00\x00\x00\x00\x00\x00\x00\x00\x00\x00\x00\x00\x00\x00\x00\x00\
\x00\x00\x00\x00\x00\x00\x00\x00\x00\x00\x00\x00\x00\x00\x00\x00\
\x00\x00\x00\x00\x00\x00\x00\x00\x00\x00\x00\x00\x00\x00\x00\x00\
\x00\x00\x00\x00\x00\x00\x00\x00\x00\x12\x01\x00\x00\x1b\x0f\x0c\
\x00\x1a\x12\x10\x28\x21\x15\x12\x59\x24\x14\x11\x58\x24\x13\x11\
\x58\x24\x14\x11\x5a\x23\x13\x11\x59\x22\x12\x0f\x56\x1c\x11\x0d\
\x51\x17\x11\x0d\x1f\x16\x0e\x0a\x00\x12\x05\x02\x00\x00\x00\x00\
\x00\x00\x00\x00\x00\x00\x00\x00\x00\x00\x00\x00\x00\x00\x00\x00\
\x00\x00\x00\x00\x00\x00\x00\x00\x00\x00\x00\x00\x00\x00\x00\x00\
\x00\x00\x00\x00\x00\x00\x00\x00\x00\x00\x00\x00\x00\x00\x00\x00\
\x00\x00\x00\x00\x00\x00\x00\x00\x00\x00\x00\x00\x00\x00\x00\x00\
\x00\x00\x00\x00\x00\x00\x00\x00\x00\x00\x00\x00\x00\x1f\x17\x16\
\x00\x1c\x15\x15\x04\x20\x15\x11\x40\x24\x13\x0f\x57\x22\x11\x0e\
\x57\x1f\x11\x0e\x59\x1e\x11\x0e\x5a\x1f\x10\x0e\x58\x1f\x10\x0e\
\x56\x1e\x11\x0e\x56\x1e\x10\x0e\x57\x1e\x10\x0e\x58\x1e\x10\x0f\
\x58\x1d\x11\x0d\x59\x20\x11\x0d\x59\x20\x11\x0e\x59\x21\x10\x0e\
\x57\x1f\x0f\x0d\x56\x1e\x0f\x0c\x55\x1e\x0f\x0c\x55\x1e\x0f\x0c\
\x56\x1d\x0f\x0c\x56\x1a\x0f\x0e\x57\x18\x10\x0f\x57\x18\x10\x0e\
\x56\x17\x0f\x0d\x4f\x12\x0a\x0a\x3c\x18\x0e\x0f\x28\x1f\x13\x15\
\x10\x00\x00\x00\x00\x1a\x0c\x07\x00\x19\x12\x0f\x00\x2b\x00\x00\
\x00\x17\x12\x10\x00\x00\x00\x00\x00\x00\x00\x00\x00\x00\x00\x00\
\x00\x00\x00\x00\x00\x00\x00\x00\x00\x00\x00\x00\x00\x00\x00\x00\
\x00\x00\x00\x00\x00\x00\x00\x00\x00\x00\x00\x00\x00\x18\x17\x11\
\x00\x24\x16\x17\x00\x1f\x17\x14\x28\x20\x16\x14\x5b\x1b\x12\x10\
\x5b\x1d\x11\x10\x59\x21\x12\x10\x56\x23\x13\x11\x55\x21\x13\x10\
\x57\x1d\x13\x10\x59\x19\x12\x0f\x4a\x18\x13\x11\x09\x19\x11\x0e\
\x00\x22\x14\x10\x00\x00\x00\x00\x00\x00\x00\x00\x00\x00\x00\x00\
\x00\x00\x00\x00\x00\x00\x00\x00\x00\x00\x00\x00\x00\x00\x00\x00\
\x00\x00\x00\x00\x00\x00\x00\x00\x00\x00\x00\x00\x00\x00\x00\x00\
\x00\x00\x00\x00\x00\x00\x00\x00\x00\x00\x00\x00\x00\x00\x00\x00\
\x00\x00\x00\x00\x00\x00\x00\x00\x00\x00\x00\x00\x00\x00\x00\x00\
\x00\x00\x00\x00\x00\x13\x10\x06\x00\x8a\x9e\x82\x00\x20\x0c\x09\
\x00\x24\x13\x10\x2b\x28\x15\x11\x57\x25\x14\x0f\x58\x22\x13\x0f\
\x5a\x21\x12\x10\x5a\x20\x13\x11\x58\x1b\x11\x0f\x57\x1a\x0f\x0e\
\x59\x16\x0d\x0d\x41\x0d\x0d\x0c\x04\x11\x0f\x0e\x00\x00\x00\x00\
\x00\x00\x00\x00\x00\x00\x00\x00\x00\x00\x00\x00\x00\x00\x00\x00\
\x00\x00\x00\x00\x00\x00\x00\x00\x00\x00\x00\x00\x00\x00\x00\x00\
\x00\x00\x00\x00\x00\x00\x00\x00\x00\x00\x00\x00\x00\x1a\x0f\x0d\
\x00\x18\x10\x0f\x00\x22\x11\x0f\x00\x25\x0f\x0b\x00\x1f\x0d\x09\
\x00\x1e\x0e\x09\x00\x1d\x0e\x0a\x00\x1a\x0d\x0b\x00\x15\x0a\x0a\
\x00\x07\x00\x00\x00\x0f\x07\x05\x00\x08\x00\x00\x00\x2e\x29\x29\
\x00\x00\x00\x00\x00\x00\x00\x00\x00\x00\x00\x00\x00\x00\x00\x00\
\x00\x00\x00\x00\x00\x00\x00\x00\x00\x00\x00\x00\x00\x00\x00\x00\
\x00\x00\x00\x00\x00\x00\x00\x00\x00\x00\x00\x00\x00\x00\x00\x00\
\x00\x00\x00\x00\x00\x00\x00\x00\x00\x00\x00\x00\x00\x00\x00\x00\
\x00\x00\x00\x00\x00\x00\x00\x00\x00\x00\x00\x00\x00\x1e\x16\x13\
\x00\x1e\x15\x13\x00\x0d\x03\x01\x00\x0f\x05\x03\x00\x20\x11\x0e\
\x00\x25\x14\x0e\x00\x20\x11\x0e\x00\x1b\x0f\x0e\x00\x16\x0e\x0d\
\x00\x13\x0d\x0d\x00\x22\x1f\x21\x00\x22\x1f\x21\x00\x00\x00\x00\
\x00\x00\x00\x00\x00\x00\x00\x00\x00\x18\x12\x10\x00\x0f\x0e\x0c\
\x00\x10\x01\x00\x00\x14\x01\x00\x00\x0c\x00\x00\x00\x0e\x01\x00\
\x00\x18\x0d\x0a\x00\x1b\x10\x0b\x00\x13\x08\x06\x00\x10\x07\x08\
\x00\x3c\x3e\x48\x00\x1b\x14\x17\x00\x00\x00\x00\x00\x00\x00\x00\
\x00\x00\x00\x00\x00\x00\x00\x00\x00\x00\x00\x00\x00\x00\x00\x00\
\x00\x00\x00\x00\x00\x00\x00\x00\x00\x00\x00\x00\x00\x00\x00\x00\
\x00\x00\x00\x00\x00\x1d\x13\x15\x00\x05\x0e\x08\x00\x15\x12\x12\
\x00\x1b\x12\x10\x00\x1a\x0c\x0a\x00\x15\x04\x00\x00\x22\x29\x2b\
\x02\x25\x1c\x1b\x0c\x1d\x15\x15\x18\x14\x0e\x0d\x21\x16\x11\x11\
\x2b\x19\x13\x13\x31\x1a\x12\x13\x2e\x1a\x0f\x10\x26\x1d\x0e\x0e\
\x1f\x25\x18\x17\x17\x24\x1c\x1c\x0b\x24\x23\x26\x02\x07\x00\x00\
\x00\x14\x0b\x08\x00\x1a\x11\x0e\x00\x20\x1a\x18\x00\x1d\x1a\x19\
\x00\x1b\x17\x13\x00\x28\x20\x20\x00\x00\x00\x00\x00\x00\x00\x00\
\x00\x00\x00\x00\x00\x00\x00\x00\x00\x00\x00\x00\x00\x00\x00\x00\
\x00\x00\x00\x00\x00\x00\x00\x00\x00\x00\x00\x00\x00\x00\x00\x00\
\x00\x00\x00\x00\x00\x00\x00\x00\x00\x00\x00\x00\x00\x00\x00\x00\
\x00\x00\x00\x00\x00\x00\x00\x00\x00\x00\x00\x00\x00\x00\x00\x00\
\x00\x00\x00\x00\x00\x00\x00\x00\x00\x00\x00\x00\x00\x00\x00\x00\
\x00\x00\x00\x00\x00\x00\x00\x00\x00\x1f\x17\x13\x00\x11\x03\x01\
\x00\x16\x0c\x0a\x00\x19\x0c\x09\x00\x22\x11\x0d\x00\x22\x10\x0d\
\x00\x23\x11\x0d\x00\x21\x0f\x0d\x00\x20\x0f\x0c\x00\x19\x0d\x0a\
\x00\x15\x0e\x0b\x00\x10\x07\x04\x00\x33\x2f\x2e\x00\x00\x00\x00\
\x00\x00\x00\x00\x00\x00\x00\x00\x00\x00\x00\x00\x00\x00\x00\x00\
\x00\x00\x00\x00\x00\x00\x00\x00\x00\x00\x00\x00\x00\x00\x00\x00\
\x00\x00\x00\x00\x00\x00\x00\x00\x00\x00\x00\x00\x00\x00\x00\x00\
\x00\x00\x00\x00\x00\x00\x00\x00\x00\x00\x00\x00\x00\x00\x00\x00\
\x00\x00\x00\x00\x00\x00\x00\x00\x00\x00\x00\x00\x00\x22\x17\x15\
\x00\x1f\x16\x15\x00\x1e\x11\x0d\x00\x23\x10\x0b\x00\x21\x0d\x0b\
\x00\x1d\x0e\x0b\x00\x1d\x0f\x0b\x00\x1d\x0d\x0c\x00\x1d\x0d\x0b\
\x00\x1c\x0e\x0b\x00\x1b\x0c\x0a\x00\x1c\x0d\x0a\x00\x1c\x0d\x0b\
\x00\x1c\x0d\x09\x00\x1d\x0c\x08\x00\x1d\x0d\x0a\x00\x1e\x0c\x0a\
\x00\x1d\x0b\x09\x00\x1c\x0b\x09\x00\x1c\x0b\x09\x00\x1c\x0a\x09\
\x00\x1b\x0b\x09\x00\x17\x0b\x0a\x00\x15\x0b\x0a\x00\x15\x0c\x0a\
\x00\x13\x0b\x09\x00\x11\x08\x08\x00\x1a\x0f\x0f\x00\x22\x16\x16\
\x00\x25\x15\x14\x00\x29\x03\x03\x00\x24\x19\x19\x00\x00\x00\x00\
\x00\x00\x00\x00\x00\x00\x00\x00\x00\x00\x00\x00\x00\x00\x00\x00\
\x00\x00\x00\x00\x00\x00\x00\x00\x00\x00\x00\x00\x00\x00\x00\x00\
\x00\x00\x00\x00\x00\x00\x00\x00\x00\x00\x00\x00\x00\x14\x12\x0c\
\x00\x23\x14\x14\x00\x1c\x13\x11\x00\x1c\x11\x0e\x00\x19\x0e\x0b\
\x00\x1a\x0d\x0c\x00\x1f\x0f\x0c\x00\x21\x0e\x0d\x00\x1e\x0f\x0c\
\x00\x1a\x0e\x0c\x00\x16\x0e\x0b\x00\x17\x11\x0e\x00\x16\x10\x0d\
\x00\x00\x00\x00\x00\x00\x00\x00\x00\x00\x00\x00\x00\x00\x00\x00\
\x00\x00\x00\x00\x00\x00\x00\x00\x00\x00\x00\x00\x00\x00\x00\x00\
\x00\x00\x00\x00\x00\x00\x00\x00\x00\x00\x00\x00\x00\x00\x00\x00\
\x00\x00\x00\x00\x00\x00\x00\x00\x00\x00\x00\x00\x00\x00\x00\x00\
\x00\x00\x00\x00\x00\x00\x00\x00\x00\x00\x00\x00\x00\x00\x00\x00\
\x00\x00\x00\x00\x00\x00\x00\x00\x00\x1c\x14\x10\x00\x00\x26\x25\
\x00\x21\x0f\x0b\x00\x26\x12\x0c\x00\x23\x11\x0a\x00\x20\x10\x0b\
\x00\x1e\x0e\x0c\x00\x1c\x0e\x0b\x00\x18\x0c\x0a\x00\x0f\x03\x02\
\x00\x07\x00\x00\x00\x14\x14\x13\x00\x10\x0e\x0c\x00\x00\x00\x00\
\x00\x00\x00\x00\x00\x00\x00\x00\x00\x00\x00\x00\x00\x00\x00\x00\
\x00\x00\x00\x00\x00\x00\x00\x00\x00\x00\x00\x00\x00\x00\x00\x00\
\x00\x00\x00\x00\x00\x00\x00\x00\x00\x00\x00\x00\x00\x00\x00\x00\
\x00\x00\x00\x00\x00\x00\x00\x00\x00\x00\x00\x00\x00\x00\x00\x00\
\x00\x00\x00\x00\x00\x00\x00\x00\x00\xff\xff\xff\x00\xff\xff\xff\
\x00\x82\x82\x82\x00\x58\x58\x58\x00\x56\x56\x56\x00\x00\x00\x00\
\x00\x00\x00\x00\x00\x00\x00\x00\x00\x00\x00\x00\x00\x00\x00\x00\
\x00\x00\x00\x00\x00\x00\x00\x00\x00\x00\x00\x00\x00\x00\x00\x00\
\x00\x00\x00\x00\x00\x00\x00\x00\x00\x00\x00\x00\x00\x00\x00\x00\
\x00\x00\x00\x00\x00\x00\x00\x00\x00\x00\x00\x00\x00\x00\x00\x00\
\x00\x00\x00\x00\x00\x00\x00\x00\x00\x00\x00\x00\x00\x80\x80\x80\
\x00\xb8\xb8\xb8\x00\x6c\x6c\x6c\x00\x85\x85\x85\x00\x00\x00\x00\
\x00\xff\xff\xff\x00\x00\x00\x00\x00\xff\xff\xff\x00\xff\xff\xff\
\x00\xff\xff\xff\x00\xff\xff\xff\x00\xff\xff\xff\x00\x00\x00\x00\
\x00\x00\x00\x00\x00\x00\x00\x00\x00\x00\x00\x00\x00\x00\x00\x00\
\x00\xb5\xb5\xb5\x00\x94\x94\x94\x00\x7a\x7a\x7a\x00\x7e\x7e\x7e\
\x00\x00\x00\x00\x00\x00\x00\x00\x00\x65\x65\x65\x00\x57\x57\x57\
\x00\x32\x32\x32\x00\x00\x00\x00\x00\x00\x00\x00\x00\x00\x00\x00\
\x00\x00\x00\x00\x00\x00\x00\x00\x00\x00\x00\x00\x00\x00\x00\x00\
\x00\x00\x00\x00\x00\x00\x00\x00\x00\x00\x00\x00\x00\x00\x00\x00\
\x00\x00\x00\x00\x00\x00\x00\x00\x00\x00\x00\x00\x00\x00\x00\x00\
\x00\x00\x00\x00\x00\x22\x16\x15\x00\x22\x14\x14\x00\x22\x19\x17\
\x00\x28\x1c\x1a\x00\x1e\x15\x14\x00\x15\x0e\x0d\x00\x17\x11\x10\
\x00\x19\x13\x12\x00\x1b\x12\x12\x00\x1b\x0f\x0f\x00\x1e\x0f\x0e\
\x00\x26\x18\x16\x00\x25\x1b\x19\x00\x1e\x17\x15\x00\x26\x24\x22\
\x00\x16\x15\x11\x00\x55\x55\x55\x00\x00\x00\x00\x00\x00\x00\x00\
\x00\x00\x00\x00\x00\x00\x00\x00\x00\x00\x00\x00\x00\x00\x00\x00\
\x00\x00\x00\x00\x00\x00\x00\x00\x00\x00\x00\x00\x00\x00\x00\x00\
\x00\x00\x00\x00\x00\x00\x00\x00\x00\x00\x00\x00\x00\x00\x00\x00\
\x00\x00\x00\x00\x00\x00\x00\x00\x00\x00\x00\x00\x00\x00\x00\x00\
\x00\x00\x00\x00\x00\x00\x00\x00\x00\x00\x00\x00\x00\x00\x00\x00\
\x00\x00\x00\x00\x00\x00\x00\x00\x00\x00\x00\x00\x00\x00\x00\x00\
\x00\x00\x00\x00\x00\x00\x00\x00\x00\x00\x00\x00\x00\xff\xff\xff\
\x00\xff\xff\xff\x00\xff\xff\xff\x00\xff\xff\xff\x00\x00\x00\x00\
\x00\x00\x00\x00\x00\x00\x00\x00\x00\x00\x00\x00\x00\x00\x00\x00\
\x00\x00\x00\x00\x00\x00\x00\x00\x00\x00\x00\x00\x00\x00\x00\x00\
\x00\x00\x00\x00\x00\x00\x00\x00\x00\x00\x00\x00\x00\x00\x00\x00\
\x00\x00\x00\x00\x00\x00\x00\x00\x00\x00\x00\x00\x00\x00\x00\x00\
\x00\x00\x00\x00\x00\x00\x00\x00\x00\x00\x00\x00\x00\x00\x00\x00\
\x00\x00\x00\x00\x00\x00\x00\x00\x00\x00\x00\x00\x00\x00\x00\x00\
\x00\x00\x00\x00\x00\x00\x00\x00\x00\x00\x00\x00\x00\x00\x00\x00\
\x00\x00\x00\x00\x00\x00\x00\x00\x00\x00\x00\x00\x00\x00\x00\x00\
\x00\x00\x00\x00\x00\x00\x00\x00\x00\x00\x00\x00\x00\x00\x00\x00\
\x00\x00\x00\x00\x00\x00\x00\x00\x00\x00\x00\x00\x00\x00\x00\x00\
\x00\x00\x00\x00\x00\x00\x00\x00\x00\x00\x00\x00\x00\x00\x00\x00\
\x00\x00\x00\x00\x00\x00\x00\x00\x00\x00\x00\x00\x00\x00\x00\x00\
\x00\x00\x00\x00\x00\x00\x00\x00\x00\x00\x00\x00\x00\x00\x00\x00\
\x00\x00\x00\x00\x00\x00\x00\x00\x00\x00\x00\x00\x00\x00\x00\x00\
\x00\x00\x00\x00\x00\x00\x00\x00\x00\x00\x00\x00\x00\x00\x00\x00\
\x00\x00\x00\x00\x00\x00\x00\x00\x00\x00\x00\x00\x00\x00\x00\x00\
\x00\x00\x00\x00\x00\x00\x00\x00\x00\x00\x00\x00\x00\x00\x00\x00\
\x00\x00\x00\x00\x00\x00\x00\x00\x00\x00\x00\x00\x00\x00\x00\x00\
\x00\xff\xff\xff\x00\xff\xff\xff\x00\xff\xff\xff\x00\xff\xff\xff\
\x00\x00\x00\x00\x00\x00\x00\x00\x00\x00\x00\x00\x00\x00\x00\x00\
\x00\x00\x00\x00\x00\x00\x00\x00\x00\x00\x00\x00\x00\x00\x00\x00\
\x00\x00\x00\x00\x00\x00\x00\x00\x00\x00\x00\x00\x00\x00\x00\x00\
\x00\x00\x00\x00\x00\x00\x00\x00\x00\x00\x00\x00\x00\x00\x00\x00\
\x00\x00\x00\x00\x00\x00\x00\x00\x00\x00\x00\x00\x00\x00\x00\x00\
\x00\x00\x00\x00\x00\x00\x00\x00\x00\x00\x00\x00\x00\x00\x00\x00\
\x00\x00\x00\x00\x00\x00\x00\x00\x00\x00\x00\x00\x00\x00\x00\x00\
\x00\x00\x00\x00\x00\x00\x00\x00\x00\x00\x00\x00\x00\x00\x00\x00\
\x00\x00\x00\x00\x00\x00\x00\x00\x00\x00\x00\x00\x00\x00\x00\x00\
\x00\xff\xff\xff\x00\xff\xff\xff\x00\xff\xff\xff\x00\xff\xff\xff\
\x00\xff\xff\xff\x00\xff\xff\xff\x00\x00\x00\x00\x00\x00\x00\x00\
\x00\x00\x00\x00\x00\x00\x00\x00\x00\x00\x00\x00\x00\x00\x00\x00\
\x00\x00\x00\x00\x00\x00\x00\x00\x00\x00\x00\x00\x00\x00\x00\x00\
\x00\x00\x00\x00\x00\x00\x00\x00\x00\x00\x00\x00\x00\x00\x00\x00\
\x00\x00\x00\x00\x00\x00\x00\x00\x00\x00\x00\x00\x00\x00\x00\x00\
\x00\x00\x00\x00\x00\x00\x00\x00\x00\x00\x00\x00\x00\x00\x00\x00\
\x00\x00\x00\x00\x00\x00\x00\x00\x00\x00\x00\x00\x00\x00\x00\x00\
\x00\x00\x00\x00\x00\x00\x00\x00\x00\x00\x00\x00\x00\x00\x00\x00\
\x00\x00\x00\x00\x00\x00\x00\x00\x00\x00\x00\x00\x00\x00\x00\x00\
\x00\x00\x00\x00\x00\x00\x00\x00\x00\x00\x00\x00\x00\x00\x00\x00\
\x00\x00\x00\x00\x00\x00\x00\x00\x00\x00\x00\x00\x00\x00\x00\x00\
\x00\x00\x00\x00\x00\x00\x00\x00\x00\x00\x00\x00\x00\x00\x00\x00\
\x00\x00\x00\x00\x00\x00\x00\x00\x00\x00\x00\x00\x00\x00\x00\x00\
\x00\x00\x00\x00\x00\x00\x00\x00\x00\x00\x00\x00\x00\x00\x00\x00\
\x00\x00\x00\x00\x00\x00\x00\x00\x00\x00\x00\x00\x00\x00\x00\x00\
\x00\x00\x00\x00\x00\x00\x00\x00\x00\x00\x00\x00\x00\x00\x00\x00\
\x00\x00\x00\x00\x00\x00\x00\x00\x00\x00\x00\x00\x00\x00\x00\x00\
\x00\x00\x00\x00\x00\x00\x00\x00\x00\x00\x00\x00\x00\x00\x00\x00\
\x00\x00\x00\x00\x00\x00\x00\x00\x00\x00\x00\x00\x00\x00\x00\x00\
\x00\x00\x00\x00\x00\x00\x00\x00\x00\x00\x00\x00\x00\x00\x00\x00\
\x00\x00\x00\x00\x00\x00\x00\x00\x00\x00\x00\x00\x00\x00\x00\x00\
\x00\x00\x00\x00\x00\x00\x00\x00\x00\x00\x00\x00\x00\x00\x00\x00\
\x00\x00\x00\x00\x00\x00\x00\x00\x00\x00\x00\x00\x00\x00\x00\x00\
\x00\x00\x00\x00\x00\x00\x00\x00\x00\x00\x00\x00\x00\x00\x00\x00\
\x00\x00\x00\x00\x00\x00\x00\x00\x00\x00\x00\x00\x00\x00\x00\x00\
\x00\x00\x00\x00\x00\x00\x00\x00\x00\x00\x00\x00\x00\x00\x00\x00\
\x00\x00\x00\x00\x00\x00\x00\x00\x00\x00\x00\x00\x00\x00\x00\x00\
\x00\x00\x00\x00\x00\x00\x00\x00\x00\x00\x00\x00\x00\x00\x00\x00\
\x00\x00\x00\x00\x00\x00\x00\x00\x00\x00\x00\x00\x00\x00\x00\x00\
\x00\x00\x00\x00\x00\x00\x00\x00\x00\x00\x00\x00\x00\x00\x00\x00\
\x00\x00\x00\x00\x00\x00\x00\x00\x00\x00\x00\x00\x00\x00\x00\x00\
\x00\x00\x00\x00\x00\x00\x00\x00\x00\x00\x00\x00\x00\x00\x00\x00\
\x00\x00\x00\x00\x00\x00\x00\x00\x00\x00\x00\x00\x00\x00\x00\x00\
\x00\x00\x00\x00\x00\x00\x00\x00\x00\x00\x00\x00\x00\x00\x00\x00\
\x00\x00\x00\x00\x00\x00\x00\x00\x00\x00\x00\x00\x00\x00\x00\x00\
\x00\x00\x00\x00\x00\x00\x00\x00\x00\x00\x00\x00\x00\x00\x00\x00\
\x00\x00\x00\x00\x00\x00\x00\x00\x00\x00\x00\x00\x00\x00\x00\x00\
\x00\x00\x00\x00\x00\x00\x00\x00\x00\x00\x00\x00\x00\x00\x00\x00\
\x00\x00\x00\x00\x00\x00\x00\x00\x00\x00\x00\x00\x00\x00\x00\x00\
\x00\x00\x00\x00\x00\x00\x00\x00\x00\x00\x00\x00\x00\x00\x00\x00\
\x00\x00\x00\x00\x00\x00\x00\x00\x00\x00\x00\x00\x00\x00\x00\x00\
\x00\x00\x00\x00\x00\x00\x00\x00\x00\x00\x00\x00\x00\x00\x00\x00\
\x00\x00\x00\x00\x00\x00\x00\x00\x00\x00\x00\x00\x00\x00\x00\x00\
\x00\x00\x00\x00\x00\x00\x00\x00\x00\x00\x00\x00\x00\x00\x00\x00\
\x00\x00\x00\x00\x00\x00\x00\x00\x00\x00\x00\x00\x00\x00\x00\x00\
\x00\x00\x00\x00\x00\x00\x00\x00\x00\x00\x00\x00\x00\x00\x00\x00\
\x00\x00\x00\x00\x00\x00\x00\x00\x00\x00\x00\x00\x00\x00\x00\x00\
\x00\x00\x00\x00\x00\x00\x00\x00\x00\x00\x00\x00\x00\x00\x00\x00\
\x00\x00\x00\x00\x00\x00\x00\x00\x00\x00\x00\x00\x00\x00\x00\x00\
\x00\x00\x00\x00\x00\x00\x00\x00\x00\x00\x00\x00\x00\x00\x00\x00\
\x00\x00\x00\x00\x00\x00\x00\x00\x00\x00\x00\x00\x00\x00\x00\x00\
\x00\x00\x00\x00\x00\x00\x00\x00\x00\x00\x00\x00\x00\x00\x00\x00\
\x00\x00\x00\x00\x00\x00\x00\x00\x00\x00\x00\x00\x00\x00\x00\x00\
\x00\x00\x00\x00\x00\x00\x00\x00\x00\x00\x00\x00\x00\x00\x00\x00\
\x00\x00\x00\x00\x00\x00\x00\x00\x00\x00\x00\x00\x00\x00\x00\x00\
\x00\x00\x00\x00\x00\x00\x00\x00\x00\x00\x00\x00\x00\x00\x00\x00\
\x00\x00\x00\x00\x00\x00\x00\x00\x00\x00\x00\x00\x00\x00\x00\x00\
\x00\x00\x00\x00\x00\x00\x00\x00\x00\x00\x00\x00\x00\x00\x00\x00\
\x00\x00\x00\x00\x00\x00\x00\x00\x00\x00\x00\x00\x00\x00\x00\x00\
\x00\x00\x00\x00\x00\x00\x00\x00\x00\x00\x00\x00\x00\x00\x00\x00\
\x00\x00\x00\x00\x00\x00\x00\x00\x00\x00\x00\x00\x00\x00\x00\x00\
\x00\x00\x00\x00\x00\x00\x00\x00\x00\x00\x00\x00\x00\x00\x00\x00\
\x00\x00\x00\x00\x00\x00\x00\x00\x00\x00\x00\x00\x00\x00\x00\x00\
\x00\x00\x00\x00\x00\x00\x00\x00\x00\x00\x00\x00\x00\x00\x00\x00\
\x00\x00\x00\x00\x00\x00\x00\x00\x00\x00\x00\x00\x00\x00\x00\x00\
\x00\x00\x00\x00\x00\x00\x00\x00\x00\x00\x00\x00\x00\x00\x00\x00\
\x00\x00\x00\x00\x00\x00\x00\x00\x00\x00\x00\x00\x00\x00\x00\x00\
\x00\x00\x00\x00\x00\x00\x00\x00\x00\x00\x00\x00\x00\x00\x00\x00\
\x00\x00\x00\x00\x00\x00\x00\x00\x00\x00\x00\x00\x00\x00\x00\x00\
\x00\x00\x00\x00\x00\x00\x00\x00\x00\x00\x00\x00\x00\x00\x00\x00\
\x00\x00\x00\x00\x00\x00\x00\x00\x00\x00\x00\x00\x00\x00\x00\x00\
\x00\x00\x00\x00\x00\x00\x00\x00\x00\x00\x00\x00\x00\x00\x00\x00\
\x00\x00\x00\x00\x00\x00\x00\x00\x00\x00\x00\x00\x00\x00\x00\x00\
\x00\x00\x00\x00\x00\x00\x00\x00\x00\x00\x00\x00\x00\x00\x00\x00\
\x00\x00\x00\x00\x00\x00\x00\x00\x00\x00\x00\x00\x00\x00\x00\x00\
\x00\x00\x00\x00\x00\x00\x00\x00\x00\x00\x00\x00\x00\x00\x00\x00\
\x00\x00\x00\x00\x00\x00\x00\x00\x00\x00\x00\x00\x00\x00\x00\x00\
\x00\x00\x00\x00\x00\x00\x00\x00\x00\x00\x00\x00\x00\x00\x00\x00\
\x00\x00\x00\x00\x00\x00\x00\x00\x00\x00\x00\x00\x00\x00\x00\x00\
\x00\x00\x00\x00\x00\x00\x00\x00\x00\x00\x00\x00\x00\x00\x00\x00\
\x00\x00\x00\x00\x00\x00\x00\x00\x00\x00\x00\x00\x00\x00\x00\x00\
\x00\x00\x00\x00\x00\x00\x00\x00\x00\x00\x00\x00\x00\x00\x00\x00\
\x00\x00\x00\x00\x00\x00\x00\x00\x00\x00\x00\x00\x00\x00\x00\x00\
\x00\x00\x00\x00\x00\x00\x00\x00\x00\x00\x00\x00\x00\x00\x00\x00\
\x00\x00\x00\x00\x00\x00\x00\x00\x00\x00\x00\x00\x00\x00\x00\x00\
\x00\x00\x00\x00\x00\x00\x00\x00\x00\x00\x00\x00\x00\x00\x00\x00\
\x00\x00\x00\x00\x00\x00\x00\x00\x00\x00\x00\x00\x00\x00\x00\x00\
\x00\x00\x00\x00\x00\x00\x00\x00\x00\x00\x00\x00\x00\x00\x00\x00\
\x00\x00\x00\x00\x00\x00\x00\x00\x00\x00\x00\x00\x00\x00\x00\x00\
\x00\x00\x00\x00\x00\x00\x00\x00\x00\x00\x00\x00\x00\x00\x00\x00\
\x00\x00\x00\x00\x00\x00\x00\x00\x00\x00\x00\x00\x00\x00\x00\x00\
\x00\x00\x00\x00\x00\x00\x00\x00\x00\x00\x00\x00\x00\x00\x00\x00\
\x00\x00\x00\x00\x00\x00\x00\x00\x00\x00\x00\x00\x00\x00\x00\x00\
\x00\x00\x00\x00\x00\x00\x00\x00\x00\x00\x00\x00\x00\x00\x00\x00\
\x00\x00\x00\x00\x00\x00\x00\x00\x00\x00\x00\x00\x00\x00\x00\x00\
\x00\x00\x00\x00\x00\x00\x00\x00\x00\x00\x00\x00\x00\x00\x00\x00\
\x00\x00\x00\x00\x00\x00\x00\x00\x00\x00\x00\x00\x00\x00\x00\x00\
\x00\x00\x00\x00\x00\x00\x00\x00\x00\x00\x00\x00\x00\x00\x00\x00\
\x00\x00\x00\x00\x00\x00\x00\x00\x00\x00\x00\x00\x00\x00\x00\x00\
\x00\x00\x00\x00\x00\x00\x00\x00\x00\x00\x00\x00\x00\x00\x00\x00\
\x00\x00\x00\x00\x00\x00\x00\x00\x00\x00\x00\x00\x00\x00\x00\x00\
\x00\x00\x00\x00\x00\x00\x00\x00\x00\x00\x00\x00\x00\x00\x00\x00\
\x00\x00\x00\x00\x00\x00\x00\x00\x00\x00\x00\x00\x00\x00\x00\x00\
\x00\x00\x00\x00\x00\x00\x00\x00\x00\x00\x00\x00\x00\x00\x00\x00\
\x00\x00\x00\x00\x00\x00\x00\x00\x00\x00\x00\x00\x00\x00\x00\x00\
\x00\x00\x00\x00\x00\x00\x00\x00\x00\x00\x00\x00\x00\x00\x00\x00\
\x00\x00\x00\x00\x00\x00\x00\x00\x00\x00\x00\x00\x00\x00\x00\x00\
\x00\x00\x00\x00\x00\x00\x00\x00\x00\x00\x00\x00\x00\x00\x00\x00\
\x00\x00\x00\x00\x00\x00\x00\x00\x00\x00\x00\x00\x00\x00\x00\x00\
\x00\x00\x00\x00\x00\x00\x00\x00\x00\x00\x00\x00\x00\x00\x00\x00\
\x00\x00\x00\x00\x00\x00\x00\x00\x00\x00\x00\x00\x00\x00\x00\x00\
\x00\x00\x00\x00\x00\x00\x00\x00\x00\x00\x00\x00\x00\x00\x00\x00\
\x00\x00\x00\x00\x00\x00\x00\x00\x00\x00\x00\x00\x00\x00\x00\x00\
\x00\x00\x00\x00\x00\x00\x00\x00\x00\x00\x00\x00\x00\x00\x00\x00\
\x00\x00\x00\x00\x00\x00\x00\x00\x00\x00\x00\x00\x00\x00\x00\x00\
\x00\x00\x00\x00\x00\x00\x00\x00\x00\x00\x00\x00\x00\x00\x00\x00\
\x00\x00\x00\x00\x00\x00\x00\x00\x00\x00\x00\x00\x00\x00\x00\x00\
\x00\x00\x00\x00\x00\x00\x00\x00\x00\x00\x00\x00\x00\x00\x00\x00\
\x00\x00\x00\x00\x00\x00\x00\x00\x00\x00\x00\x00\x00\x00\x00\x00\
\x00\x00\x00\x00\x00\x00\x00\x00\x00\x00\x00\x00\x00\x00\x00\x00\
\x00\x00\x00\x00\x00\x00\x00\x00\x00\x00\x00\x00\x00\x00\x00\x00\
\x00\x00\x00\x00\x00\x00\x00\x00\x00\x00\x00\x00\x00\x00\x00\x00\
\x00\x00\x00\x00\x00\x00\x00\x00\x00\x00\x00\x00\x00\x00\x00\x00\
\x00\x00\x00\x00\x00\x00\x00\x00\x00\x00\x00\x00\x00\x00\x00\x00\
\x00\x00\x00\x00\x00\x00\x00\x00\x00\x00\x00\x00\x00\x00\x00\x00\
\x00\x00\x00\x00\x00\x00\x00\x00\x00\x00\x00\x00\x00\x00\x00\x00\
\x00\x00\x00\x00\x00\x00\x00\x00\x00\x00\x00\x00\x00\x00\x00\x00\
\x00\x00\x00\x00\x00\x00\x00\x00\x00\x00\x00\x00\x00\x00\x00\x00\
\x00\x00\x00\x00\x00\x00\x00\x00\x00\x00\x00\x00\x00\x00\x00\x00\
\x00\x00\x00\x00\x00\x00\x00\x00\x00\x00\x00\x00\x00\x00\x00\x00\
\x00\x00\x00\x00\x00\x00\x00\x00\x00\x00\x00\x00\x00\x00\x00\x00\
\x00\x00\x00\x00\x00\x00\x00\x00\x00\x00\x00\x00\x00\x00\x00\x00\
\x00\x00\x00\x00\x00\x00\x00\x00\x00\x00\x00\x00\x00\x00\x00\x00\
\x00\x00\x00\x00\x00\x00\x00\x00\x00\x00\x00\x00\x00\x00\x00\x00\
\x00\x00\x00\x00\x00\x00\x00\x00\x00\x00\x00\x00\x00\x00\x00\x00\
\x00\x00\x00\x00\x00\x00\x00\x00\x00\x00\x00\x00\x00\x00\x00\x00\
\x00\x00\x00\x00\x00\x00\x00\x00\x00\x00\x00\x00\x00\x00\x00\x00\
\x00\x00\x00\x00\x00\x00\x00\x00\x00\x00\x00\x00\x00\x00\x00\x00\
\x00\x00\x00\x00\x00\x00\x00\x00\x00\x00\x00\x00\x00\x00\x00\x00\
\x00\x00\x00\x00\x00\x00\x00\x00\x00\x00\x00\x00\x00\x00\x00\x00\
\x00\x00\x00\x00\x00\x00\x00\x00\x00\x00\x00\x00\x00\x00\x00\x00\
\x00\x00\x00\x00\x00\x00\x00\x00\x00\x00\x00\x00\x00\x00\x00\x00\
\x00\x00\x00\x00\x00\x00\x00\x00\x00\x00\x00\x00\x00\x00\x00\x00\
\x00\x00\x00\x00\x00\x00\x00\x00\x00\x00\x00\x00\x00\x00\x00\x00\
\x00\x00\x00\x00\x00\x00\x00\x00\x00\x00\x00\x00\x00\x00\x00\x00\
\x00\x00\x00\x00\x00\x00\x00\x00\x00\x00\x00\x00\x00\x00\x00\x00\
\x00\x00\x00\x00\x00\x00\x00\x00\x00\x00\x00\x00\x00\x00\x00\x00\
\x00\x00\x00\x00\x00\x00\x00\x00\x00\x00\x00\x00\x00\x00\x00\x00\
\x00\x00\x00\x00\x00\x00\x00\x00\x00\x00\x00\x00\x00\x00\x00\x00\
\x00\x00\x00\x00\x00\x00\x00\x00\x00\x00\x00\x00\x00\x00\x00\x00\
\x00\x00\x00\x00\x00\x00\x00\x00\x00\x00\x00\x00\x00\x00\x00\x00\
\x00\x00\x00\x00\x00\x00\x00\x00\x00\x00\x00\x00\x00\x00\x00\x00\
\x00\x00\x00\x00\x00\x00\x00\x00\x00\x00\x00\x00\x00\x00\x00\x00\
\x00\x00\x00\x00\x00\x00\x00\x00\x00\x00\x00\x00\x00\x00\x00\x00\
\x00\x00\x00\x00\x00\x00\x00\x00\x00\x00\x00\x00\x00\x00\x00\x00\
\x00\x00\x00\x00\x00\x00\x00\x00\x00\x00\x00\x00\x00\x00\x00\x00\
\x00\x00\x00\x00\x00\x00\x00\x00\x00\x00\x00\x00\x00\x00\x00\x00\
\x00\x00\x00\x00\x00\x00\x00\x00\x00\x00\x00\x00\x00\x00\x00\x00\
\x00\x00\x00\x00\x00\x00\x00\x00\x00\x00\x00\x00\x00\x00\x00\x00\
\x00\x00\x00\x00\x00\x00\x00\x00\x00\x00\x00\x00\x00\x00\x00\x00\
\x00\x00\x00\x00\x00\x00\x00\x00\x00\x00\x00\x00\x00\x00\x00\x00\
\x00\x00\x00\x00\x00\x00\x00\x00\x00\x00\x00\x00\x00\x00\x00\x00\
\x00\x00\x00\x00\x00\x00\x00\x00\x00\x00\x00\x00\x00\x00\x00\x00\
\x00\x00\x00\x00\x00\x00\x00\x00\x00\x00\x00\x00\x00\x00\x00\x00\
\x00\x00\x00\x00\x00\x00\x00\x00\x00\x00\x00\x00\x00\x00\x00\x00\
\x00\x00\x00\x00\x00\x00\x00\x00\x00\x00\x00\x00\x00\x00\x00\x00\
\x00\x00\x00\x00\x00\x00\x00\x00\x00\x00\x00\x00\x00\x00\x00\x00\
\x00\x00\x00\x00\x00\x00\x00\x00\x00\x00\x00\x00\x00\x00\x00\x00\
\x00\x00\x00\x00\x00\x00\x00\x00\x00\x00\x00\x00\x00\x00\x00\x00\
\x00\x00\x00\x00\x00\x00\x00\x00\x00\x00\x00\x00\x00\x00\x00\x00\
\x00\x00\x00\x00\x00\x00\x00\x00\x00\x00\x00\x00\x00\x00\x00\x00\
\x00\x00\x00\x00\x00\x00\x00\x00\x00\x00\x00\x00\x00\x00\x00\x00\
\x00\x00\x00\x00\x00\x00\x00\x00\x00\x00\x00\x00\x00\x00\x00\x00\
\x00\x00\x00\x00\x00\x00\x00\x00\x00\x00\x00\x00\x00\x00\x00\x00\
\x00\x00\x00\x00\x00\x00\x00\x00\x00\x00\x00\x00\x00\x00\x00\x00\
\x00\x00\x00\x00\x00\x00\x00\x00\x00\x00\x00\x00\x00\x00\x00\x00\
\x00\x00\x00\x00\x00\x00\x00\x00\x00\x00\x00\x00\x00\x00\x00\x00\
\x00\x00\x00\x00\x00\x00\x00\x00\x00\x00\x00\x00\x00\x00\x00\x00\
\x00\x00\x00\x00\x00\x00\x00\x00\x00\x00\x00\x00\x00\x00\x00\x00\
\x00\x00\x00\x00\x00\x00\x00\x00\x00\x00\x00\x00\x00\x00\x00\x00\
\x00\x00\x00\x00\x00\x00\x00\x00\x00\x00\x00\x00\x00\x00\x00\x00\
\x00\x00\x00\x00\x00\x00\x00\x00\x00\x00\x00\x00\x00\x00\x00\x00\
\x00\x00\x00\x00\x00\x00\x00\x00\x00\x00\x00\x00\x00\x00\x00\x00\
\x00\x00\x00\x00\x00\x00\x00\x00\x00\x00\x00\x00\x00\x00\x00\x00\
\x00\x00\x00\x00\x00\x00\x00\x00\x00\x00\x00\x00\x00\x00\x00\x00\
\x00\x00\x00\x00\x00\x00\x00\x00\x00\x00\x00\x00\x00\x00\x00\x00\
\x00\x00\x00\x00\x00\x00\x00\x00\x00\x00\x00\x00\x00\x00\x00\x00\
\x00\x00\x00\x00\x00\x00\x00\x00\x00\x00\x00\x00\x00\x00\x00\x00\
\x00\x00\x00\x00\x00\x00\x00\x00\x00\x00\x00\x00\x00\x00\x00\x00\
\x00\x00\x00\x00\x00\x00\x00\x00\x00\x00\x00\x00\x00\x00\x00\x00\
\x00\x00\x00\x00\x00\x00\x00\x00\x00\x00\x00\x00\x00\x00\x00\x00\
\x00\x00\x00\x00\x00\x00\x00\x00\x00\x00\x00\x00\x00\x00\x00\x00\
\x00\x00\x00\x00\x00\x00\x00\x00\x00\x00\x00\x00\x00\x00\x00\x00\
\x00\x00\x00\x00\x00\x00\x00\x00\x00\x00\x00\x00\x00\x00\x00\x00\
\x00\x00\x00\x00\x00\x00\x00\x00\x00\x00\x00\x00\x00\xff\xff\xff\
\xff\xff\xff\xff\xff\xff\xff\xff\xff\xff\xff\xff\xff\xff\xff\xff\
\xff\xff\xff\xff\xff\xff\xff\xff\xff\xff\xff\xff\xff\xff\xff\xff\
\xff\xff\xff\xff\xff\xff\xff\xff\xff\xff\xff\xff\xff\xff\xff\xff\
\xff\xff\xff\xff\xff\xff\xff\xff\xff\xff\xff\xff\xff\xff\xff\xff\
\xff\xff\xff\xff\xff\xff\xff\xff\xff\xff\xff\xff\xff\xff\xff\xff\
\xff\xff\xff\xff\xff\xff\xff\xff\xff\xff\xff\xff\xff\xff\xff\xff\
\xff\xff\xff\xff\xff\xff\xff\xff\xff\xff\xff\xff\xff\xff\xff\xff\
\xff\xff\xff\xff\xff\xff\xff\xff\xff\xff\xff\xff\xff\xff\xff\xff\
\xff\xff\xff\xff\xff\xff\xff\xff\xff\xff\xff\xff\xff\xff\xff\xff\
\xff\xff\xff\xff\xff\xff\xff\xff\xff\xff\xff\xff\xff\xff\xff\xff\
\xff\xff\xff\xff\xff\xff\xff\xff\xff\xff\xff\xff\xff\xff\xff\xff\
\xff\xff\xff\xff\xff\xff\xff\xff\xff\xff\xff\xff\xff\xff\xff\xff\
\xff\xff\xff\xff\xff\xff\xff\xc0\x07\xff\xff\xff\xff\xff\xff\xff\
\xff\xff\xff\xff\xff\xff\xff\xff\xff\xff\xff\xff\xff\xff\xff\xf0\
\x00\xff\xff\xe0\x01\xff\xf0\x00\x00\x7f\xc0\x03\x00\x00\x18\x00\
\x70\x00\xff\xfe\x00\x1f\x00\x0f\xff\xff\xf0\x00\xff\xff\xff\xe0\
\x00\x7f\xff\xe0\x01\xff\x80\x00\x00\x07\xc0\x00\x00\x00\x00\x00\
\x70\x00\xff\xf8\x00\x1f\x00\x0f\xff\xff\xf0\x00\xff\xff\xff\xc0\
\x00\x3f\xff\xe0\x01\xfe\x00\x00\x00\x03\xc0\x00\x00\x00\x00\x00\
\x70\x00\xff\xf8\x00\x1f\x00\x0f\xff\xff\xf0\x00\xff\xff\xff\xc0\
\x00\x3f\xff\xe0\x01\xf8\x00\x00\x00\x01\xc0\x00\x00\x00\x00\x00\
\x70\x00\xff\xf8\x00\x1f\x00\x0f\xf8\x1f\xf0\x00\xff\xff\xff\xc0\
\x00\x3f\xff\xe0\x01\xf0\x00\x00\x00\x00\xc0\x00\x00\x00\x00\x00\
\x70\x00\xff\xf0\x00\x1f\x00\x0f\xf8\x0f\xf0\x00\xff\xff\xff\x80\
\x00\x1f\xff\xe0\x01\xe0\x00\x00\x00\x00\x40\x00\x00\x00\x00\x00\
\xf0\x00\xff\xe0\x00\x3f\x00\x0f\xf0\x0f\xf0\x00\xff\xff\xff\x80\
\x00\x1f\xff\xe0\x01\xe0\x00\x00\x00\x00\x20\x00\x00\x00\x00\x00\
\xf0\x00\xff\xe0\x00\x3f\x00\x0f\xe0\x07\xf0\x00\xff\xff\xff\x00\
\x00\x0f\xff\xe0\x01\xe0\x00\x00\x00\x00\x30\x00\x00\x00\x00\x01\
\xf0\x00\xff\xc0\x00\x7f\x00\x0f\xe0\x03\xf0\x00\xff\xff\xff\x00\
\x00\x0f\xff\xe0\x01\xe0\x00\x00\x00\x00\x30\x00\x00\x00\x00\x01\
\xf0\x00\xff\x80\x00\x7f\x00\x0f\xc0\x01\xf0\x00\xff\xff\xfe\x00\
\x00\x07\xff\xe0\x01\xf0\x00\x00\x00\x00\x38\x00\x00\x00\x00\x03\
\xf0\x00\xff\x00\x00\xff\x00\x0f\x80\x00\xf0\x00\xff\xff\xfe\x00\
\x00\x07\xff\xe0\x01\xf0\x00\x07\xc0\x00\x38\x00\x00\x00\x00\x03\
\xf0\x00\x7e\x00\x01\xff\x00\x0f\x00\x00\xf0\x00\xff\xff\xfc\x00\
\x00\x03\xff\xe0\x01\xf8\x00\xff\xf8\x00\x3c\x00\x00\x00\x00\x07\
\xf0\x00\x00\x00\x03\xff\x00\x0f\x00\x00\x70\x00\xff\xff\xfc\x00\
\x00\x03\xff\xe0\x01\xfc\x03\xff\xe0\x00\x3c\x00\x00\x00\x00\x07\
\xf0\x00\x00\x00\x07\xff\x00\x0e\x00\x00\x30\x00\xff\xff\xfc\x00\
\x00\x01\xff\xe0\x01\xfe\x0f\xfc\x00\x00\x3e\x00\x00\x00\x00\x0f\
\xf0\x00\x00\x00\x01\xff\x00\x0c\x00\x00\x10\x00\xff\xff\xf8\x00\
\x00\x01\xff\xe0\x01\xff\xf8\x00\x00\x00\x3e\x00\x00\x00\x00\x1f\
\xf0\x00\x00\x00\x00\xff\x00\x08\x00\x00\x10\x00\xff\xff\xf0\x00\
\x00\x00\xff\xe0\x01\xff\x80\x00\x00\x00\x3f\x00\x00\x00\x00\x1f\
\xf0\x00\x00\x00\x00\x7f\x00\x00\x00\x00\x00\x00\xff\xff\xf0\x00\
\x00\x00\xff\xe0\x01\xfe\x00\x00\x00\x00\x3f\x80\x00\x00\x00\x3f\
\xf0\x00\x00\x00\x00\x3f\x00\x00\x00\x00\x00\x00\xff\xff\xf0\x00\
\x20\x00\x7f\xe0\x01\xfc\x00\x00\x00\x00\x7f\x80\x00\x00\x00\x3f\
\xf0\x00\x00\x00\x00\x3f\x00\x00\x00\x00\x00\x00\xff\xff\xe0\x00\
\x60\x00\x7f\xe0\x01\xf8\x00\x00\x00\x00\x7f\x80\x00\x00\x00\x7f\
\xf0\x00\x00\x00\x00\x3f\x00\x00\x00\x00\x00\x00\xff\xff\xe0\x00\
\xf0\x00\x3f\xe0\x01\xf8\x00\x00\x00\x00\xff\xc0\x00\x00\x00\x7f\
\xf0\x00\x00\x00\x00\x1f\x00\x00\x00\x00\x00\x00\xff\xff\xc0\x00\
\xf0\x00\x3f\xe0\x01\xf0\x00\x00\x00\x01\xff\xe0\x00\x00\x00\xff\
\xf0\x00\x00\x00\x00\x1f\x00\x00\x00\x00\x00\x00\xff\xff\x80\x00\
\xf8\x00\x1f\xe0\x01\xf0\x00\x00\x00\x03\xff\xe0\x00\x00\x00\xff\
\xf0\x00\x00\x00\x00\x1f\x00\x00\x00\x80\x00\x00\xff\xff\x80\x01\
\xf8\x00\x1f\xe0\x01\xf0\x00\x00\x00\x07\xff\xf0\x00\x00\x01\xff\
\xf0\x00\xff\xfc\x00\x1f\x00\x00\x01\x80\x00\x00\xff\xff\x80\x01\
\xfc\x00\x0f\xe0\x01\xf0\x00\x00\x00\x3f\xff\xf0\x00\x00\x01\xff\
\xf0\x00\xff\xfe\x00\x1f\x00\x00\x01\xc0\x00\x00\xff\xff\x00\x03\
\xfc\x00\x0f\xe0\x01\xf0\x00\x00\x07\x0f\xff\xf8\x00\x00\x03\xff\
\xf0\x00\xff\xfe\x00\x1f\x00\x00\x03\xc0\x00\x00\xff\xff\x00\x03\
\xfe\x00\x0f\xe0\x01\xf0\x00\x3f\xf8\x07\xff\xf8\x00\x00\x07\xff\
\xf0\x00\xff\xf8\x00\x1f\x00\x00\x07\xe0\x00\x00\xff\xfe\x00\x07\
\xfe\x00\x07\xe0\x01\xf0\x00\x7f\xe0\x03\xff\xfc\x00\x00\x07\xff\
\xf0\x00\x7f\xe0\x00\x1f\x00\x00\x0f\xf0\x00\x00\xff\xfc\x00\x07\
\xff\x00\x03\xe0\x01\xf0\x00\x00\x00\x03\xff\xfc\x00\x00\x07\xff\
\xf0\x00\x00\x00\x00\x1f\x00\x00\x0f\xf8\x00\x00\xff\xfc\x00\x0f\
\xff\x00\x03\xe0\x01\xf0\x00\x00\x00\x01\xff\xfe\x00\x00\x0f\xff\
\xf0\x00\x00\x00\x00\x1f\x00\x00\x1f\xf8\x00\x00\xff\xfc\x00\x0f\
\xff\x00\x03\xe0\x01\xf0\x00\x00\x00\x01\xff\xfe\x00\x00\x1f\xff\
\xf0\x00\x00\x00\x00\x1f\x00\x00\x3f\xfc\x00\x00\xff\xf8\x00\x0f\
\xff\x80\x01\xe0\x01\xf0\x00\x00\x00\x00\xff\xff\x00\x00\x1f\xff\
\xf0\x00\x00\x00\x00\x3f\x00\x00\x3f\xfe\x00\x00\xff\xf8\x00\x1f\
\xff\xc0\x00\xe0\x01\xf8\x00\x00\x00\x00\xff\xff\x80\x00\x3f\xff\
\xf0\x00\x00\x00\x00\x3f\x00\x00\x7f\xff\x00\x00\xff\xf0\x00\x3f\
\xff\xc0\x00\xe0\x01\xf8\x00\x00\x00\x00\xff\xff\x80\x00\x3f\xff\
\xf0\x00\x00\x00\x00\x7f\x00\x00\xff\xff\x00\x00\xff\xf0\x00\x3f\
\xff\xc0\x00\xe0\x01\xfc\x00\x00\x00\x00\xff\xff\xc0\x00\x7f\xff\
\xf0\x00\x00\x00\x00\x7f\x00\x01\xff\xff\x80\x00\xff\xf0\x00\x3f\
\xff\xe0\x00\xe0\x01\xfe\x00\x00\x00\x01\xff\xff\xc0\x00\x7f\xff\
\xf0\x00\x00\x00\x01\xff\x00\x01\xff\xff\xc0\x00\xff\xf0\x00\x7f\
\xff\xe0\x00\xe0\x01\xff\x00\x00\x00\x07\xff\xff\xe0\x00\xff\xff\
\xf0\x00\x00\x00\x03\xff\x00\x03\xff\xff\xc0\x00\xff\xf0\x00\x7f\
\xff\xf0\x00\xe0\x01\xff\xc0\x00\x00\x1f\xff\xff\xe0\x00\xff\xff\
\xf0\x00\x00\x00\x0f\xff\x00\x07\xff\xff\xe0\x00\xff\xff\xe0\xff\
\xff\xf0\x20\xf0\x03\xff\xfc\x00\x01\xff\xff\xff\xf0\xff\xff\xff\
\xff\xff\xff\xff\xff\xff\x87\xff\xff\xff\xff\x81\xff\xff\xff\xff\
\xff\xff\xff\xff\xff\xff\xff\xff\xff\xff\xff\xff\xff\xff\xff\xff\
\xff\xff\xff\xff\xff\xff\xff\xff\xff\xff\xff\xff\xff\xff\xff\xff\
\xff\xff\xff\xff\xff\xff\xff\xff\xff\xff\xff\xff\xff\xff\xff\xff\
\xff\xff\xff\xff\xff\xff\xff\xff\xff\xff\xff\xff\xff\xff\xff\xff\
\xff\xff\xff\xff\xff\xff\xff\xff\xff\xff\xff\xff\xff\xff\xff\xff\
\xff\xff\xff\xff\xff\xff\xff\xff\xff\xff\xff\xff\xff\
\x00\x00\x2f\x01\
\x00\
\x00\xe3\x1e\x78\x9c\xed\x9d\x09\xbc\x5d\x55\x7d\xef\xcf\xcd\x0c\
\x04\x12\x88\x84\x30\x25\x51\x51\x64\x12\x54\x2c\x88\x98\x1b\x14\
\x34\x08\x86\x28\x08\x32\x79\x83\x8a\x52\x11\x8a\xf2\x04\x34\x98\
\x9b\x30\xc8\xa4\x85\x82\xa2\x80\x18\x26\x6d\x05\x9f\xb6\xb4\xbe\
\x6a\x6d\x35\xda\xf6\xf1\x1e\x7d\x62\xb1\x50\x6d\x45\xc9\x7b\xa8\
\xd5\x5a\x68\x8c\x48\xc2\x74\xfe\x5d\xdf\xb3\x7e\xff\x73\xfe\x67\
\xdd\x7d\xce\x3d\xf7\x66\xe2\x5d\xb2\xf2\xf9\xe7\x9e\xbd\xd7\xde\
\x6b\xaf\xe1\xff\xfb\x4f\x6b\xad\xbd\x6b\xb5\xbe\xf4\xaf\x76\x50\
\x2d\xfd\x3f\xb7\x36\xe5\x91\x5a\x6d\x66\xad\x56\x7b\x59\x22\x4e\
\x9f\x5d\xcb\xe7\x1b\xe9\xa1\xda\x66\x49\x66\x06\xf5\x25\xba\xde\
\x9e\xbb\xe9\x97\x89\xf6\x4d\xb4\x79\x3a\xa9\x43\xb2\xdc\x77\x6d\
\xf4\xcc\x33\xcf\xd0\x97\x2f\x48\xf4\xf2\x44\x0b\x12\x9d\x96\xe8\
\x9c\x44\xff\x2d\xd1\xb9\x89\x7e\x3f\xd1\xdb\x13\xbd\x26\xd1\x9c\
\x44\x93\xab\xca\xa9\xd7\xeb\x9b\xbb\x79\x5b\xd2\xf3\x20\xd9\x16\
\xfc\x8f\x38\xd9\x50\xbc\x8e\x4f\xb4\x47\xc2\xec\x49\xe9\xef\x1f\
\x26\xfa\xe3\x44\x77\x25\xba\x25\xd1\xd5\x89\x2e\x4a\xf4\xb1\x44\
\xcb\x13\x5d\x99\xe8\xc6\x70\xcd\xe7\x2d\xcb\x85\x43\x12\x6d\x67\
\x01\xff\x5b\x64\xc0\x96\xb4\xb1\x93\x6d\xc1\x7f\xcf\x09\x3c\x5a\
\x3b\xee\xb7\x4e\x74\x78\xa2\x6b\x12\xfd\x69\xa2\xcf\x58\xd6\xf5\
\xc7\x26\xda\x23\xd1\x51\x89\xde\x9a\xee\x7b\x73\xfa\xbb\x6b\xa2\
\x13\xd2\xef\xd9\xe9\xef\x84\xf4\x17\xfb\x60\x4f\xcb\x36\xc2\xc5\
\x89\xbe\x94\xe8\x8b\x89\xce\x48\x34\xbb\x78\xce\x66\x6d\xf7\x96\
\x34\x76\x93\x8d\x1e\xff\x4f\x27\x7a\x66\x34\x60\x1e\x45\xda\xec\
\xf8\xb7\x76\x3c\x4e\x48\xf4\x86\x44\x37\x27\xba\x33\xd1\x05\x89\
\x5e\x9d\xe8\x84\x44\x1f\x4c\xf4\xb6\x44\x2f\x4b\x34\x98\xe8\xd4\
\x44\x07\x26\xbc\xcf\xd1\xf9\x69\x89\xde\x6a\xd9\x2e\xe0\xf7\xbb\
\x12\x2d\x49\x74\xbc\x65\x79\xc1\xf9\xaf\x26\xfa\x83\x44\x3b\x99\
\x6c\x81\x67\x9f\x7d\x76\xbd\xe5\x80\x97\x31\x1c\xb9\xdd\xd1\xcb\
\xb5\x23\xa9\x53\xaf\xe5\x55\xc8\xd9\xae\xe7\x37\x04\x0d\x57\xcf\
\x4e\xfd\xe7\x76\x5a\xaf\xcf\xa1\x8c\x5e\xae\xdf\x54\xc9\x46\x8e\
\xff\xb5\x89\x6e\xb5\xec\xc3\x9e\x92\xe8\x2f\x6c\xe3\xcb\x81\xcd\
\x86\xff\x8a\xb1\x7a\xa1\x65\x1b\xfe\x2b\x89\x4e\x4b\xf9\xe8\xf9\
\x8f\x27\xfa\xbd\x44\xe8\xf9\xa5\x96\xfb\x13\x3a\xdb\xb2\xed\x0f\
\xde\xb7\x4d\xd4\x9f\xe8\xb8\x44\x5f\x48\xf4\x3e\xcb\xf2\xe2\xa6\
\x44\x7b\x25\x7a\x9d\x65\x7b\x00\xdd\x7f\x62\xa2\x4f\x59\xf6\x0f\
\x8e\x4e\x3c\x33\x21\xd6\x63\xb4\x09\xde\x7b\xf2\xc9\x27\x29\x63\
\x9c\x65\x9f\x05\x9a\x98\x68\x52\x2a\x7f\xbc\x75\xe6\xc7\xf1\x05\
\x4d\xd0\xdf\x9e\xeb\x53\x60\xa7\xcf\x7f\x97\xfd\x3b\x02\x2c\x8d\
\xeb\x50\xaf\xbe\xf0\x0c\x3f\x17\x69\x5c\x51\x46\x5f\xd9\x86\x22\
\x9f\x7b\x9a\xb8\x0d\x78\xe7\xfc\xf6\x89\x76\x4a\xc7\xdb\xc6\x36\
\x85\x7b\x9b\xcf\x7a\xfa\xe9\xa7\x47\x2d\x8f\x36\x66\x0a\x7d\xd5\
\x2b\xfe\xb9\x6e\xab\x50\xd7\x99\x89\xbe\xd6\xe3\xbd\xa3\x4d\x9b\
\x0d\xff\xde\x4e\xc5\xf5\x8e\xb4\x6c\xe7\x5f\x98\xe8\xb5\x89\x4e\
\xb6\xcc\x03\xc8\x03\xfc\x80\xdd\x13\x5d\x6b\x59\xaf\x73\xdf\x7b\
\xb8\x36\xf1\xc7\xa1\x89\xb0\xff\x2f\x4b\x74\xbb\x65\x59\x31\x2f\
\xd1\x47\x2d\xcb\x04\x1f\x03\xfc\x89\xd3\x55\x3e\x65\x21\x5f\xb1\
\x05\x96\x25\x9a\x61\x0d\x3e\x04\x23\xa3\xeb\x87\x80\xc1\x77\x5a\
\x96\x3b\xc4\x24\xb0\x5d\x2e\xb1\x2c\xc3\xde\x6b\x39\x8e\x11\x71\
\x48\x5b\xf0\x4f\x18\xf7\x4b\x75\xdd\x75\x89\xde\x9f\x68\x52\xaf\
\x63\x62\x2d\x7e\x79\x81\xca\xa0\xbf\xe2\x73\xf6\x50\xdb\xa7\x27\
\x5a\xa4\xba\x45\x3f\x68\x2f\xf5\xcb\x81\x3a\x46\x8e\x12\x3b\xb9\
\x42\xf5\xff\x84\x65\xdb\x69\x6f\xe5\xbf\xd2\xb2\x7d\xf6\x59\xcb\
\xb2\x94\xfa\x13\x77\x79\xa3\xf2\xa7\x26\x3a\x2f\xd1\x3e\xb1\x0d\
\xe1\x79\x8c\x07\x72\xf8\xd5\xe1\x1c\x7d\x48\xbc\xf6\xe8\x44\x9f\
\xd4\x33\x97\x6b\x5c\xb1\xe1\x5e\xae\xeb\x90\xa9\x1f\xb6\x6c\x0b\
\x22\x5b\xb9\x67\x20\xd1\x01\x89\x5e\xac\x7b\xde\x64\x2d\x99\xc1\
\xb8\xe3\xf7\x9d\x3a\x92\x3e\xdd\x10\xc9\x46\x86\xff\xff\xb4\x16\
\xbf\xd6\x7e\xfe\xf3\x9f\xfb\xfd\xd8\xb0\x1b\xd3\x06\xd8\xe4\xf8\
\x37\x6b\x93\xc7\x8c\x09\xfc\xfe\x67\x96\x75\xf9\x8e\x69\x4c\xe1\
\x9f\xb7\x24\xfa\x80\xe5\xbe\x3b\x46\xd7\x81\xff\xfd\x75\xdf\x59\
\x89\xae\x4a\x74\x6c\xba\x7e\xa1\xae\xdb\x57\x36\x03\xba\x9f\x78\
\xe1\x81\xc8\x96\x74\x6e\x56\xfa\xbd\x9b\x65\x7e\x25\x1f\x5e\x39\
\x59\xd7\x12\x53\x5c\xa1\xf3\x0d\xfc\x8f\xa6\x2f\x02\xfe\xc1\xc9\
\x4f\x12\x1d\x9a\x68\x4e\x7a\xc6\x8b\x2c\xc7\x1f\xb1\x55\xfe\x3a\
\xd1\xf1\xa9\x4e\xae\xbb\xc0\xeb\xff\xb1\x1c\xaf\x04\x0b\x07\x5b\
\xf6\x7d\x0e\x4a\xe5\x8d\xef\x35\x46\x19\xfa\x12\xec\xac\xb3\x2c\
\x07\x27\x85\xf3\xc8\xbb\x6f\x58\x8e\x9d\x7c\x4f\xe3\x7e\x56\xc8\
\x47\x06\xfe\x22\xd1\x2b\x74\x3c\x98\xe8\x67\x2a\x8f\x7a\x61\x3f\
\x11\x4b\xd9\x49\xf9\x8c\x07\xfc\x8a\x9d\x85\xac\x3e\x42\x63\xe7\
\xf2\x01\x39\xf3\xe7\x89\x0e\xf3\xbe\xf4\x67\x49\x26\x61\xcb\xfd\
\xab\x65\x9c\x7a\xde\x36\x96\x65\xe0\xdf\x58\x96\x51\xe8\xbe\xa9\
\xe9\xfa\x9d\x35\x96\xe7\xa4\xdf\xd8\x05\xe0\xff\xaf\x12\xdd\x9d\
\x68\xca\xfd\xf7\xdf\xcf\xbd\xc8\x3c\xe4\xc4\x72\xb5\xed\xbb\x96\
\x6d\xc2\x9a\xda\xf4\x6f\x96\x65\xde\x73\x59\xff\x3f\x6a\x79\xde\
\xaa\xc4\x07\x7a\xea\xa9\x1e\xee\x1f\x6d\xda\xa4\xf8\x2f\xda\x86\
\xad\x83\xde\x81\xff\xe1\x1d\xf0\x00\x1e\xd1\x5f\x33\xd2\x78\xd3\
\x1f\x60\xfe\x94\x84\x87\x29\x96\x6d\x7e\xf4\x3b\x7c\x84\xae\x7a\
\x47\xa2\xb9\x89\x76\xb1\xcc\x9b\xf0\xfc\x8e\x96\xfd\x08\xf8\x07\
\x7d\x04\xcf\xa3\x93\xcf\x4c\xf4\x21\x3d\x77\xa1\xca\x99\x93\x68\
\xbe\x65\x7d\xf2\xdf\x13\xed\x17\xeb\x37\x92\x14\xf0\x0f\x0f\xdf\
\x9b\xea\xb7\x83\xb5\xeb\x60\xf8\x00\x1d\xfc\x2f\x96\xb1\xe4\x38\
\xf9\x5b\xcb\x36\xce\x10\x5b\x7d\x24\xf8\x97\x8f\x81\xdd\xf1\x7d\
\xf5\xe7\x7e\x45\x99\x4b\x54\x37\xf4\xf5\x7d\x96\xe5\x8c\xcb\xa0\
\xff\x65\xd9\xef\x9c\xa8\x73\xf4\xc7\x03\xd6\xc2\x7b\x49\xe0\xff\
\x57\x56\xe8\xef\x40\x53\x55\xde\x6b\x2b\xf2\x5e\x95\xe8\xc1\x44\
\x6b\xd4\xf7\x7e\x1e\x1d\x80\xdc\x9c\x17\xfb\x20\xfc\x45\x16\x8c\
\x4b\xf2\x99\x76\x62\xb7\xfd\x49\x3a\x9e\x18\xca\xfc\xb2\x65\x3d\
\xff\x83\x44\x97\x87\xb6\x60\x83\xad\x72\x1e\xdf\x54\x7c\xee\xe3\
\x62\xbd\xe3\xbf\x6e\x59\x7e\x45\x1f\x0a\x99\x78\x7b\x0f\xf7\xae\
\x4f\xda\x5c\xf8\xc7\x6e\x43\x26\xdf\x9a\xc6\x71\x77\x6b\xd9\x76\
\xe8\x74\x74\xc9\xeb\x2d\xeb\x4d\xfc\x02\xe7\x09\xec\x65\xf8\x9a\
\x78\xde\xf9\xba\x16\x3b\xf1\x4a\xfd\xc6\x6e\x44\x97\xbd\x5b\xf7\
\xec\x9a\xca\x9e\x9e\x88\x7b\x90\x23\x7b\xa1\x57\x75\x3f\xcf\xbe\
\x45\x7f\x67\xe8\x1e\xe2\x0e\xfb\x84\x3a\xf6\xdc\xae\x80\x7f\x9e\
\xff\xf7\x89\x76\xf0\xfb\xad\xc5\xcf\xd8\xa2\xc4\x74\xfe\xd2\xf2\
\xd8\xa2\xa3\xbe\x65\x59\x77\xad\x6f\x7f\x62\xbf\x20\x5b\x88\x6d\
\xb2\x2e\x22\xea\x77\x08\xbb\xe9\x36\xcb\x32\x6f\x56\xaa\xaf\xf3\
\x19\x76\x16\xfa\xf1\xa8\x70\x2d\xf3\x2c\xe0\x7f\xe7\xb2\x5e\xd6\
\x8e\xff\x83\x3a\xe4\x23\xd7\xaf\x4f\xed\x3d\xb8\x88\x39\x60\x9f\
\x23\xef\xc0\x3f\xf3\x31\xfd\x3a\x8f\x9c\xc1\x2e\xc1\xa7\x68\x8b\
\x7d\xc4\x36\x48\x26\x52\xef\x2f\xa9\x2d\x13\x74\xde\x6d\xc3\x45\
\x2a\x6b\x6b\xdd\x33\x43\x63\xb1\xc2\xaf\xad\xe8\xb7\x4d\x41\x9f\
\xb6\xde\xd2\x63\x89\x3e\x20\xdb\x8f\x3e\x44\x8e\xad\xeb\xf1\xde\
\xd1\xa6\x4d\x86\x7f\x6b\x8d\x23\x63\x88\x2e\xbf\x23\xfd\xde\xcd\
\xac\x6d\x8c\xf1\x77\xe0\xdf\xa9\xfa\x8b\x1d\x80\x8e\xc2\x27\x05\
\xe7\xf8\xa4\x67\xa4\x73\xd8\x96\xcc\x03\x20\x3b\xf0\x47\x89\xef\
\xa1\xf7\xb1\x0b\xb0\xff\xb1\x2b\x98\x3b\x84\x97\xf1\x1d\xe1\x0b\
\x62\x7d\xd8\x05\xc8\x63\xe6\x13\x8f\x4c\xc7\x53\xf4\x6c\xea\x84\
\x3d\x0b\x6f\xcd\x89\x75\x1a\x61\xfb\x06\x13\xfd\x9d\x15\xf8\x0f\
\xf2\x81\xb5\x4a\x60\x67\x7f\xc9\x03\x7c\x82\xcb\xac\x82\x6f\x46\
\xd2\xa7\x96\x75\xdf\x43\xea\x93\x17\xa9\x8d\x3b\x84\xfc\x89\xea\
\xbf\x05\xd6\xc2\x12\x98\x58\x91\xe8\xbb\xe9\xf7\xf6\x01\xab\xd8\
\x4a\xff\x64\xc3\xe3\xbf\x93\xfe\x47\xb6\x7f\xa2\xc8\xa7\xff\x89\
\xef\xa0\xe3\x91\xed\xd8\x62\x87\x29\xaf\xdf\x32\xef\xbf\xbb\x5b\
\xdb\x55\x3f\xc6\xe9\x4f\x2c\xdb\x17\x31\xae\xfa\x66\xb5\x2f\xea\
\x4f\xfc\x97\x5f\x28\xaf\xad\x5c\xf1\xca\x8b\x37\x01\x21\x97\xef\
\xb0\xde\xd3\x37\x13\x6d\x9d\xf8\x85\xbe\x7f\x60\x04\xf7\x8d\x36\
\x6d\x12\xfc\x27\x9f\x37\xda\xc2\xc8\xe9\xaf\xa6\xe3\x97\xea\xb8\
\x99\x9f\x08\x9d\x82\x1e\xc0\x8e\x67\xcd\x0e\xbc\xf6\x47\x96\xd7\
\xf1\xec\x2f\xb9\x18\x79\x0d\xfb\x00\xdb\x0f\xdd\xbf\x4b\x38\x3f\
\x4e\xc7\xc8\x0d\xe4\x00\x36\xed\xec\x74\x3f\xe7\x98\x5f\x41\xa6\
\xb4\xc5\xc4\x85\x07\xec\x64\x64\x83\xfb\x8f\x3d\xb7\xd1\x3a\xe0\
\x9f\x14\xf0\x8f\x6c\xc2\xf6\x5d\x90\xce\xd1\x16\xc6\x1b\xfe\x00\
\x2b\xd8\xcb\x60\x62\x08\xee\xba\x3c\x0f\x42\x56\x62\x53\xdc\x46\
\x1b\x24\x5f\xb1\xf5\x17\x58\x7b\x5f\xe1\xa7\x23\x6b\x26\xe8\x98\
\xb8\x1f\x78\xfc\x60\x71\x1d\xb6\x38\x7e\xc4\x4e\x65\x3d\x94\x8f\
\xff\xf4\x6b\xcb\x31\x35\x64\x2b\x3e\x36\xf6\xc5\x64\xf5\x23\xb2\
\x86\xb8\xa6\xc7\x13\x19\xc7\xcf\x59\xc6\xe2\x22\x9d\x3b\xd7\x5a\
\xf8\x67\x3c\x7e\xa3\x72\x47\x8c\x7f\xf1\x0d\xbe\x14\x32\xcf\x63\
\x10\x13\xc4\x47\x4d\xd9\x56\xb4\x03\xf9\xf6\xd0\x26\x22\xda\xd6\
\x6b\x22\xb6\xe1\xf8\xff\x41\x45\x3e\x71\x99\xff\x39\x0a\xc2\x0e\
\xfa\x91\x65\x3f\x23\xa6\x4d\x82\x7f\x6b\xf1\x16\x3c\x47\xec\x66\
\xbe\x59\xfb\xfc\xbb\xc6\x11\xfd\x0c\x8f\x30\x8e\xf8\x43\x83\x96\
\x75\x5a\xf3\x1a\xfd\xc5\x17\x40\x97\x12\x37\x3c\x52\xbf\xc1\x51\
\x5b\x0c\x45\xd7\x73\x2d\xf1\x66\xec\xb0\xa3\xd6\xae\x5d\xdb\x36\
\x9f\x54\xd4\x0f\xdc\x13\xcb\xc6\x8e\xee\xb3\x2e\xfc\xd8\xa1\x8d\
\xd4\x77\x08\xfe\x43\xf9\xc4\x23\xc0\xff\x5b\x02\xfe\xff\xc1\xb2\
\x5d\x43\xec\x9f\xb8\xfb\x21\xbd\x3c\x33\x94\x49\xac\xf1\x11\xcb\
\x6b\x20\xa2\x3e\xbc\x22\xc9\xd5\x09\x61\x5e\x7c\x3b\x3d\xc3\x7d\
\x1c\x30\x08\x7f\xee\x19\xfb\xc3\xb2\xfe\x27\x46\x30\xb3\xac\x87\
\xb5\xf0\x0f\x4f\x83\xc3\xab\x55\x26\x72\x65\x86\xf2\xc1\x25\x7e\
\xd5\x2b\xd3\xb3\x91\x05\xd8\xb1\xc8\x8b\x77\xa5\x63\xef\x53\xc6\
\xcb\xf1\x7f\x9c\xca\x43\xd6\x37\x74\x41\x55\xea\x86\x7f\x95\x73\
\x9a\xea\xee\x7c\x46\xdb\x9a\xb2\xad\x68\xc7\x13\xf6\xdc\x4c\xc3\
\xe1\x9f\xf8\xd8\x0e\xa3\xa0\x69\xa9\x9f\x88\x83\x3d\x59\x94\xb7\
\xd1\xf1\x6f\x2d\xbe\x82\xdf\xc1\xe0\xd9\xe1\x5c\x79\x0d\x84\xde\
\x68\xf8\x73\xd2\xc9\xe5\xdc\x35\x3a\x1c\xbe\xfb\xba\x08\x5b\x8e\
\x98\xe1\x57\x45\x60\xac\xc1\x67\x51\xb6\xa4\xbf\xd8\x1b\xd8\x88\
\xd8\xf9\x6e\xf7\x57\xad\x1b\x41\xde\x60\xab\x36\x65\xc9\x08\xda\
\x39\x68\xdd\xf1\xcf\x3c\x20\xbc\x3e\x4f\xb6\x0c\xf6\xff\x27\x9f\
\x7d\xf6\x99\x06\x6f\x83\x17\xfc\xbf\x4e\x18\xf0\x14\xec\x09\xda\
\x89\xad\x0d\x5e\x67\x85\xb6\x82\x5d\x7c\xe4\xbd\xad\xbd\x6f\xe1\
\x81\xf7\x4b\x5f\xe2\x8b\x13\x33\x2c\xd7\x27\x30\xef\xd2\x4d\xff\
\xbb\xfd\x7f\x88\x8e\xb1\x39\x26\x81\x6d\x3d\xdb\xf1\x4f\xff\x21\
\x63\xfe\xc3\xf2\x7c\x60\x7c\x0e\xf3\xb3\x3e\x5f\x78\xa8\xae\x79\
\x9f\x8f\x47\x55\x1a\xc6\xfe\x87\xe6\x8a\x6f\xe8\x7b\x70\xff\x63\
\x93\x6c\xab\xd0\xff\x8f\xdb\x73\x33\x0d\x87\x7f\xec\xba\x12\x2f\
\x3d\x51\xea\x03\xe2\x6a\x9b\x13\xff\xd8\x79\xc4\x33\xa7\xfb\x39\
\x52\x81\x3f\xe6\xc0\xd0\x27\x47\xa4\x73\xc4\x75\x19\xbf\xe8\xd3\
\x31\x6f\x8d\x7e\x66\x7e\x09\xdb\x15\x9b\x12\x5c\x33\x17\xc0\x1c\
\xca\xd7\x94\x77\xfc\x9a\x35\x6b\x9a\xcf\x7e\xfc\xf1\xc7\xfd\x37\
\x3a\x10\xde\xc3\xff\x9c\x12\xeb\x11\x78\xcc\x71\x82\xfd\x38\xb5\
\xbc\xa6\x2a\x15\xf1\x3f\xec\xad\xe8\x7b\x3b\xd1\x0e\xf0\x06\x5f\
\xce\xd1\x3c\xe7\xb7\x2d\xc4\xff\xbd\x2f\xdc\x1f\xea\xa1\x4f\x89\
\x7f\x3c\xe0\x65\x14\x72\x8c\xf5\x52\x1f\x2c\xce\xd3\x7f\xe8\x90\
\x01\xcb\xb6\x64\xd3\x47\x08\xe5\x9e\x23\xde\x9b\x55\xb6\xdb\xda\
\xf1\x7f\x50\xe0\xad\xd8\x07\xe0\x72\xb9\xda\xca\x75\x57\x55\xf8\
\x6d\xd4\xcd\xed\x7d\x9f\x83\xc0\x7e\x73\xdf\xa4\xd3\x9a\x4a\xca\
\x6e\xc4\xff\xe4\xeb\x34\xc7\xed\xa9\xa7\x9e\x42\x16\x22\x67\x4e\
\x55\xbf\x36\x65\x5b\x45\xff\xfd\xff\x8a\x7f\xe6\x3a\x7b\xd6\x49\
\x71\xdc\x52\x1f\x61\x1f\x6e\x52\xfc\x87\xb5\x59\xf8\xf3\x8c\x9b\
\xcf\x3b\x45\xbd\xec\x84\x2f\xf9\x29\x5d\xc3\x5e\xbe\xc5\x96\x65\
\xc6\x02\xf9\xb4\xf0\x23\xbe\x39\x36\xde\x0a\xd5\x1f\xfc\xbf\xc4\
\xb2\x5f\xcd\x3a\x09\xc6\xf5\x23\x96\xf5\x83\xdb\x97\xd8\xbb\xf0\
\x2c\x76\x26\xf2\x85\x75\x45\xcc\x0b\xe1\xe7\x76\x5a\x9b\x87\x1f\
\x70\x8b\x9e\x3f\x12\xfc\x33\x3e\xcd\xf9\xbf\x82\x98\xef\xfe\x79\
\xa2\xcb\xa5\x2b\x91\x83\xd8\x0a\x57\x75\xa8\x43\xc7\xe7\x85\x6b\
\x06\x12\xfd\xbb\xb7\x35\x61\x20\xe6\x31\x07\x82\x3d\xd4\x8c\x75\
\xdc\x77\xdf\x7d\x9c\x47\x27\x33\xff\xce\xdc\x43\x9b\x2c\xd6\x6f\
\x30\xf4\x43\xcb\xfb\x2a\xaa\x9e\xeb\xf8\x3f\x30\xd6\xb5\x98\xeb\
\x44\x86\xd7\x35\x4e\xd3\xad\xbd\x5d\x7d\xea\xa7\x77\x14\xed\x40\
\x9e\x97\x31\x0b\xc7\xfc\x2e\xd6\x5a\x77\x88\x6d\xf6\x25\x6c\x0e\
\xc7\x7f\xe8\xff\x57\xa9\x5d\xbf\xb4\x42\xb6\x15\xed\xd8\x82\xff\
\x9c\x36\x2a\xfe\x1f\x7d\xf4\x51\x1f\x17\xb0\x0c\xb6\x7d\x5e\xb6\
\x5c\xdf\x0d\xb6\x89\xd3\x11\x1b\xc6\x57\x67\xfe\x0a\x5b\x79\x9e\
\xfe\xe2\x5b\xe2\x47\xb2\x86\x07\x6c\x7d\x4e\xf5\x77\xfd\xcf\x3d\
\xe0\x9f\xb5\x12\x60\x16\xdb\x14\x5b\x83\xf8\xab\xaf\x53\x81\x87\
\x88\x15\x2c\x4c\xcf\x9d\xa1\xbe\x3c\xc6\x86\xf2\x5b\xc4\x2b\xeb\
\x89\x7d\xcd\x61\xc7\x76\x16\xeb\x7f\xd0\xab\xef\x50\x1d\x90\x37\
\xf0\x21\xfa\x0e\x9b\xfa\xf3\x6a\xab\xeb\x3d\xe6\xbd\xee\x4e\xf5\
\xc1\x16\x46\x1f\xa2\xbb\xe6\x9b\x6c\x9e\x4e\x49\xf7\x33\x87\x48\
\xdc\xef\x9e\x72\xbd\x41\x88\x89\x61\x0f\x1d\x1f\xdb\x95\xce\xbf\
\x42\x75\x3c\xa7\x6c\x97\xb5\x6c\x98\xff\x6b\x9a\x07\xa9\x78\x2e\
\xf1\x99\xd5\xba\x9f\x3e\x62\x0e\xf1\xc4\x54\xee\x9e\xc1\x46\x47\
\x4e\xff\x0f\x53\x2c\xb3\x20\x70\x4c\x4c\xf7\xf4\x50\x57\x62\x87\
\xc4\x68\xf1\x87\xb0\xbd\xb0\x53\x76\xd0\x1a\xad\x0b\x35\xee\x5b\
\x89\x7f\x88\x99\x30\x8f\x3a\xc5\xeb\x17\xca\xa6\x1c\xf4\x0c\x6b\
\x80\xda\x64\x5b\xd1\x8e\x91\xe0\x9f\xd8\x05\x58\xfc\x65\x38\xc7\
\xbc\x1c\x32\x12\x39\xfa\x74\x71\x8e\xd8\x22\x3e\xde\xa3\xe1\xbe\
\xdf\xe8\xf7\xc3\x89\x9e\x0d\xe5\xf8\x35\x8f\xe8\x78\xcc\xe0\xdf\
\xda\xf9\x90\xf9\x5e\x74\x14\x63\x8f\x5f\xc9\xba\xbd\x69\xc1\x5f\
\x64\xec\x59\xeb\xc4\xba\x9c\x33\x89\x55\x24\x62\xfe\x06\x5b\x1d\
\x0c\x1d\xab\xbe\x61\xdd\x3e\x7a\xa9\xc4\x3f\x3c\xe3\xf8\x87\xdf\
\xf1\x7f\x57\x58\xb6\x43\xf1\x81\x59\x43\xe6\x31\x7d\x70\x86\x9e\
\x80\xc7\xae\xd5\xfd\xce\x97\xc8\x1b\xec\xda\x71\xf5\xbc\xf6\x1c\
\xbc\xc2\xdf\x1d\xfd\x52\x52\xf0\x61\xb0\x31\xd0\xe7\xd8\x17\xe8\
\xd1\xa5\x1a\x33\x78\x18\x39\xb0\x8d\xb5\x78\x95\xf2\x89\x83\x5d\
\xaa\x6b\x69\x2b\x32\xee\x24\xe6\xe7\xbb\xd9\xff\x7a\xd6\x8e\xba\
\xe7\xb8\x27\x9f\x7c\xb2\x2f\xd6\x2f\xc8\x23\x7c\xbe\x85\x6e\x17\
\x68\x3c\xa6\xa8\x7e\x2f\xcb\xe7\x86\xe0\x7f\x81\xca\x9d\x51\xf2\
\x85\xf2\xe1\x17\x62\x0e\xc4\xfc\x2e\x56\xfb\xae\x48\xe5\xbe\x3a\
\x8c\x27\xfd\xbd\x57\x68\x6b\xbc\xbf\x4f\xe3\xd9\xb6\x3e\x48\x6b\
\x98\x90\x99\x4b\x54\x36\x6b\x26\xf1\x55\xae\x4c\x79\x6f\x52\x2c\
\x08\x62\xae\xf3\x3d\x51\xff\x87\xb2\x21\x62\x9f\x03\xd6\x05\x27\
\x36\x32\xfc\x13\xb3\x9a\xae\x76\x7a\xfa\x91\xfa\x81\x36\xfc\x87\
\xce\xe1\x2f\x22\xdb\xfb\x2d\xaf\x39\x82\x47\xb7\xd7\xf8\xb2\xce\
\x93\x38\x15\xfa\x6d\x75\x28\xe7\x22\x5d\x73\x85\x8e\xc7\x14\xfe\
\xf5\x5c\x74\xc4\x0a\xcb\xf1\x19\xda\xdb\x88\xdb\xa7\xf3\xbe\xbe\
\x8c\xf5\xa5\x8c\xf7\x56\xe9\x1c\xfa\x78\x20\xfd\x3d\x29\xd1\xef\
\x27\xfa\x23\xd5\x0f\x5d\xfe\xbf\x2d\xeb\xd0\x5d\xac\x3b\xfe\xd1\
\xff\xe8\x0d\x74\xdf\xd7\x52\x19\xf0\x14\x36\xef\x19\xd2\x27\xc8\
\x9a\xdf\xd3\xb3\x91\x31\xc4\xaa\x26\xe2\x73\x5b\xc6\x05\x7e\xe3\
\x12\x8d\x15\x65\x7d\x9a\x39\xad\x6e\x78\x74\xbc\x25\x7f\xa7\x39\
\x67\xa0\x7d\x0d\xbe\x7f\xa6\x4d\x07\xae\x5b\xb7\xae\xb1\x5f\x08\
\xdc\x5e\x77\xdd\x75\xcd\xfb\xd3\xf9\x3e\xee\x23\x5e\xf1\xc4\x13\
\x4f\x74\x7c\x1e\x7e\x95\x3f\xcb\xed\xa8\x58\x3f\xca\xf3\x32\x79\
\x46\x61\x17\xf0\x1b\x19\xd0\x8c\xab\x94\x63\x66\x92\x0b\xe5\x7e\
\x08\xcf\x5b\xbb\x76\xad\xaf\xe3\x40\x8e\x1e\xc2\x6f\xad\xb5\x8e\
\x36\xfb\x10\x3f\x26\x1e\x3f\xf0\xc0\x03\xa5\x5c\x88\xc4\xda\x08\
\x62\x35\xdb\xf8\x9c\x41\xe1\x2b\x36\xfa\x30\xf6\x51\xc8\x43\x46\
\x4c\x2a\x9f\x5d\xb4\x63\x24\xf8\xbf\x5c\x65\x2d\x09\xe7\x58\xc3\
\x04\x46\xd1\x2d\xac\x85\x26\xfe\xca\x7c\x3f\xf2\xfd\x8b\xba\xe6\
\x1a\xdd\xc7\x5a\x35\xf4\x3c\xfe\x12\x31\x1f\xf6\x54\xdc\x26\x3e\
\x3b\x40\x63\xf1\x0d\xdd\x33\xd6\xf0\x0f\x8f\x20\xdb\x1a\x6b\x79\
\x2c\x63\xed\x9f\x13\xad\xb4\xbc\xe6\x8c\xfe\x00\xfb\xe8\x78\xd6\
\x8b\x71\x0e\xfb\x93\x39\x02\xe2\xbc\xd8\x72\xd8\x89\xdf\x51\x3f\
\xd3\x27\xbd\xe2\x9f\xf5\x70\xdf\xb4\xd6\x1e\x12\x7c\xe1\x01\xcb\
\x7b\x8b\xd0\x11\xd8\xdc\xb3\x34\x1e\x3c\x1b\xf9\x8c\x8f\x82\x8f\
\x8e\xbc\x79\x8d\xc6\x98\xf5\x05\x0d\x5d\xd9\x29\x2e\x0f\xd6\xce\
\x3b\xef\xbc\x36\x9f\xa6\xe4\xd7\x38\x6e\x8e\xcf\xc2\x07\x6a\x1e\
\x23\x1b\xc0\x78\xa7\x14\xef\x8f\xf7\x56\xf4\xff\xb0\xfb\x68\xab\
\xee\xe9\x21\x1f\x7d\x88\x8f\x76\xad\xfa\xad\xe3\x73\x3a\xd5\xc9\
\xdb\x10\xf3\xaa\xf6\xf2\x15\xb1\xc5\xe6\x31\x63\x51\x8e\x47\xb7\
\x67\x17\xd7\xfd\xce\x7a\x4f\x57\xa8\xbc\x0b\xc3\x39\xf0\x8f\x1d\
\xba\x8b\x78\xc6\xe7\x32\xe0\x73\xc7\x58\xc4\x3f\xc9\x63\xb1\xe3\
\xd9\xeb\x54\x6f\xad\x5f\xf6\x3d\x0a\xa4\x31\x81\xff\x30\x06\xe0\
\x8b\x7d\xfc\x3e\xc7\x0c\xce\xf1\xf1\xc0\xdc\x62\xcb\xf6\x36\x32\
\xe1\x25\xea\x3b\xce\x81\xfd\x43\xd5\x6f\x60\x79\xd0\xb2\xbc\x20\
\xdd\x6f\xbd\xe1\x1f\x59\xfc\x88\xc6\x09\xfc\xbe\x41\xd7\xa0\x53\
\x8e\xd0\xf3\x4f\xd7\x6f\xaf\x03\xe3\xc0\x58\xb3\x7e\xfe\x42\xe9\
\xd7\x3e\x9d\x1b\xb0\x2e\xf8\x7f\xbe\x24\x6b\xd9\xef\x8c\xc9\xd7\
\x7c\x5c\x99\x6b\xe9\xe6\x1f\x3d\xd7\x92\xb5\xdb\xe0\xc3\xa5\x4e\
\xf8\x0f\xeb\xd6\x9b\x72\x0f\x1d\xff\x4f\xba\xa6\xc4\x3f\xfa\x07\
\xbb\x04\x9b\xe9\x2e\x6b\xf9\x28\xc4\xa1\x7d\x5d\xce\x98\xc1\xbf\
\xf4\x01\x3e\x3f\x58\xf5\xf9\x1f\x74\x05\xf5\x98\xa2\xbe\x40\x2f\
\x73\x0d\x76\xff\x9b\xd3\xf5\xe0\x13\x9b\x88\x18\x3e\x73\x00\xf8\
\x90\xc4\x92\x6f\x53\x7d\x47\x82\xff\xff\x67\x39\x76\x03\x9f\x1e\
\xa9\xe7\x62\xdf\xbf\x47\xcf\x63\xcd\xc0\xe9\xe9\x99\xf8\x25\xd8\
\x78\x7b\xc9\xd6\xc4\x37\x38\x2c\xac\x91\xa7\xbc\xab\xbb\xed\xc9\
\xf3\x31\x71\x1d\x58\xea\xb6\x98\xba\xe9\xe2\x92\xe2\xf5\xe5\x7d\
\xf1\xb8\xca\x96\x88\xcf\xeb\x94\xd7\x6b\x3d\x8a\x75\x14\x10\x73\
\x35\xbb\xf7\x72\x6f\x55\x3f\x55\x11\x65\xe3\x57\x78\xbf\x0d\x77\
\x6d\xa7\x7e\xec\xc5\xde\xb1\x1c\x7f\xf4\xb8\xdd\x70\xa9\x9b\xfe\
\xc7\x87\x05\x93\xc4\x7d\x7d\x3d\x84\xef\x43\x2c\xf1\x4f\x4c\x15\
\x3d\x87\x2d\x09\x6f\xbe\x57\x3e\xd4\x5d\xa1\xdc\x31\x83\x7f\x11\
\xba\xfc\x02\xab\x1e\x0b\xfa\xef\x2a\xf5\xc7\x80\xe5\x39\x3c\x70\
\x0a\x6f\xb1\x17\x67\xd0\x72\xcc\xe0\x46\x5d\x47\x1a\x29\xfe\xf1\
\xbb\x88\x1d\x23\x63\xc1\x35\x7e\x04\xb1\x23\xb0\x7f\xac\x9e\x89\
\xad\x41\xec\xf1\xd4\x58\xbf\x60\x73\x22\x83\xf0\x43\x86\xc4\xc3\
\x8a\xf6\xe2\xff\xb2\x7f\x99\xfd\x35\xe3\xab\xf0\x5f\xd1\x07\x8c\
\xf3\xeb\xd4\x6e\x6c\x11\xe6\x2a\xa7\x98\x59\x89\x5b\xe2\x0f\xb3\
\xd5\x1f\xfc\x9d\x5d\xcf\x7b\x8b\xe9\xc3\x3e\xad\x17\x60\xaf\x13\
\xc7\x13\x63\x3d\x55\x06\xb1\x15\xf6\x5a\x4c\x8d\x79\xaa\xc3\x56\
\xea\xc3\x7d\x0a\xda\xa9\x94\x3d\xbc\x2f\xc5\xb2\x6f\x85\xcc\x26\
\xae\x43\xfc\xab\xdc\x27\x48\x3c\xab\x39\xff\x59\xd1\xf6\x89\xaa\
\xb7\x1f\x33\x8f\xbf\x0b\x73\x18\xf8\xf4\x61\x2d\xb8\xe7\xe3\x53\
\x63\x9b\x2d\xd0\x33\x5f\xa1\xd8\x2c\x79\xe3\xd4\xa6\xc6\xba\x67\
\xc5\x94\x27\x84\xb2\xfb\x74\xff\x54\x0b\xef\x23\x51\x9d\xef\xb6\
\xde\x92\xaf\xcf\x28\xf1\xbf\x8b\xfa\xe9\x31\x9d\xfb\x84\xae\xfb\
\x80\x8e\x4b\xfc\xc3\x9b\xf0\x18\x73\x14\xb7\xa8\x4d\x8c\xe1\x4f\
\x43\xb9\x63\x09\xff\x8c\x0d\x72\xf1\xad\x36\x94\xef\x21\x30\xc8\
\x3a\x5b\xe2\x47\xcc\x97\x81\x7b\xdf\xdf\x77\x4c\x3d\xef\xfd\x26\
\xbe\x82\x7f\x75\xb1\xea\x3b\x52\xfc\x13\x9b\x45\x1e\x2f\xad\xe7\
\xfd\x36\xf8\x1f\xe8\x7f\xf6\x9a\x10\x9b\x3f\x4e\xcf\x63\xfd\xfd\
\x72\xd6\xdf\x55\xe8\x0e\x7c\xdd\x3b\xac\xf5\x0e\x8a\x4e\xed\x25\
\xe6\x85\xad\xc2\xde\xd4\xed\xaa\x6c\x85\x50\x26\xf8\x20\x0e\x8a\
\x5d\xf3\x51\xd5\xe7\x4c\xdd\x7f\x83\x69\xed\x61\x90\x01\xf8\x51\
\xcc\x6b\x33\xdf\x47\x4c\x9c\x79\x0b\xe6\x26\x1b\xb1\x4b\x6b\xf1\
\x1d\xf3\x5e\x73\x62\x1d\x95\x47\x79\xc4\xa0\x8f\xae\xc8\xc3\x66\
\x25\x26\x73\x97\xfa\x9a\x38\x36\x3e\xd3\x69\x5e\x07\x5d\xf7\x12\
\x3d\x1b\xde\x3d\x57\x75\x26\x96\x7a\xa3\x85\x75\x12\x96\xe3\x02\
\x4b\x62\x5f\x15\xb1\x8a\x93\x2c\xec\xc7\xb7\x3c\x57\x43\x9c\x66\
\xc9\xef\x7e\xf7\xbb\x66\x9b\xb5\x9e\x07\xbf\xed\x56\xb5\xf7\x4c\
\x8d\x1d\x31\xe4\xeb\x35\x1e\xc8\x2e\xf6\x7e\x20\x3f\x99\xa7\xb9\
\xc7\xf2\xda\x2e\xb7\xdd\x76\x56\xbb\x78\x57\x4c\xdb\x7a\x21\xcb\
\x76\xf8\x8f\xad\x3a\x31\x47\xc7\x1a\x07\x62\x41\x1f\x09\xfd\xbb\
\xca\x32\x66\xb0\xf1\x77\x51\x9f\xfc\xa3\x65\x5f\xd3\xf7\x5c\x7e\
\x48\x65\x94\xf8\x27\xdd\xa4\xf1\xc2\xe7\x64\x5e\x19\xbe\x8f\xfb\
\xfb\xc7\x12\xfe\x91\xbb\xe0\xe6\x80\x58\x67\x6b\x8d\x3b\xf3\x38\
\xd8\xe1\x0b\xf5\x97\x63\xe4\x3b\x3a\x79\x7b\x6b\xf1\x26\xba\x7f\
\x99\xea\x3b\x1a\xfd\x0f\xaf\x5e\x9a\xf4\x8a\xc7\xa4\xdf\x22\x62\
\x5d\x01\xb2\x89\x77\x81\xe0\xc7\xe2\x03\xb4\xad\x79\xd5\xf5\xe8\
\x13\x70\x39\x64\x1f\x59\x71\x1d\xfc\x4a\xec\xf7\xdb\x56\xe8\xd9\
\xa2\xdd\x8c\x3b\x18\xc3\x2f\xd9\x77\xed\xda\x75\x71\x3f\xc2\x76\
\xaa\x2f\xf1\xe4\xc3\xc3\x79\xea\xc5\xdc\xf2\x25\x89\x37\xb6\x91\
\x9f\x34\x43\xfd\xe4\xf7\x33\x87\x08\x7f\xce\xae\x68\x03\x7a\x1a\
\x5f\xe8\x6d\x1d\xf2\x56\xa7\x32\x91\x83\x53\x54\x07\xca\xde\x16\
\x3c\xea\x9a\x97\xaa\x5d\x9f\xb5\xf6\x7d\x56\x10\xf6\xdb\xc2\x10\
\xcf\x82\xff\x1b\x36\xb3\xe6\x54\xa2\x2d\x05\xdf\x63\x07\x23\x67\
\x1c\xeb\x33\xd4\xb6\x72\x1f\xe4\x22\x8d\x37\x7e\xe0\x36\x41\x7e\
\xf0\x9c\xf9\x96\x65\x79\x4d\xfd\x75\xad\x88\x44\x7c\xc9\xf7\x00\
\xfb\xbb\x4a\x8e\xf7\xfa\x90\x42\x59\x8b\xad\x7a\x2e\x80\xf9\x7a\
\xb0\xf9\x12\xf5\x45\x4d\xb6\x05\xfe\x2b\xfc\x7a\x8f\xfa\x01\x39\
\x83\x3d\xc4\xbb\x9d\xd0\xeb\xd0\x17\x54\xc6\xd5\x7a\xc6\x87\x43\
\xb9\xcd\x7d\x95\xf5\x7a\x63\xdc\x6e\x2c\x9e\x3b\x96\xf0\x4f\x1b\
\x88\xe1\x57\xf1\x23\x98\x42\x07\xa0\xfb\xd1\x07\xbc\xc7\x0b\x79\
\x8c\x4c\x07\xbf\x8e\xd5\x83\xd5\xe6\x41\xd5\x77\x34\xfe\x3f\xb6\
\xff\xe5\x1a\x1f\xca\xc4\xee\xa2\x2f\x98\x63\x3c\x59\xd7\xbf\x4a\
\xf5\xd9\x57\x63\x53\xf3\x77\x01\x89\x78\xfe\x69\x9d\xfa\x3e\x5c\
\xc7\x7a\x81\xbf\xac\x6b\xbd\x6b\x87\x6b\xa8\x0f\x18\x68\xea\xf8\
\xa7\x9f\x6e\x5b\xeb\x4a\x5c\x04\x9d\xc7\xfa\xfc\x99\xd6\xb2\x17\
\xd0\x33\x17\xfa\x3d\xe1\x7a\x27\x7c\xad\x1f\xa9\x7f\xca\xe7\x22\
\x47\x7f\x96\xda\x74\x54\xb4\x4b\xac\x85\xff\x47\xd3\xf9\xb7\x94\
\x65\x0a\x9f\xe0\x0d\x3e\xfd\x07\x2f\xbb\xea\xf9\x41\xc7\x13\x53\
\x59\x56\x71\xdd\xde\x2a\x83\xfd\x4f\x57\x06\xdb\x06\xfb\x8a\x75\
\x50\x4b\xc3\xb5\xc4\x16\x90\x81\x9f\xb6\xce\x6b\x34\x5d\xee\x81\
\x51\x74\xfc\xb1\xba\xde\xd7\x15\x4f\xd0\x78\xb0\xb6\xb8\xb1\x06\
\x32\xe2\x5f\x71\x1a\xe4\xdd\x75\x36\x34\xad\xd1\x38\xe1\x1b\xf6\
\x5b\xf6\x77\xe6\xeb\x18\x1b\x84\x35\xd7\x27\x28\x6f\x9e\xfe\x2e\
\x54\x59\xbf\x55\x19\x5f\x56\xde\x0d\xa1\x5c\x64\x0d\xf3\x00\xf8\
\x7c\x8b\x34\x5e\x31\x8d\x25\xfc\xa3\x53\x6f\xf7\xbe\x2f\x08\xfd\
\xc8\xba\x08\x6c\x03\xe4\x2c\xfc\xf9\xa2\x54\x47\xfc\xa9\xc3\x03\
\xdf\xbc\x56\x6d\x5e\xaa\xfa\x8e\x14\xff\xac\x8d\x25\xce\x8f\x0d\
\xe1\xeb\xfd\xf1\x83\xc1\x3d\xfe\xe4\xdb\x34\x0e\x8c\x13\xf6\x65\
\xdb\xfa\xe4\x40\x60\xeb\x5c\xf5\x63\xa7\xf6\x42\xe0\x84\xf5\x7c\
\x93\xaa\xca\xa9\xe7\x7d\x8b\xc4\x20\x58\xc3\xda\xfc\x3e\x49\x51\
\x06\xc4\x3c\xe8\x63\xd6\xda\xd3\x07\x46\xb0\xdf\x3f\x52\xd6\x21\
\xe8\x56\xf4\x24\x76\x7c\xdb\xfe\x61\x5d\x4f\x3f\xaf\x52\x9b\xcb\
\x7a\x3b\xfe\x17\x56\xe4\xb9\x7e\xa7\x2f\x07\x63\x1d\xe3\x35\x85\
\xbf\x7e\x8a\xb5\x6c\x66\x27\xfa\x9c\x39\x6e\xf4\x3c\x76\xca\x47\
\xc2\xf5\xf4\x09\x6b\x3b\x3e\x1a\xae\x1f\xb0\x6c\xbb\x1d\xd6\xe9\
\x99\x81\xd0\xc1\xcc\xe7\x9c\x58\x9c\xa7\xde\x3f\xd1\xf3\x86\x60\
\x26\x3c\x1f\x59\xf3\xb7\xd6\x9e\x88\xc7\x83\x55\xe6\x09\x7e\x13\
\x88\x63\xf0\x0d\xaf\xad\x29\xf2\xca\x3d\x85\x4f\xea\xfa\xb5\xc5\
\xf9\x27\x42\x39\xe5\x7e\xdc\xb1\x84\x7f\xf6\x84\xdf\x62\x59\x87\
\x35\xf7\xd3\x5b\x8b\x9f\x69\x0b\x7a\xf7\x78\xd5\x0d\xfe\x3b\x5a\
\xe7\xfc\xba\x43\x6d\xc3\xe3\x1f\x9b\x19\x99\x43\x2c\x06\x5c\xc3\
\xaf\xf0\xd9\x80\xe5\x78\x00\xef\x13\x29\xd7\xef\xe3\xeb\x76\x7c\
\x87\x5c\xb8\x0e\xfc\x63\x7f\x22\xfb\xe0\xab\xa9\x45\x39\xd4\xf5\
\x67\x3e\x8e\xc4\xbb\x3a\x94\xb5\x97\xda\xb6\x2c\xf4\x17\xf8\x6f\
\xf0\x72\x87\xb5\x7e\xf8\x4f\xeb\x83\xff\x36\xfd\x1f\xf0\x81\x0d\
\x0d\x7f\x1f\xdb\x8d\xf7\xc2\xbd\xf4\xe1\xb9\xa1\x0c\xfa\xf2\x0b\
\x1a\x0f\xfc\x3b\xd6\x57\x46\xf9\x50\x85\x7f\xe2\xf3\x0f\x5b\x9e\
\x2f\xea\x38\x97\x12\xae\x27\xf6\xce\x5a\x84\x29\xa1\xde\xe8\x59\
\x62\x6b\xcd\x3d\x90\x1d\xee\xad\x69\xfc\x7f\x61\x9b\x3f\x8d\x25\
\xfc\x63\x67\x83\x53\x6c\x7a\x7c\x21\x78\x02\xbd\x06\x06\x68\x1f\
\x32\x9b\x98\x3c\x7c\x75\x5c\xaa\x1f\xdf\xf3\x78\x7b\xa2\xbd\xc3\
\x18\x6e\x0c\xfc\xe3\x1b\xc2\xa3\xf8\x1d\xf8\x66\xc8\x01\x62\xef\
\x27\x8b\xf0\x5f\xe1\x3f\x62\x03\x1e\x87\xa0\xfc\xe5\x9d\xfa\xde\
\x5a\x7c\x84\x7f\xfc\x13\xb5\x0d\xfb\x06\x79\xc0\xfe\x03\xff\xfe\
\x10\x38\x44\xaf\x5d\x30\x4c\x59\xf0\xfd\x4f\x55\x8f\x4d\x81\x7f\
\xf4\x11\xb6\x32\x98\xf1\xef\xa9\xf9\x3e\x85\x01\xcb\xf8\xf7\x35\
\x2e\xdd\xc6\xdc\xe5\xc5\xd9\x7a\xee\xd6\x6a\xc3\xaf\xd4\xdf\xe4\
\xe3\xd3\x75\xc4\xbf\xe6\xc4\x88\x8b\x56\xbe\x83\x2c\xa6\xd0\xf6\
\xad\xc4\x63\xbe\xae\x93\xfe\xc2\xce\x5a\x61\xc5\xbb\xbf\xaa\xea\
\x2c\x7e\xa3\xed\x25\x3e\xca\x44\xfe\x9a\x40\x9d\xd6\x11\x91\x07\
\xb6\x88\x3f\x97\xf3\x8c\x94\x01\x0f\xfc\xbb\xfa\x3d\xda\x00\x63\
\x09\xff\xf0\x1c\x3c\xb5\xb3\x9e\x31\xdf\xb2\x0d\x49\x9c\x0d\xdb\
\x20\xe2\x1f\xb9\xd0\x6f\x59\x2f\xc7\x3d\xeb\x1b\x03\xff\xf0\xca\
\xdb\xf4\x5c\x62\xba\x7c\x3b\x08\xfc\x23\x07\xb0\x21\xe1\x47\x7c\
\x7d\x62\x54\xf0\x14\x58\x1c\xb0\x60\xff\x76\x68\xaf\xeb\x7f\xe2\
\x7a\xdb\xea\x39\xf8\x79\xc4\x8a\x2e\x17\x5f\xef\xa5\x3e\x1f\x4e\
\x96\xd0\xa6\x47\xc2\x78\x6f\x0a\xfc\x33\x1e\xd8\x5f\x8b\xd4\x37\
\x6e\x03\xf9\xfb\x39\x16\x96\xcf\x8e\x29\xd4\x83\x32\xce\x52\x7b\
\x19\x37\x30\x40\x6c\xdc\x63\xf2\xc4\x3d\x2e\x0c\x7d\x56\xa5\xff\
\xd9\x3f\x44\x6c\xbe\x2d\x76\xd4\x85\xd7\x6a\x1a\xd3\xf3\xf5\xdb\
\xf7\x5a\x36\xde\x6b\xc8\x7a\xca\x1e\xee\x67\xcc\x86\x7b\x57\x17\
\x72\x09\x1f\xf1\x70\xfd\xf5\xf5\xaa\x3f\x53\x3e\x7b\x80\x6e\x56\
\x3e\x63\x88\x0e\xc4\xaf\xfc\x57\xe5\x33\x3f\x43\xdc\x80\xef\xd6\
\xec\xad\xbe\xf7\x3e\x22\x8d\x25\xfc\xd3\xbe\x5b\x35\x86\x60\x9f\
\x71\xc7\xbf\x67\xdf\x0a\xf1\x6c\xf4\x23\x7e\x3f\xfc\x76\xa2\x08\
\xfe\x44\x26\x10\xd3\x99\x69\x1b\xd0\xff\x4f\xed\xdf\x5e\x6d\x9d\
\x63\xad\xb5\x06\x07\xe9\x2f\x6b\xfd\x99\x0f\x18\x50\x59\xc8\x21\
\x62\x02\xfb\xd4\xf3\x7e\x19\x62\x41\x95\x7e\x64\x68\xaf\xe3\x9f\
\x79\xe5\xf8\xed\x51\x74\xe9\xc3\x89\xd8\x1f\x07\xa6\xc0\x31\x7c\
\x36\xe4\x3b\x1f\x1a\x27\x88\xfe\x7a\x4c\x75\xe9\x15\xff\xeb\xeb\
\xff\xc7\x77\x80\x46\x7a\x85\xf8\xe4\x43\x55\xf5\x75\x0a\xf1\x52\
\xf0\xff\x61\xd5\xc7\xe7\x5f\x63\x3c\x04\x99\x7e\xe9\x30\xfe\x3f\
\x98\xf9\xb5\xb5\xde\xf7\x5c\xf9\xcc\xf6\xe7\x37\xde\x1d\xc5\x1c\
\xc0\x5c\xcb\x76\x18\x3e\x7d\x43\x86\x0d\xb7\x6e\x33\x94\x43\xcc\
\xe0\x1f\xad\x73\x5a\xaa\x67\xed\xa0\xf1\xf4\x3d\x86\xf0\x07\xfc\
\xc7\xba\x15\x7c\x3e\xec\x1e\xfc\xd8\x39\xca\x67\xfe\x01\xd9\xc0\
\xda\x52\xf8\x75\x5e\x1a\xb7\x37\x3d\xf1\xc4\x13\x8c\x15\x71\xcc\
\x9b\x54\xfe\x58\xc2\x3f\xb8\x67\x3e\xec\x65\x7a\x36\x73\xfb\xf8\
\xc5\x47\xd7\xf3\x77\xfb\x06\x2d\xcb\x04\x70\x0f\x7f\x82\x41\x62\
\x7f\xe8\x21\x6c\x31\xf4\xcd\x86\xc2\x3f\xf3\x51\xf8\x21\x60\x71\
\x49\x7a\xc6\xbb\x75\x1d\x72\x00\x3b\x1f\x3d\x0d\xb6\x16\xe8\xfc\
\x0b\x34\xdf\x73\xa0\xd6\x93\xc0\x9b\xef\xeb\xd4\xf7\xd6\xe2\x1f\
\x64\x3f\xef\x1f\x89\xf8\xe7\x19\xbf\x4e\xe5\xf8\x7e\x37\xf0\xd0\
\x7c\x37\x4d\x07\xc2\x5e\x79\x50\xf3\x4d\x1c\xc3\x6f\xdf\xb7\x96\
\x8d\x5c\xf5\x6c\x74\xec\x0f\x6d\xe8\xfc\x5c\xc4\xff\x9b\xfc\xfe\
\x90\x3f\xc4\xff\x2f\xf2\x99\xc7\x65\xed\xea\x5f\xb1\xee\xa6\x5c\
\x13\x54\x71\x3d\x63\x8b\x9e\x63\x4d\x3b\xf3\xf4\x65\x0c\xa4\xdf\
\xb2\x5d\xe5\xf1\x7b\x97\x6d\x1f\xf3\xb2\xa4\x1b\x1f\xb2\x16\xde\
\xa2\x6c\x1c\xf2\xdc\x70\x0e\x1b\x08\x7d\x4c\x5c\x1d\x3f\xa6\xa7\
\x35\xdb\x66\x6d\x73\x94\xe8\x23\x5f\xd3\x53\xa6\x65\xd6\x92\xe9\
\xd8\x17\xcc\x6f\x6d\x9d\x9e\xcf\xfa\x11\x64\xdd\x1f\x28\x1f\x3b\
\x04\x9b\xaa\x31\x4f\x58\xcf\x6b\xaf\xd8\x8f\x42\x4c\x91\xb9\x1f\
\x62\x80\xe9\x74\xfd\xe3\x7a\xae\xaf\x11\x18\x4b\xf8\x47\xae\x23\
\xef\xb0\xf5\xd1\x07\xd8\x4e\x60\x8d\xb5\x5f\xe8\x62\xf6\x8f\xa3\
\x73\xd0\xb5\x3e\xef\x8f\xde\xbb\x42\xfc\x81\x8f\xfc\x06\xdb\x70\
\xf8\x67\x5c\xb1\xe9\xd1\x11\xc8\x1c\x62\x3e\xc7\x89\xd0\x71\xac\
\x31\xf2\x6f\x05\xfa\xbc\x17\x76\x30\xfa\xc4\xdf\x4b\xde\x11\xff\
\x9a\xcf\x45\xaf\x83\xff\x89\x2a\x03\x1d\xcf\xfa\xb1\x87\xd2\xef\
\x3d\xc4\xa7\xc4\x05\x59\xef\x72\x73\x3d\xbf\xdb\xb8\xc9\xcf\xda\
\x33\x48\x3d\x59\x5f\x16\xd7\xdf\xcc\xd4\xb9\x21\x7e\x43\xb8\x1f\
\x7e\xff\xa9\xb5\xad\x4b\x6f\xf8\x20\xd4\x01\x9f\x1b\x7e\x5d\xa8\
\x7d\x7a\xbe\xfe\xda\xf1\xff\x9f\xe9\xdc\xa2\xbb\xef\xbe\xbb\x71\
\x5f\x91\x0f\x1d\xa2\xbe\x3f\xbf\xde\x7a\x67\xb2\xd3\xae\xf2\x9f\
\xdc\x9e\x01\xff\xf0\x37\xfb\x3e\xaa\xe6\x7e\x90\xf3\x37\x87\x3e\
\x42\xb6\xe1\xeb\x37\xde\x6d\x05\x1e\xb4\xf6\x07\x79\xf6\x03\x6b\
\xff\x4e\x88\xd3\x2b\xad\xf5\xbd\x92\xb8\x4e\x0a\x5e\xf8\x9e\xfa\
\x61\x2f\x2f\x6f\x04\x3c\x5b\x93\xbc\xbf\xd8\xaa\xbf\xbb\xe3\xf8\
\xbf\x48\xc7\x60\x7a\x47\xcd\x5d\x63\xaf\x9c\x61\x2d\x3d\x40\x42\
\x26\xec\x9d\xfa\x7c\xa6\xb5\xe3\x19\xd9\xc8\x3b\x39\x7d\x7e\xc7\
\xd7\x16\x8e\x25\xfc\xd3\x8f\xc8\x7f\xe2\x46\xe0\x1d\x2c\xb1\x56\
\xeb\xe2\x54\x97\x57\xaa\xed\xcc\x15\x47\x3b\x1c\x22\x1e\x0f\xde\
\xd0\x39\xc8\x06\xf8\x62\x7d\xf1\xff\x09\x95\xc3\x3c\x31\x3e\xff\
\x22\x95\x8d\xde\x1f\xb0\xbc\xfe\x8f\x31\x85\x37\xaf\x49\x75\x02\
\x2f\xe0\x08\x3f\x0e\x5f\xe4\xf3\x16\xde\x77\xd5\xa1\xbd\xf0\x3f\
\xfe\xce\xdf\xa5\xfb\x17\x5b\xfe\x76\x13\x72\x87\xf7\x81\x9d\xc1\
\x77\x7f\x82\x8e\xa1\xce\x37\xa8\xdc\x77\xea\xb9\x47\xab\x9d\x5f\
\x51\x1f\x34\xdf\x7d\x58\xcf\x6b\x21\x99\x0f\xbf\xb8\xac\x43\xd0\
\x7d\xd8\x2f\xd8\xff\x6e\x33\x1c\x65\xad\xb5\x73\xb7\x58\xf6\x51\
\xd1\x57\xd7\xe8\xd8\xd7\x3b\x1f\xa4\xbe\x42\x56\x5f\xa6\x31\xba\
\x51\xf5\x89\x98\x9b\x67\xad\x77\x7e\x22\x33\x7d\xce\x84\x71\xc2\
\x5f\xf7\x3d\x1e\xdc\xc7\xfe\xee\x17\x46\x5d\x1d\xfa\x89\x3e\xbd\
\x2d\x5c\x0f\x36\xc0\xec\xc7\x1f\x7a\xe8\xa1\xd8\x1e\x6c\xa8\xf7\
\xa8\x7c\xec\x1e\xe4\x0a\x72\x06\x39\xf7\x5d\xe5\x95\x72\x81\x31\
\x80\xe7\x6e\xb6\xf0\x7d\xc1\x11\xf2\x2d\x84\xdc\xfa\x0b\x1b\x9a\
\x1c\xff\xbe\xc6\x1f\x7b\xab\x0a\xff\xce\x9f\xf0\xdf\x5e\x69\xec\
\xf1\x77\x59\xfb\x83\xfe\x5f\x9e\xae\xdf\xaf\x9e\xdf\xff\x46\x7d\
\xb1\x03\x57\xea\xfa\x31\x81\xff\x30\x86\xc4\x79\xc1\xdb\xce\xc2\
\x14\x7c\xfe\xe1\x7a\x7e\x17\x29\xd8\x03\x93\x9c\x07\xb3\xc4\xfd\
\xd1\x25\xf0\xd5\x75\x1a\x73\xe4\xc1\x25\xfa\x4d\x82\x4f\xe0\x97\
\xcf\xea\x18\xbe\x85\xdf\xd1\xe7\xf8\x57\xe8\x1d\xf4\xf4\x1c\xcb\
\x3a\x00\xf9\x00\x0e\x91\x27\xb4\x1f\x3c\xf0\x6c\x7c\x7d\x6c\x38\
\x7c\xd1\x85\xba\x07\xdb\x0d\x59\x71\x8d\x9e\x8f\x0f\xfa\x2a\x95\
\x8f\x2e\xeb\x18\x8b\x56\x5b\xd1\x59\xd8\x3a\xf3\x45\xd4\x1d\x7f\
\x02\xf9\x31\x4e\xeb\x4d\x9a\x7b\x5c\xa5\x47\xc1\xde\xa9\xe2\x1b\
\xf8\x19\xec\xc4\xb5\xf1\x8e\x7f\xae\x7d\x0d\xfa\xed\xb7\xbf\xfd\
\xed\x90\x7d\xb3\x22\xd6\x92\xbf\x36\x5d\xb3\x8d\xee\xe1\xd8\xf7\
\x39\xd3\xef\xe0\xf7\x30\x1d\x73\xde\xe3\xac\xcc\x4d\x60\x03\xf4\
\x5b\xb6\xb7\x90\x8d\x60\x74\xc8\xb7\xd2\xe5\xef\x52\x06\xb6\x09\
\xef\x53\xa0\xce\xe8\xe7\x9d\xac\x65\xcf\x63\x2f\xed\x11\xef\x2b\
\xea\x0a\xb6\xf6\x0f\xdf\x5e\xf5\xb6\xed\x49\x9c\xae\xe2\xbd\x7f\
\xb3\x35\x46\x8c\x0d\x31\x85\x01\xf1\x4c\xdb\xbb\x19\xc3\xf5\xfb\
\x5b\x98\x43\x1e\x49\x2a\x9e\x4b\x6c\xea\x21\x6b\x4f\xa5\xfe\xc7\
\xcf\x18\x16\xff\xa9\x4d\xf4\x0f\xb2\xb9\x81\x6f\xcb\xfe\x1c\xed\
\xc0\xef\xc7\x86\x18\x53\xfb\xff\x8a\xb9\x63\xe6\x7f\x5e\x2c\xff\
\x12\x1e\x8c\x78\xbc\x48\xe7\x58\x8b\x87\x5e\x87\xef\xe0\x4d\x7f\
\x8f\x23\xe3\xcc\xde\x1b\x74\x12\x6b\xc7\x88\xad\xc3\x7b\xe8\x4d\
\xf4\x21\x72\x13\xbf\x7c\xb9\xf2\xef\xb5\xec\x47\xc2\x2b\xcc\xc3\
\x7f\x4b\xf7\x62\xf7\x13\x7b\xfc\x8c\x9e\x87\xaf\x01\xde\x91\x1b\
\xc4\x98\x96\xea\xd9\xd4\x89\xb9\x2b\x7f\x67\x00\x7d\x03\x5e\x3e\
\x5b\xd7\x9a\x9e\x4e\xfd\xdb\x2b\x55\xec\xa5\xeb\x7a\x6d\xf4\x79\
\xf9\x5b\xee\xb5\x2d\xef\x09\xb6\xf0\x88\xea\x65\x19\x4f\x03\x36\
\x54\xef\xb7\x95\xdd\x6b\x79\xc8\xb9\x18\xa7\x28\xeb\x5a\xf5\xfe\
\x02\xc7\xff\x48\xfb\xd4\xaf\xd7\x37\x98\x1b\x84\xdf\x3f\x9a\x3d\
\xc9\x45\x5b\xe1\xb5\xb8\x3e\xd8\xf1\xbf\x4c\xc7\xd8\xf0\xd3\x86\
\xc3\xbf\x65\xdd\x01\xce\x6f\x55\x3e\xf3\xcc\x71\xde\x6f\x4c\xe1\
\x3f\x8c\x0d\x3a\xe8\x4e\xfd\x25\x7e\x3c\x68\x59\xd7\xa2\x13\xfd\
\xbb\x3e\xf8\x79\xbe\x0f\xff\xf5\xca\x3f\x53\xe7\xb8\x0e\xdf\xf0\
\x9f\x55\x0e\xb6\x2c\x36\x03\x18\x5f\x22\xe2\xf7\x85\xfa\xcd\xdf\
\x8b\x75\xdd\x1d\x1a\x1f\xc6\x05\x7c\xcf\x56\x1d\xde\xad\x67\x62\
\x1f\x33\x27\x8d\x8c\x01\xef\xb3\x54\xf6\x89\xea\x13\xfa\x0b\x3f\
\x85\x38\x84\xc7\x75\x36\x58\x1f\x45\x4c\xc7\xf7\xf5\x6c\xe8\xb1\
\xe8\x96\xc2\x33\xd1\x99\xd8\xff\xd8\x5a\xdb\x75\xaa\x47\x18\xd7\
\x66\xbd\x23\xce\xac\x02\x97\x1b\xa8\x7e\xcd\xe7\x99\x59\xc7\xf7\
\x23\x47\xd9\x57\x95\xdf\x6b\xf2\xe7\xd5\xf3\x9a\xf1\xf8\xfd\xae\
\x41\xd5\x67\x3f\xf1\x89\xdb\x19\xc8\x4c\xe4\x84\xc7\x88\x23\xfe\
\x99\x53\x70\xfc\xe3\xcb\xe0\x97\xbc\x54\x65\x7d\x4c\xbc\xf8\x7d\
\x5d\x3f\x26\xf0\xef\xcf\xb4\x1c\x43\xf2\x6f\xf8\xf6\x5b\x8e\xeb\
\x83\x6d\xf4\xfb\x05\xa9\x4e\x3c\x1b\x5b\x00\x1d\x8c\xcf\x8b\x3d\
\xfe\x4e\x6b\x7d\xe7\x17\x99\x00\x8e\xaf\xd3\xdf\x5b\xf4\x1b\x8c\
\xe3\x07\x32\xef\x82\x3d\xf1\x5e\x95\x8d\x5c\xc6\x7e\xc7\x3e\xc0\
\xc7\xbc\x41\x74\x81\xe6\xa3\xf1\x1d\xf0\x35\xb0\x5b\x07\x2c\xc7\
\xb5\x90\x09\xc4\x02\xb0\xcb\x8e\x57\x1f\x33\x2f\x41\xbc\x02\x5b\
\xfc\x8b\xd6\x5a\x57\x32\x6c\xbb\xbb\xe9\xc8\x91\xea\xa3\x4e\xf7\
\xbb\xbc\xa8\x7a\xcf\x40\x99\x57\xf5\xcc\x98\xa7\xb2\xb1\xab\x89\
\x91\x4c\x8b\xcf\xaa\x2a\xa3\x3c\xef\xed\xad\x7a\x5f\x77\x2f\x75\
\xea\xd4\x57\xa3\x49\x65\x19\x55\xef\x30\xeb\x35\x85\x71\x8c\xeb\
\x83\x2f\x57\x1f\x4d\x17\xc1\x4f\x87\x87\x7c\xbe\x53\x3c\xcd\x5a\
\xef\xab\xf0\x39\x4c\x7c\x7c\xd6\x00\xe0\x8f\xf2\x5d\x0b\xd6\x1a\
\xe0\xf7\x10\x03\xc1\x37\xf8\x73\x5d\x3f\xd6\xf0\xef\xb6\x0e\x31\
\x23\x62\x72\xd8\x53\xfd\x3a\x37\x3f\xb5\x93\xbe\xc2\xce\xc7\x17\
\x27\x06\x87\xee\x8f\x6b\x6f\x91\x15\x97\xca\xcf\x04\x8f\xd8\xf4\
\xc4\x65\xc0\xfb\xa0\x65\xf9\x89\x4f\x40\xbc\x8a\x58\xc3\x59\x1a\
\x23\xe2\x04\xc8\x85\xc5\x96\xb1\x7e\x9b\xe6\x87\x29\x13\xf9\x8b\
\xce\xc7\x1f\x39\x44\xd7\xbb\xdc\xc1\x47\xc0\x5f\x61\xbe\x8c\x39\
\x9b\x37\x6a\x2c\x87\xfd\x0e\x40\x07\xdc\x23\x73\x9a\xfb\xfb\x78\
\x0f\x67\xd4\x95\x55\xf7\x74\xe8\xc3\x36\x3b\xb7\xbc\xaf\xdb\x3d\
\xe5\x35\x55\x73\x68\xf8\xe2\xf1\xdd\x85\xe5\x33\x22\xce\xcb\x7b\
\x8b\xba\x8c\xeb\x92\x57\x59\x27\x74\x39\xeb\xa0\xfd\x9c\xfb\x0d\
\xdd\xee\xeb\x95\x46\xfb\x3d\x77\xef\x47\xde\x47\xa2\xb2\xb0\x4b\
\xc1\x2e\x78\xc1\xef\x64\x8d\x00\xf8\x24\xfe\xc7\xfe\x42\x4f\xab\
\x2c\xfb\xa1\xbf\xd6\x31\x6b\xff\xb0\x5f\x89\x5b\xfb\x3e\x00\xe6\
\x16\xd9\x93\xc4\x7e\x88\x6f\x29\x6f\x8d\xf2\xc6\x22\xfe\xc1\x11\
\xdf\xd7\x6e\xbc\x53\xc2\x72\xac\x87\xd8\x13\xb6\x3d\xf6\x26\xf5\
\xc2\xfe\xee\x8f\xbc\x23\x7e\xc4\x9e\x22\xd6\x7b\x9b\xda\xee\xdf\
\x73\x3d\x5c\x79\xc8\x0b\x62\x34\xd8\x5b\xbe\x8e\xe8\x2c\x8d\x01\
\x76\x02\x3a\x8d\xf7\x50\xdf\xae\x7a\xc4\x7a\x21\x83\x2f\x57\x19\
\xd8\x27\xc8\x02\xec\x39\x6c\x8b\xa5\x9a\xbb\x23\x76\xd0\x8c\x33\
\xf7\xd8\x5e\xdf\xdf\xed\xef\xf3\x1d\xb4\x2c\x87\x1a\xcf\x8f\xef\
\xb8\x13\x9f\x33\x8f\xd5\x66\x5f\x14\xf5\xdc\x51\x7d\xd3\x17\xee\
\xa3\x2c\xff\xfe\x79\xa7\x3a\x10\x7f\xdc\xcf\x8a\xba\x87\x6b\x90\
\x79\xc8\x63\xec\xae\x93\x54\x47\xfe\x6e\xaf\x67\x60\xfb\x12\x8b\
\xe9\xe7\x5d\x48\x21\x16\x81\xcc\xc6\x86\x7a\x23\x31\x11\xbd\x5b\
\x18\x1f\xf7\x5c\x8d\x27\xf6\xd4\xeb\xeb\x61\x0f\x54\x98\xc3\x38\
\x41\xe3\xde\xac\x93\xe4\xcf\x44\x6b\xad\xc7\xf0\xfb\xfc\x5d\x4c\
\xac\xc1\xe8\x53\x5b\x18\xf7\xf8\x2d\x91\x97\xeb\x9e\x59\xd6\x3e\
\xae\xc8\xfe\x05\x16\xde\xf9\x31\x9a\x14\xbe\x5b\xd9\xa7\x76\xf5\
\xfa\xce\xa0\xd1\xa6\x31\x83\xff\xf0\x5c\xfe\xe2\x43\xe3\x9f\x33\
\x5e\xf0\x2d\xba\x9c\x39\x1a\xb0\x07\x66\x89\x3b\xa3\x77\xe7\x5a\
\x6b\x1c\xb1\xc7\x99\x3b\x07\xcb\xbc\xf7\xe2\x7e\xf5\x8f\xcb\x4d\
\xfc\xd5\xbb\x95\x07\x7d\x59\xc7\x7c\x53\x83\xfd\x75\xc4\x0c\xfc\
\xfb\x7a\xe4\xc5\xf9\x62\xf4\x14\xb6\x05\x76\x2f\xf6\x87\xaf\x6d\
\x87\xf7\x8f\x50\xbd\x88\xff\x22\xb7\x9a\x72\xa3\x87\xb6\x62\x5b\
\xb0\xd6\x81\xb9\x7a\xfc\x1a\x64\x12\x18\xc2\x37\xc1\x46\x71\xbf\
\x26\xd2\x05\x56\x7c\xbf\x27\xf8\xb0\xd8\x88\xc8\xa0\x6b\xe3\x3d\
\xe9\x3c\xfd\xc5\x9a\xfa\x63\x62\xbd\xc2\x35\xe0\x11\x5d\x84\xdc\
\x1c\xf2\x3e\x20\x5d\x43\x99\x3f\x4e\xc7\x1f\x4a\x44\xdc\xea\x5c\
\xd1\x4c\x3d\x9b\x38\x00\x6b\xe8\x6f\xd7\x7b\x7f\xfc\x3b\x4a\xc4\
\x42\xf0\x6b\xdf\x25\x7c\xb0\x3e\x88\x79\xd5\x15\xea\x3b\xe8\xd3\
\x6a\x73\x7c\x17\x0f\x73\x0c\xe8\x50\xdf\x07\x10\xeb\x8c\xac\xc1\
\xae\xfb\x46\xbd\x7d\x0f\xcf\x80\x65\xff\x8b\x39\x18\x64\x3f\x6b\
\x6a\x7c\xce\x9c\x76\xb1\xaf\x08\x5d\x1c\xdf\x45\x86\xbc\x04\x3b\
\xd7\xf7\x32\x6e\xbd\xf0\xb0\xb5\xe4\x8a\xef\xed\xdf\x58\x69\xcc\
\xe1\x5f\x84\xcc\xe7\x9b\xbf\xc8\xf0\x01\xcb\x7e\x3a\x7a\x1a\x3f\
\x7b\x91\x7e\xe3\x7b\xb3\x2f\x7c\xa6\xc6\x9f\x98\x0a\xba\x18\xfd\
\xc4\x1c\x3a\x3c\x05\xb6\xf1\x01\x58\x57\x05\x3f\x30\xa7\xea\x71\
\xbe\xfb\x74\xfe\x3b\x3a\x26\xd6\xca\x5c\x3a\xb1\x3f\xe6\x20\xe1\
\x47\xff\x46\xa5\xfb\xf9\xe8\x7b\x74\xd6\x99\xe8\x31\xe9\xb6\x53\
\xe4\x9f\x81\xc9\x73\xcc\x86\xf7\x21\x43\x4c\x1f\xbf\x82\x75\xfb\
\xe8\x8a\x36\x7b\xda\x32\x56\xab\xd6\xc3\xd1\xf6\x21\xdf\x75\xd3\
\xfb\x07\xcf\xd6\x98\x5d\x5b\xe4\xa3\xbb\xc1\xff\x91\x71\xec\x8a\
\x32\x19\x5b\x64\xa5\x7f\xef\xb3\x71\x4d\xc0\xd6\x55\xea\xcf\x6d\
\xeb\x85\xbd\x2d\xfc\x23\x7f\x91\xb3\x2b\xa4\x7f\x6b\x1a\xaf\x87\
\x2d\xcb\x6a\x5f\x07\x34\x59\xfd\x39\x23\x94\x81\xbf\x8b\xdd\x76\
\x70\x38\x87\x7f\xc7\x1a\xa4\xb6\x6f\x2a\x29\x86\x88\x9c\x40\x46\
\xb3\x6e\x20\xbe\x83\x69\x37\x9d\x5b\xa0\xf2\xc0\xbf\xaf\xc3\x22\
\xae\xc6\x5a\xba\xcb\xad\xbd\x6f\x90\xe1\xac\x27\xfe\x64\x7c\xce\
\x06\xe2\xe3\xe1\xd6\x07\x7b\x62\x2e\x9a\x58\xdf\xe7\x34\x4e\xd8\
\xf7\xf0\xe9\x5d\xca\x23\xa1\x23\x98\x8f\xba\x51\x7d\x4a\x1a\x53\
\xf8\xf7\x67\x0b\x1f\x60\x02\x4c\xf9\x3b\x40\x99\x23\xc6\x1e\x80\
\x0f\x79\xe7\x3f\x32\x62\xc0\x32\x16\x98\x63\x46\xee\x63\xbb\x13\
\xcf\x5b\xae\xeb\x39\x66\xce\x80\xf8\x01\xfa\xff\x08\x8d\x07\x3a\
\xd7\x75\x2c\xfc\x8e\x3d\xc0\xbc\xf4\x3c\x3d\x93\x75\x2b\xc4\x58\
\xde\xab\xfb\xd9\x0f\x70\xb4\x9e\xcb\xb3\xe0\x21\xec\xfc\xf9\x96\
\xf9\x94\xbf\xf0\x63\x73\x2e\xbe\x5b\xf2\xf7\xdc\x58\xeb\xdb\x59\
\xcd\xb9\xf3\xc0\xcb\xe8\x49\xe6\x7b\x23\x26\x20\x6c\xf0\xa5\xf1\
\x7a\xf5\x17\x76\x2d\xeb\xc4\x88\x0d\x5f\x52\xdc\x83\x5d\xcc\x7a\
\x9e\xc3\x63\x9c\xdb\x5a\x7a\x0a\x19\x49\x0c\x14\x1b\xe7\xfd\x65\
\x1b\x74\x8c\x6c\x05\xff\xd3\x8b\x7a\x46\x9d\x4c\x3f\xde\xa0\x63\
\x7c\xb7\x6f\x8a\x9a\xf6\x36\xfe\x4c\x92\x9d\xe3\x8a\x7b\xa9\xc3\
\xb7\xac\xfd\xdb\xe2\xc4\x54\x58\x93\x71\x8c\x3f\x8f\xa4\xf6\x8e\
\xd7\x78\xdf\x85\xdf\x55\xc4\x14\xf1\xa3\xb0\x4b\x90\x29\xac\x19\
\x71\xfb\x1f\xd9\xf8\x0b\x0b\xbe\x93\x08\xbb\x85\x78\xdc\x65\xd6\
\x83\xec\xee\x95\x87\x03\x21\x7f\x3a\xad\x0f\xf6\xf4\x58\x3d\xaf\
\xf7\x46\xd6\x23\x8b\x1e\xae\xe7\xf7\xcc\x62\x83\x22\xc3\x90\x01\
\x27\xab\x3c\xda\xf3\x67\xba\x6f\x4c\xe2\x3f\xf0\x0f\x73\xf9\xc4\
\xdd\x66\xd7\xf3\x37\xaf\xc0\xe6\xd5\x6a\x97\xaf\x05\x18\xb0\x8c\
\x55\x7c\x77\xe4\x03\x6b\x64\xb0\xd3\x6f\x52\x1e\xf6\x3a\xfa\xe6\
\x6c\xd9\xa8\x9f\x14\x0f\xf4\x5b\x8e\x07\x12\xab\x39\x5d\xbf\x29\
\x1f\x1c\xed\xa9\xfe\xc6\xc6\xe4\x5b\x35\xc8\x88\x45\xe2\x11\xec\
\x51\xd6\x97\x80\x79\x78\x14\xcc\xdf\xa1\xfb\x9a\x98\xec\xb1\x8d\
\xac\x33\xf8\x6b\xab\x7e\xcf\x26\xb4\x2c\x96\x2b\xc2\x1f\x3a\xdf\
\x9f\xa3\x73\xb4\x61\x95\x65\x19\x44\x3d\x2f\xf4\xf2\x74\x1d\x32\
\x0a\x3b\xe3\xb0\x78\x5e\x34\x4f\x79\xc8\x37\xe6\x5d\xb1\x39\x7c\
\x1f\x73\xbc\x16\x99\x03\x4e\x3a\xe1\x7f\xa2\xfa\x8b\xfb\x91\x05\
\xc8\xe1\x7f\xb1\x80\x37\x7d\x87\xa4\x2a\x66\xf7\x3a\xd5\xa1\xf9\
\xfd\xd1\x44\xf8\x3e\xc4\x6a\x1a\xeb\xab\x8b\x39\x43\xe4\xc7\x17\
\xc4\x1f\xcd\x7d\x51\x7e\x5f\xa2\x15\xb2\xcd\xfc\x7a\xea\xfc\x6d\
\xcb\xfe\x59\xf9\x1d\x30\x64\x0f\xb6\xc2\x90\xb5\x92\x1b\x82\x8f\
\xeb\xad\xf5\xc1\xf1\x3b\x5e\x65\xea\x86\x7f\x6c\x81\x6f\xd7\xf3\
\x7e\xb4\xe7\x05\xfe\x83\x7e\x04\xf3\xd8\x45\xe8\x72\xe6\xe1\xd1\
\xc7\xc4\xed\xd1\x89\x60\x14\xdd\x00\x0e\xd1\xdd\xbc\xcf\xe1\xed\
\xe9\x5e\x78\xcf\xd7\x11\x5c\xa7\xbe\x7a\x87\xee\x87\x27\x91\x05\
\x7f\xa8\xe3\x13\x34\x36\xf0\x11\xf6\x81\xef\x9f\xa3\x8d\xd8\x15\
\xd8\xf3\xfd\x96\x63\x72\xc8\x0e\xec\xe7\x3b\x74\x8e\x67\x4e\x56\
\x7d\xae\x89\x7e\x68\x2f\x6d\x14\xb1\x2e\x11\xd9\x35\x25\xde\x17\
\xd6\xa5\x60\x03\xb5\xbd\x67\xd8\x32\xbe\xa3\x9e\x64\xcd\x01\x7e\
\x0d\xfa\x13\x3b\x02\xac\x7f\xcc\x6c\x78\xfc\xcb\x4e\x47\x6e\x36\
\xde\x79\x25\x1f\x02\x19\x77\x44\xe4\x1b\xfd\xa6\xcc\x7b\xf4\x0c\
\xd6\xb0\xb0\x1e\x23\x62\x6c\xa2\xda\x02\x2e\xb1\xaf\x1e\x55\x1f\
\x47\x2c\x94\x32\x03\x1e\x27\x3e\xc0\x5c\xd7\xc3\xa6\xf9\xf1\xd1\
\xe0\x9f\xa4\xb9\x42\xea\x81\x1c\x8f\xdf\x06\x85\x8f\x7e\x65\xe1\
\xdb\x86\xa1\xac\x8d\x82\xff\x62\x9c\xe9\x2b\xe6\x9d\x3a\xa5\x4e\
\xf8\x67\x6c\xc1\x1c\x3e\x26\xdf\x00\xd9\x41\xbc\x32\x66\xf1\x4f\
\xf2\x78\x16\x6b\xe0\xc5\x4b\xe0\x64\x57\x8d\x1f\xfc\x0f\x6f\x9c\
\xae\x63\xfe\xe2\xaf\xf3\x3d\xb9\xf3\x35\xf6\xf0\x2f\x3e\x2d\x36\
\xc0\x9e\xd2\x37\x8c\x33\x7e\x28\xb6\xfd\x5d\xe2\x2f\xda\x8a\x5c\
\xc5\xee\xc5\x17\xc0\x76\x00\x5b\xfe\x1e\x62\xbe\x25\x8c\xff\x71\
\x5e\xe0\x9d\x85\xaa\xcf\xdb\x75\x8e\x98\xc1\xdc\x91\xf4\x73\x98\
\xfb\xbe\x46\x63\x39\x39\xde\x1b\xf8\x06\xfc\x9f\x66\xed\x98\x01\
\x0f\xbe\xbe\x08\x1f\x08\x9d\xfc\x3d\x1f\x17\xb5\x21\xbe\x2f\x77\
\x08\xfe\xad\x85\xb1\xdd\xc5\x37\x83\x45\xf9\xf0\x4d\x13\x57\x3a\
\x8f\x4d\xf1\x6f\xea\x53\x08\x5d\x8a\x9d\xe5\xbe\x3e\xb8\x23\x9e\
\xfa\x7d\xf5\xcf\x57\xd4\x8f\x8c\x45\x8c\xeb\x41\xbe\x47\xda\xe7\
\xc3\xbe\xce\x75\xcc\xe1\x84\x79\x83\x11\xe3\xbf\xd0\x1b\xc8\xb1\
\x09\x92\x69\xd4\x87\xb8\xae\xcf\xe9\xc6\xb2\x36\x1a\xfe\x8b\x35\
\x0e\x55\xeb\x83\x3d\x75\xc2\xff\x81\xea\x47\xec\x17\x62\xb8\x0b\
\xd4\xcf\x63\x1a\xff\xa4\xa0\x2b\x18\x1f\x5f\xc3\x33\x59\xbc\x43\
\xfc\x99\xf9\x01\x64\x03\x76\xe9\xfb\xd4\x47\xc4\xce\xdd\xfe\x25\
\x06\x06\x7e\xc0\xc3\xae\xa9\x8f\x88\x4f\x21\x43\xb0\xff\x99\x6f\
\xa2\x1f\x89\x41\x11\xa3\xc1\x0e\x60\xef\x0d\xba\x10\xbc\xa1\xdb\
\xd1\xbb\xd8\xb2\xbc\x73\x94\xb2\x2f\xd1\x18\x60\x73\xa0\xa7\xe0\
\x5f\x64\xfa\xa1\xde\xc7\xdd\xbe\xc1\x15\x53\xe0\x8b\xcb\xad\x02\
\xff\x24\xe5\x9f\x6b\x61\x1f\xb1\x08\x1b\xe4\x03\xf5\xfc\x8e\x6f\
\xf4\x2d\x36\x76\xfc\x36\xe6\x21\xea\xab\x38\x3f\x30\x04\xff\x22\
\xec\x1d\xf6\x44\xbc\xda\xaf\xaf\xe7\x75\x0f\xc4\x42\xcb\xfd\xc6\
\xc8\x14\xd6\x4b\x33\x17\x4b\x9c\x0d\x1b\x2b\xbe\xcb\xdf\xf5\xff\
\x4d\xc4\xe7\x14\xe7\x07\xbb\x7f\x6f\x43\x6d\x18\xe6\x70\x56\xab\
\xff\x8e\x94\x5f\x56\x7e\xe7\x6c\x54\xfa\x5f\xf9\xdb\x69\xfc\x99\
\xd7\x60\x1d\xc9\x8f\xad\x78\xc7\x78\x28\x6b\xa3\xe1\xdf\x9f\x11\
\x78\x99\x79\xc6\xaa\x77\x00\x55\xe1\xff\x85\xaa\x3f\x7e\x19\x73\
\x9c\x77\x68\xbc\x26\xd8\xf3\x00\xff\x5e\x0f\xd1\x2c\xf1\x24\xb8\
\x06\x8b\x0b\xc4\x17\xf8\xbd\x17\x49\xb7\x73\x0d\xfe\x34\x36\x13\
\x18\x38\x58\x7c\x46\x2c\x90\x98\x21\xf8\xbe\x54\x04\x96\xc1\xde\
\x95\x22\xec\x07\x70\xcd\xdc\x31\x65\xa2\x3b\x90\xbf\xe0\xe2\x52\
\x61\xad\xb1\xae\xdf\xb2\x3c\xa1\xfc\xbb\x2d\xc4\xa6\x46\xd2\x27\
\x81\x4f\xa9\x13\x3e\x73\xa7\xf7\xff\xb2\x66\xf1\x9c\x82\x87\x16\
\xa8\x0d\xb7\x58\x8e\xe9\x95\xeb\xef\x91\x47\xc8\xb1\x38\xff\xef\
\xf8\x7f\xbd\x97\x55\xcf\xef\x1c\x66\xde\x93\x6f\x9e\x6e\xed\x36\
\x97\xee\xf1\x39\x90\x58\xee\x32\xcb\xb6\xc6\xb4\xe2\xbc\x97\x07\
\x8f\x82\xe7\xcf\x14\x76\x3e\x75\x41\x06\xf8\x3a\x81\x71\xd6\x7a\
\x5f\xf1\xce\x45\x19\x91\xc0\xff\x4f\xbc\x7d\x1e\x53\xb1\x2e\xf8\
\x2f\x78\x86\x79\x20\xf4\x04\x76\xe0\xc3\xd6\x79\x6d\xc3\x46\xc5\
\x3f\x29\xf4\x07\xba\x2b\xae\x0f\xf6\x54\x85\x7f\xe4\x16\x7d\xea\
\xeb\x43\x58\x23\x84\x1c\x7d\x3e\xe2\x1f\xda\x5d\x7c\xc3\x38\xb1\
\x3f\x90\xd8\x08\xba\xfc\x90\x35\x6b\xd6\xc0\xeb\x27\x69\xcc\xe1\
\x07\xfc\x7d\x74\x14\xfe\x27\x36\x14\x98\xa5\x7f\xe1\x29\xdf\x0b\
\x8e\x0e\x47\x86\xcc\x54\xd9\xf4\x6d\xbf\x65\xbc\x21\x1b\xfc\xfb\
\x1d\x94\x39\x68\x39\x96\x88\x3c\xc6\x9e\x05\xb3\xc7\x59\xe0\xdb\
\x91\xa4\x80\x7f\xea\xcf\x9c\xdb\x36\x65\x9f\x5a\x0b\xff\xf1\x3d\
\x37\x10\xb6\xc9\xc3\x96\xe7\xd4\x07\xf8\x2e\x6e\x81\xb7\xf9\x89\
\xae\x17\xce\xfc\x1c\xf3\x70\xc4\xbe\xdf\x18\xce\x1d\xa4\x73\xef\
\x2f\xca\xaf\xa9\x1f\x88\x25\x6e\x1f\xce\x21\x13\x89\xff\x77\xc2\
\xff\x56\xe2\xc7\x9b\x8a\x7c\xfa\xee\x87\x29\x7f\x37\x5d\xe7\xf8\
\xbf\x3e\xc6\xed\xeb\x79\x1f\x62\xfc\x46\x31\xe3\xc4\x7c\xdd\x5b\
\xfd\x5c\x51\x2e\xf8\xbf\xf3\x59\x7d\xef\xb7\x82\x76\x53\x5d\xc0\
\xc5\x0a\x6b\xbd\x3f\xa0\x2c\x8b\xbe\x47\x16\x7d\xbc\xaa\x9c\x8d\
\xc0\xcb\xb3\xd5\x8f\x31\x55\xe2\x5f\x73\x1d\xe0\xdd\xf7\x07\xf8\
\x3e\xef\xe7\x05\xfe\xbd\x2e\x81\xcf\x68\x27\xf2\x93\xfd\x75\xd8\
\xed\x10\xba\x98\x39\x02\x74\x22\xf6\x28\xfc\x85\x3d\x8f\x1f\x8f\
\x6e\x67\x9f\xe0\x12\x2b\xbe\x2b\xa4\xf8\x30\xf3\x7a\xf0\x09\x76\
\xbd\xc7\xaa\xf0\x69\xb1\x33\xce\x11\xaf\x92\x8f\x6c\x40\x4e\xe0\
\x1b\x80\xfd\x37\xdb\x7a\xf0\x48\xe0\xbf\x4f\x59\xd0\xa9\x9e\x9e\
\x7a\xaa\x59\x36\xf1\x8c\x72\xbe\x1a\xfd\x8f\x2e\xc0\xf7\x19\xef\
\xf3\x7f\xa1\x5c\x30\x0e\x36\xe2\xbc\x38\x76\x3f\x73\x50\xfe\xae\
\x7b\xff\x4e\x29\xf6\x43\xf3\xfd\x89\xe1\x7a\x6c\x2c\x6c\xf9\x45\
\xe1\xb9\xc4\x2a\x58\x53\xb5\x8f\xfa\x84\x98\x2c\xfb\x52\x26\x09\
\x53\xdb\xaa\x2d\x77\xaa\x3d\x1c\x63\x77\xe0\x77\xff\x31\xef\xce\
\x0f\x72\xef\x14\xf1\xee\x8b\x74\x4c\x1c\x83\x6f\xee\xc4\xb5\x0e\
\xc8\x2c\x64\xdc\x89\xaa\x1b\xfe\x1b\xb2\x6d\x5e\xfa\x4d\xde\xdf\
\x24\xfa\x4e\x3d\x7f\xaf\xdd\xf7\x2a\x6f\x53\xf4\x15\xb2\x73\x4d\
\x1c\x2f\xd5\x75\xfb\x44\x87\x0b\x73\xd8\x44\xcc\xad\xdf\x61\xad\
\xb9\x5c\xca\x6c\x5b\x07\xb5\x21\x52\xa8\x17\xfc\x16\xdf\x1f\xfc\
\x98\xda\x41\xfd\x1d\xff\xde\x37\xcc\x9f\xfc\x52\xd7\xbd\x53\xdf\
\xa5\x79\xde\xe0\x9f\x54\xc8\x6c\x7c\x3b\xd6\xc0\xfd\xa9\xc6\x15\
\x9f\x1e\x5c\xe2\x07\xbc\x5c\x76\x28\xb1\xb9\xcf\x88\x57\x39\x5e\
\x2a\x9e\x8d\xe5\x80\x01\xfc\x6b\xb0\x8d\x0e\x3c\x5f\x79\x7c\xf3\
\x82\x63\xe4\x89\xdb\x8c\xf0\x3a\xba\x9a\x39\x82\xf8\xbe\xf1\x51\
\xb5\x27\xdc\x0f\xbe\x59\xd7\x38\x3d\x96\x15\xf2\xf1\x17\xcb\xb5\
\x41\x6f\x50\x7b\xb6\x2a\xeb\xa0\xfa\xc3\x47\x97\x15\x78\xc3\x17\
\xc2\xce\x70\xff\x7f\xba\x9e\x0b\xa6\x1b\x73\x0f\x15\x7b\xf2\xb0\
\xff\x91\x31\xfe\x1e\x12\xfa\x7c\xa5\x65\xf9\x0b\x21\x63\xf0\x87\
\xfc\x9d\x3d\xe0\x1d\x3d\x45\x5c\x90\x58\x01\xf6\x02\x73\xf4\x57\
\xab\xff\xa2\xdd\x03\x96\x89\x61\x22\xff\x88\xad\xb2\xde\xfa\x5a\
\x6b\x7f\xef\x3b\xfa\xff\xeb\xd6\xc2\x2e\xeb\xf4\xae\xd3\xb5\xc4\
\x6a\x6f\x13\xdd\xa8\x73\x94\x55\x7e\x5b\x90\xf1\xbb\x81\xb8\x79\
\x88\x85\xf8\x78\xae\xb0\x6c\x87\x70\xbf\xef\x15\xbb\x49\xed\x62\
\x6e\x79\x88\x4d\xb6\xbe\x29\xd4\xcb\x79\x8f\xf7\xcf\x90\x78\x0f\
\xc5\xe7\xea\xf9\x5d\x76\xc8\x64\x62\xa2\xcc\x29\x5d\xa8\x3e\xf0\
\xf4\x95\x7a\xfe\x56\x8a\x7f\x07\x64\x38\xfc\x0f\x59\x27\xd6\x2b\
\xa5\xe7\xa0\x2f\x9f\x13\xf8\xf7\xbe\x0b\xd8\x45\x06\x12\x07\x83\
\xd7\x7c\xde\x9f\xf7\x2b\xee\xa9\x3d\x18\xac\xf5\x40\x77\xe1\xd7\
\x62\x6f\xb5\xe1\x25\x10\x7a\x08\x8c\xa1\x63\xe1\xd9\x83\x75\xee\
\x60\xf1\xc8\x1c\xcb\xb2\x05\x5f\xff\x63\xf5\xd6\x9e\xa0\xf5\xb2\
\x0d\xb9\xf7\xde\x7b\xef\xad\xc9\xef\x9e\xca\x3c\x47\x7c\xef\x5c\
\x78\x37\xe6\x94\x8a\x7a\xfb\xfb\x22\x87\xd4\x43\x76\xf4\xc4\x67\
\xf3\x37\xbf\xfa\x42\x7f\xa1\xcb\x90\x9b\x93\xea\xad\xf5\x33\xdb\
\x59\x85\x0c\x09\xe5\x4e\xb6\xf0\x1d\x4c\xea\x59\xcf\x73\xd0\xe8\
\xf6\x69\xd2\xa1\xdb\x5b\x6b\xfe\x7d\x9c\xe2\x78\xe4\xcf\xc0\x56\
\x53\x7e\xb9\xd6\xa7\x89\x01\x8d\x0d\xf2\x74\x6f\x8f\x41\xf8\x1e\
\xe1\x44\x13\x55\x9e\xbf\x1b\x91\x7a\x4c\xb2\x96\x4f\x3c\x41\x34\
\x31\x9c\x8f\xdf\xec\x84\x88\x43\xce\xe0\x1d\x66\x8f\x3f\xfe\x44\
\x3c\x3f\x6e\x98\xb2\x26\xda\x7a\xee\x05\xe8\x36\xf6\xd6\xd2\x63\
\x5f\xb4\xf5\x4b\xc3\xe1\x1f\xd9\x3b\x63\x14\xc4\xb7\x61\x07\xec\
\x39\x84\xff\xa2\xef\x9c\x68\x37\x3a\x0a\x7c\x22\xb3\xd1\x19\x53\
\xe4\x27\xc0\x97\xd8\x77\xf8\x01\xc4\x00\xb1\x55\x1b\xf3\x50\x61\
\x9e\x88\xf8\x1d\xf2\x94\xf9\x3f\x62\x00\xe8\x8b\x3d\xf4\x1b\x39\
\x40\x7c\x09\x3d\x49\x4c\xad\x8d\x8f\xd7\xb7\x1d\x0f\x3e\xf8\x60\
\x9c\xe7\xac\x75\xc0\xff\xb0\x14\x53\xc5\x3e\xdd\x2a\xb9\x3e\xe4\
\x5d\x1a\xb1\x9c\x6e\xf7\xc5\x7b\x2a\xfc\xe8\xb6\x73\x55\xf9\x65\
\xf9\x65\x79\x71\xbf\xbe\xbf\x27\xa0\xd7\x7e\xe8\xf4\x9c\x18\x53\
\xec\xd6\xbe\x5e\xfa\x77\x43\xa5\x50\x3e\xfe\xeb\xfd\x36\xfa\x34\
\x1c\xfe\xb1\x25\xee\x19\x05\xb1\x7e\x3e\xbe\x67\xc8\xd3\x66\xc5\
\x7f\x45\xff\x39\x81\x6d\xec\x53\xd6\x0a\xb1\x8e\x15\x9d\xbd\xaf\
\x7c\x7b\x64\x02\x36\xfd\xeb\xca\xfb\xea\x79\xfe\x1b\x9f\x01\xdb\
\xd2\xf7\xef\x5e\xac\x72\xb0\x6d\x17\xc8\xef\x6c\xde\x33\x9a\x77\
\xc4\x6c\x49\x5b\x52\x4c\x6e\xe3\x88\xa7\xb0\xb3\x1f\x1d\x05\xf6\
\x49\xc3\xe1\x7f\x43\xa7\xe7\x04\xfe\x3d\x99\x0d\x89\x0b\xd3\x0f\
\xc4\x2d\xb0\x7b\x88\x5f\xb3\xd6\x07\xbf\x9d\x98\x3e\xfa\x1c\x7d\
\x8f\xdf\x40\xdc\x9f\x18\x01\xeb\x09\xd1\xff\xc8\x0c\x7c\x09\xfc\
\x41\xd6\x09\xef\x5f\x0f\xfb\x51\x7d\x0f\xee\x96\xb4\x25\x6d\xa8\
\x54\xf8\x66\xd7\x8c\x12\x8f\xcf\x6b\xfc\x93\x3a\xbc\x1f\x0f\x5b\
\x9d\x3e\x41\xe7\xb3\x3e\x90\x58\xd4\x0a\xcb\xf2\xe0\x4e\x11\x31\
\x1f\x62\x46\xf8\x0f\xc8\x05\x6c\xb1\xad\xbd\xac\x58\xde\x96\xf4\
\xfc\x4e\x89\x07\x96\xf1\x97\x40\x84\xe5\xe3\x32\x35\xf3\xf1\xe2\
\x06\xbb\xe4\xaf\x4e\x7f\xe7\x74\xc9\x5f\xd5\xf8\xbb\xba\xaf\xd6\
\xcf\x95\xb5\xdd\xa6\xd7\x6a\x7d\x31\x9f\x1f\xe3\x29\xa5\x7f\x55\
\x23\xbf\x56\x91\xdf\xd7\xca\x9f\x55\xe4\xcb\x09\x6a\xe6\x4f\x2f\
\xf2\xb3\x13\x3a\xd8\xcc\xaf\x55\xe6\xf7\xaf\x9e\x3b\xd9\x56\xa6\
\xa7\xa7\xc7\xcf\xaf\x8d\xf7\x0b\x53\x7e\xfe\x40\xe5\x9c\x75\x73\
\x6b\x83\x2b\x73\xed\xd6\xb5\xe5\xaf\x56\xfe\x01\xb5\xc1\x65\x9e\
\x3f\xb9\xcc\x9f\x3e\xad\x63\xfe\x2a\x2a\x5c\x6b\xe4\xd7\x2a\xf3\
\xe7\xa6\xbf\x53\x27\x53\xff\x5a\x6d\xc2\x6e\xb9\xb4\x9a\x1a\x95\
\xf2\x57\xe6\x0b\x87\xc9\x1f\x9f\xf3\xa7\x0e\xcd\x5f\xd6\xca\x1f\
\x4f\xfe\x84\xd4\xc5\x73\xba\xe4\x4f\x9d\x5e\x95\xdf\xc7\xf8\x8e\
\x5f\x96\xba\x6f\xb7\x59\xb5\xdd\xfa\x43\x7e\xab\xc7\x49\x8d\xa9\
\x1e\x3f\x19\xf3\x57\xcf\xab\xcd\xad\x2d\x6e\xf4\xf0\xb2\x5a\x5f\
\x45\xfe\xa1\xe9\x7f\xf2\x1b\xe3\x3f\x24\xbf\xd6\xcc\x9f\x5e\xe4\
\x8f\x6b\xfc\x5c\xb9\xfa\x60\xe5\xd7\x8a\xfc\x49\xba\xbf\x53\xbe\
\x97\x5f\x9b\x52\x5b\x9c\xf2\xe7\xd7\x6a\xe3\x6a\xe3\x97\x55\xe4\
\xcf\x6e\xe4\x27\x76\x99\xbc\xb2\x7b\xfe\xb4\x95\x93\x57\x76\xcd\
\x5f\x35\x79\x55\x45\xfe\xd4\x46\x7e\xba\x73\x52\x63\xb4\x87\xe4\
\xa7\xea\xeb\x77\x6d\xda\x70\xf9\xeb\x3a\xe7\x4f\x20\xff\x99\x32\
\xbf\xaf\x99\x3f\xb5\x56\x9b\x32\xa7\x4b\x7e\x1a\xbf\x29\x73\xea\
\x43\xf2\xb3\x51\xba\xf2\xd0\x09\xfd\xe9\xbf\x7e\x6b\xe5\xe7\xae\
\xea\xab\xf7\xd9\x77\xb6\x9b\x96\xda\x76\xc0\xe2\xc1\x67\xa6\xe5\
\xb3\x31\x7f\x5d\x6d\xf9\xca\xed\x1a\x63\x35\x37\xd5\x6f\x48\xfe\
\xf8\x75\x69\xd0\xa6\xb6\xf2\x57\x36\xf3\x57\x7a\x7e\x2d\xe6\xaf\
\x2a\xf2\x1b\x3d\x3a\x75\x5c\x33\x7f\x75\x33\x7f\x55\xc8\x1f\xdf\
\x25\xff\x80\xda\xb8\x29\x7d\x39\x7f\xc2\xb4\x2c\x35\x42\xfe\xb4\
\x90\x3f\x3f\xe5\x3f\xd3\xcc\x97\xfc\x48\xf9\xe2\xbb\x22\x5f\xf2\
\xa7\xc1\x9f\xb5\x9c\x3f\x75\x5a\x96\x7a\x8d\x7c\x97\x5f\xad\xfc\
\xc5\x29\xdf\x8a\xfc\xc1\x56\xbe\x46\xc3\xf3\x5d\x7e\x1e\x00\x6b\
\xb7\xf2\x57\x7a\xbe\xe5\x13\x29\x7f\x25\x4d\x8f\xf9\x6d\xf2\x9b\
\xfc\xc5\x8d\x93\x53\xe6\xf6\x35\xbb\xc5\xf2\x95\x49\xfe\x1f\xd0\
\xd7\xc8\x9f\xab\xfc\xd5\xcd\x7c\x7e\x4d\x1b\xa2\x3e\x5a\xf9\x34\
\xa0\x7f\x48\xfe\xba\x66\x3e\x0d\x28\x73\xff\x0b\x65\xe5\x5b\xf4\
\
\x00\x00\x48\x5d\
\x89\
\x50\x4e\x47\x0d\x0a\x1a\x0a\x00\x00\x00\x0d\x49\x48\x44\x52\x00\
\x00\x02\x54\x00\x00\x00\x7f\x08\x03\x00\x00\x00\x1e\xb2\xac\xc7\
\x00\x00\x00\x01\x73\x52\x47\x42\x01\xd9\xc9\x2c\x7f\x00\x00\x02\
\x55\x50\x4c\x54\x45\x00\x00\x00\xff\xff\xff\xfd\xfd\xfd\xff\xff\
\xff\xff\xff\xff\xff\xff\xff\xff\xff\xff\xfe\xfe\xfe\xfd\xfd\xfd\
\xff\xff\xff\xff\xff\xff\xff\xff\xff\xff\xff\xff\xff\xff\xff\xff\
\xfe\xfe\xff\xff\xff\xff\xff\xff\xfc\xfc\xfc\xff\xff\xff\xff\xff\
\xff\xfe\xfe\xfe\xff\xff\xff\xff\xff\xff\xff\xff\xff\xff\xff\xff\
\xff\xff\xff\xff\xff\xff\xff\xff\xff\xff\xff\xff\xff\xff\xff\xff\
\xff\xff\xfe\xfe\xfe\xff\xff\xff\xfd\xfd\xfd\xfc\xfc\xfc\xfb\xfb\
\xfb\xff\xff\xff\xff\xff\xff\xff\xff\xff\xfd\xfd\xfd\xff\xff\xff\
\xff\xff\xff\xff\xff\xff\xfc\xfc\xfc\xff\xff\xff\xfe\xfe\xfe\xff\
\xff\xff\xff\xff\xff\xfd\xfd\xfd\xfe\xfe\xfe\xff\xff\xff\xff\xff\
\xff\xfd\xfd\xfd\xff\xff\xff\xff\xff\xff\xff\xff\xff\xff\xff\xff\
\xff\xff\xff\xff\xff\xff\xff\xff\xff\xff\xff\xff\xff\xff\xff\xfd\
\xfd\xfd\xff\xff\xff\xff\xff\xff\xff\xff\xff\xff\xff\xff\xff\xff\
\xff\xfe\xfe\xfe\xfd\xfd\xfd\xff\xff\xff\xff\xff\xff\xff\xff\xff\
\xff\xff\xff\xff\xff\xff\xff\xff\xff\xfe\xfe\xfe\xfd\xfd\xfd\xff\
\xff\xff\xff\xff\xff\xfe\xfe\xfe\xff\xff\xff\xfe\xfe\xfe\xff\xff\
\xff\xff\xff\xff\xff\xff\xff\xff\xff\xff\xff\xff\xff\xff\xff\xff\
\xff\xff\xff\xff\xff\xff\xff\xff\xff\xff\xff\xff\xff\xff\xff\xff\
\xff\xff\xff\xff\xff\xff\xff\xff\xff\xff\xff\xff\xff\xff\xff\xff\
\xff\xff\xff\xff\xff\xff\xff\xff\xff\xff\xff\xff\xff\xff\xff\xff\
\xff\xff\xff\xff\xff\xff\xff\xff\xff\xff\xff\xff\xff\xff\xff\xff\
\xff\xff\xff\xff\xff\xff\xff\xff\xfe\xfe\xfe\xff\xff\xff\xff\xff\
\xff\xff\xff\xff\xff\xff\xff\xff\xff\xff\xff\xff\xff\xff\xff\xff\
\xff\xff\xff\xff\xff\xff\xff\xff\xff\xfe\xfe\xfe\xff\xff\xff\xff\
\xff\xff\xff\xff\xff\xff\xff\xff\xff\xff\xff\xfe\xfe\xfe\xff\xff\
\xff\xff\xff\xff\xff\xff\xff\xff\xff\xff\xff\xff\xff\xff\xff\xff\
\xff\xff\xff\xff\xff\xff\xff\xff\xff\xff\xff\xff\xff\xff\xff\xff\
\xff\xff\xff\xff\xff\xff\xff\xff\xff\xff\xff\xff\xff\xff\xff\xff\
\xff\xff\xff\xff\xff\xff\xff\xff\xff\xff\xff\xff\xff\xff\xff\xff\
\xff\xff\xff\xff\xff\xff\xff\xff\xff\xff\xff\xff\xff\xff\xff\xff\
\xff\xff\xff\xff\xff\xff\xff\xff\xff\xff\xff\xff\xff\xff\xff\xff\
\xff\xff\xff\xff\xff\xff\xff\xff\xff\xff\xff\xff\xff\xff\xff\xff\
\xff\xff\xff\xff\xff\xff\xff\xff\xff\xff\xff\xff\xfe\xfe\xfe\xff\
\xff\xff\xff\xff\xff\xff\xff\xff\xff\xff\xff\xff\xff\xff\xff\xff\
\xff\xff\xff\xff\xff\xff\xff\xff\xff\xff\xff\xff\xff\xff\xff\xff\
\xff\xff\xff\xff\xff\xff\xff\xff\xff\xff\xff\xff\xff\xff\xff\xff\
\xff\xff\xff\xff\xff\xff\xff\xff\xff\xff\xff\xff\xff\xff\xfe\xfe\
\xfe\xff\xff\xff\xff\xff\xff\xf1\xf1\xf1\xe1\x37\x33\xb5\x00\x00\
\x00\xc7\x74\x52\x4e\x53\x00\xff\x01\xfe\x02\x05\xfd\x03\x62\x2b\
\xfc\x04\xfb\x4c\x06\xf9\x09\x52\x07\x55\xf4\xf2\x60\xfa\x5c\xf7\
\x0b\xd7\x98\x19\xf8\xe3\x3a\x28\x24\x21\x08\xc2\x0f\x38\x0a\x4e\
\xf6\x2c\x17\x93\xc8\x12\x41\x59\x6e\xbe\x49\x66\xf0\xf1\x0d\x96\
\x74\xb9\x9b\xd2\x30\xeb\x6b\x2f\xbb\x0e\x83\x34\xe2\xd6\xaa\xf5\
\x26\xe9\xb3\x3c\x16\x1a\xd3\xad\x6a\xbf\x8d\x18\x6f\x63\xcb\x88\
\xa8\x44\x14\xb7\x10\x6d\x9f\xe6\x9d\x11\xcc\x7b\xdb\x3f\xef\x0c\
\x13\x80\x57\x50\xd8\x90\x5d\x7a\x77\x76\x7e\xee\xb1\x8b\x36\x43\
\xdc\x1f\xa4\x1c\x15\xde\xce\x22\x71\x53\x47\xc9\xec\x99\xa7\xb2\
\xd9\xc5\x3e\xc6\xda\xdd\x1d\xe0\xa2\xed\x8a\x33\x37\x2a\x48\xb5\
\xd5\x54\xe8\x1b\x1e\x91\x8f\xe5\x5f\x82\xa1\xcd\xc0\xe1\x4b\x8c\
\x95\xac\xe7\x86\xdf\x92\x5b\x23\x56\xaf\x40\x4f\x3b\x78\x87\xc3\
\x9e\x65\xd0\xa5\x32\x85\x68\x9a\xbc\xc4\x7d\x73\xcd\xdf\xe0\x13\
\x9a\x00\x00\x44\xe3\x49\x44\x41\x54\x78\x9c\xed\x9d\x87\x5f\x13\
\xc9\xfb\xf8\xe7\xd9\xdd\x6c\x20\x89\x09\x87\xc1\x18\x94\x44\x7a\
\x6f\x82\x54\x01\x69\x4a\x6f\xd2\x7b\x17\x04\x14\x15\xb0\x00\x82\
\x8a\xa8\x78\x80\xe5\xec\x15\xbb\xa7\x67\xef\xbd\xfe\xfe\xae\xdf\
\xcc\x6e\xca\xee\x26\x34\xcf\x3b\xf8\xdc\xd7\xe7\x5e\x87\x9b\xd9\
\x36\xbb\xf3\xde\x99\x67\x9e\x79\xe6\x19\x84\x7e\x54\x76\xc2\x2c\
\xb2\x84\x1c\xe5\x30\xdb\x51\x33\x89\xe3\x0f\x67\x6e\x9e\xc2\x28\
\x5d\xf3\xb3\x92\xd3\x89\x04\x7a\x04\x39\x29\xa9\x7f\xeb\xc6\xbf\
\x44\x24\x67\x75\xff\x0d\xa8\xe4\xa1\xbe\x65\x3b\x9f\xbe\xcb\x8e\
\xd6\x2b\xb8\x7b\xaa\x02\xa2\x1a\x9a\x2b\xd3\x1e\x25\xc6\x30\xff\
\xc2\xdd\x7f\x89\x50\x2e\x5d\x9c\x15\x89\xc5\x0f\x15\xe3\xe6\x5f\
\x3c\xae\xa5\xf1\x9d\x58\x55\xd4\xd4\x9e\x82\x84\x84\x84\xf3\x93\
\xf7\x5d\x14\x2c\x4e\xa1\x4f\x46\x74\xec\x0e\xfd\x55\x65\xfd\x8b\
\xa2\xac\x99\x1d\x89\x45\x0e\x15\xd3\x5f\x14\xdf\x86\x6f\x62\x18\
\xca\xd9\xb9\x66\x77\x56\x90\x8f\x17\xa9\x9a\xe4\x4e\xb5\x6e\xee\
\x67\xd7\x5d\x49\x31\x6a\x30\x58\x17\x33\x1e\x05\xfd\xe2\xea\xdf\
\x92\x6d\x73\x40\x62\x51\x43\x15\x1a\x5e\xa3\x07\xd0\x27\x04\x87\
\x7b\x2a\xed\xed\xa7\x64\xee\x65\xf5\x63\x2a\x00\x97\x81\x48\xd7\
\x7f\x2e\x1b\xbf\xc4\x2a\xbe\x9a\xff\x69\xa8\x28\x8f\x57\xeb\x71\
\x15\x75\x6b\xbf\xa3\x09\x28\xc6\x67\x53\xa0\x9d\xe3\xbc\xd2\x7b\
\x9a\x75\x40\x6f\x88\x2b\xf9\x87\x32\xf2\x4b\xac\x52\xbd\x67\x2e\
\x48\xd8\x42\xf5\x65\xed\xac\xf2\xe5\x9f\x87\x8a\x4a\xae\xd7\x02\
\x7b\xfe\x5b\x16\xaf\x89\x3b\x65\x5d\xf8\x98\x52\x10\x32\x60\x6d\
\xe6\x02\x63\xeb\xce\x7a\xca\xf9\x6d\xe5\x87\xe2\xdb\x34\x8c\x56\
\x78\xfe\x23\x59\xf9\x25\x16\xa1\x32\xe6\x54\xcf\xd8\x42\xb5\x74\
\xf6\x6b\xff\xf6\x8f\x43\xe5\xde\x98\x09\x9a\x73\xfe\x5e\xe6\xdf\
\x1f\x87\x3e\xdf\x3c\xee\xc3\xf4\xf8\x59\x8e\xa0\x2a\xd8\xab\x1b\
\x0f\xc7\x98\x7f\xfa\x5c\x0b\x51\x40\xdb\x4e\xb7\x7f\x22\x33\xbf\
\xc4\x2c\x6b\xe6\xc4\xd4\xe2\x84\xaa\xba\x22\x1a\xf4\x95\xbb\xf8\
\x7a\x28\x2c\x08\xff\xd9\x5e\x85\xea\xa2\xdd\x90\x4c\xa0\x90\x57\
\x18\x5d\x8f\x45\x95\x22\x26\xf9\x53\xf7\x31\xf2\x5b\x76\x36\x42\
\x01\xf7\x4b\xdb\x7f\x7e\x76\x7e\x89\x49\x92\x5d\xfe\x67\xa1\x52\
\x2e\x1f\x02\xc5\xd3\xd3\x66\x7e\x7a\x32\x64\x08\x9d\x7d\x8c\x72\
\x15\xbb\x45\x87\xf5\x6d\xa4\x9c\xb7\xac\x95\xdd\x7d\xed\x1f\x1e\
\xb2\x9c\x3b\x58\xe9\x7f\x94\x86\x9b\xbb\x7f\xf5\x04\xff\x21\x69\
\x4f\x30\x15\x79\x84\x03\x96\x21\xbc\x71\x84\x6c\x38\x14\x70\x89\
\x6c\x19\xde\x8c\x58\xa4\x50\x79\x16\x2a\xe8\xe1\x48\xa2\x9c\xbb\
\xbd\x20\xbf\x7b\x14\xa5\xb8\xb1\x43\xa8\x49\xbb\x4d\x78\x18\x33\
\x11\x8b\x82\xda\xe2\xb6\x0d\x0d\xe2\xca\xec\xa4\x07\x4a\x27\x55\
\x94\xd7\xb2\xdb\x60\xf8\x73\xf3\x4f\xce\xd1\x2f\xe1\x84\x3a\x64\
\x2e\xf2\x60\xf2\xf3\x20\xde\x48\xe3\x76\x74\x72\x89\x0a\xd2\xb0\
\xfc\xb9\x28\xa1\x62\x96\x37\x40\xdb\x76\x62\x1f\x70\x5d\xbd\xa5\
\x80\x68\xde\x1d\x47\xa2\x77\x91\x3d\xf2\xf2\x0c\xe1\x81\x41\x51\
\x3b\x7d\x57\x4e\x3d\x6b\xfb\x84\xb7\xfd\xee\x6f\x47\xcb\xcb\x2f\
\x10\x0d\x2c\xef\xa1\x01\x36\x84\xcd\xef\x9e\xee\x97\x2f\x4b\x54\
\x7c\x75\xd6\xa5\x4b\x96\x1c\x75\x64\x49\x4f\xf0\xf2\xf0\x6c\x32\
\x6f\xe7\xef\xcb\x3f\xc3\xab\x7e\x1e\xfd\x97\x1c\x9d\x24\x47\x0e\
\x5e\x7e\xcc\xa9\x7d\xd4\x99\xc4\x2c\x8f\x63\x6e\x58\xf6\x79\x04\
\x9e\xaa\xe5\x77\xe6\x25\x7a\x0c\xba\x5d\xca\x4a\xdc\x94\x1b\x58\
\x2d\xbd\x45\xbe\xc3\x9f\xf7\x0a\x07\x5a\xd2\xad\x23\x06\x9e\x9e\
\x97\xce\xc8\xb8\x6b\xc9\x6c\x9e\x40\x98\xe2\x18\xac\xb6\xfe\xa0\
\x6c\x4d\x31\xb6\x67\xcf\x51\x3a\x15\xd3\x40\xe5\xbc\x62\x71\x43\
\xe5\x73\x48\x45\xdf\x22\x86\x03\xe7\xf0\x84\x78\x0f\x8f\x0b\x78\
\x2b\x2d\xb0\x39\x81\xab\x7b\x56\x6e\x11\xbe\x8f\xd3\x6c\x77\x5a\
\x71\xf2\x37\x2d\x31\x24\xc8\x8c\xc1\x28\x51\x53\x73\x8a\xa4\x53\
\x61\xe7\x21\xb3\x45\x6d\x7b\xe9\x69\x85\x49\x70\x71\xf9\x53\x9c\
\xe4\xd4\x10\xb5\xd3\xbc\x2d\xff\x9a\x20\x55\xff\xb3\xa2\x5c\x2c\
\xdc\xee\xcf\x6c\xcb\xdc\xc7\x6d\x75\xb8\x44\xe9\xfc\x25\x97\xae\
\x71\x99\xe4\x78\x61\x22\x68\x43\x40\x74\x2f\x96\xcc\x00\x05\x9c\
\xe2\xf7\x2e\x67\xf5\xd1\xbd\x51\x7a\x1a\x40\x95\xf4\x65\x99\xb3\
\xe0\x3c\xd7\x8f\xa3\xec\x7d\xef\x72\x3d\x68\xfa\xf6\x99\xd3\x1e\
\x6a\xa3\xb2\x43\xc9\x86\xf2\xdc\xd0\x44\x73\x73\xf9\x97\x14\x22\
\x5f\xca\x9b\x9b\x5b\x87\xfa\x04\xec\xc4\xaa\x04\xdf\x94\xd3\xcd\
\xa1\x15\xcd\xcd\x21\xdc\xa1\x29\x11\xcd\xcd\x37\xf7\x0c\x6d\x9d\
\xe3\x6b\x91\xca\xe3\x93\x96\x22\x97\x40\xc5\xf3\xb3\x68\xa1\xca\
\x2a\x07\x6d\x0b\xfe\xda\x29\xff\xa3\x39\x17\x73\x78\xe5\xe8\x55\
\x49\xba\xbe\x9e\x64\x78\x8d\xf6\x92\xe0\xd0\xb2\x4c\x5c\xbb\x30\
\x5f\x43\xc8\x41\xd5\x27\xd3\xa8\xfa\x24\xf3\xde\xd0\x95\x2a\xba\
\x2f\x68\xee\x37\x65\x86\x01\x3e\x4a\xd2\xee\xc3\x37\xcb\xee\x73\
\x70\xcb\x47\xbc\xf7\xb2\x56\x91\x68\xde\x2e\x02\xc8\xe4\xef\x9c\
\x95\x09\x70\x42\x7c\x60\x7e\x34\x54\xf0\x5b\x7d\x00\xc6\xfa\xfa\
\x1b\x7d\x29\xe5\x7b\xee\xbb\x7c\xe0\xd3\xfc\x71\x49\x74\x74\x9d\
\x3d\xbb\x64\xff\x46\x05\xd0\xf1\x79\x96\xd3\x6a\x6b\x60\x2a\xdc\
\x95\x91\x67\x1d\xa1\xa1\xce\x9c\xf8\x07\xbe\x02\x67\xe1\xa5\x6e\
\xf1\xcd\x4d\x00\xfe\x13\xc0\xd7\x1e\xf1\x56\x3d\xf2\xd2\x28\x64\
\x58\x7f\x31\x46\x6e\xbf\xce\x80\xff\x64\xd2\xdc\xf6\xd5\x39\xbe\
\x16\x89\x38\x1f\xb5\x16\xb9\x14\x2a\xa7\x07\xe4\xf2\xe4\xae\x8b\
\x10\xaa\x11\x23\x4c\x86\xe1\xbc\x51\x54\xce\x6a\xf9\x77\x03\xd7\
\xea\xa1\xd8\xd8\x83\xc3\xaa\x6b\x78\x63\x17\x2d\xcc\xda\x56\x23\
\xae\xb7\xd4\xeb\x1b\xc9\xf6\x26\x76\xc4\xc3\xe5\x2f\xb2\x95\xfc\
\x0d\xd7\x51\xf2\xe5\xbd\x90\x30\xf7\x6c\x51\xf8\x75\xc5\x49\xd2\
\xc6\x60\xb5\x79\x93\x39\x02\x50\xe9\x25\xda\x3b\xa8\x55\x59\x2a\
\x90\xe5\x00\x6d\x7b\xf9\x03\x31\x38\x17\x9b\x44\x07\x5e\x83\x00\
\x53\xdb\x59\x09\x40\x5a\x6f\x8a\x62\xd4\x4d\x83\xa6\xab\x8d\xd0\
\xa0\xf1\xe0\xb6\x64\xe1\x5a\x7c\x13\x73\x53\x87\x95\x97\x36\x5f\
\x6e\xcb\xf5\xb5\x76\xd0\x7c\xad\x16\x80\xdb\xdc\x89\x72\x87\x6b\
\x4b\x5e\x24\xbb\x7b\x6c\xd2\x80\x21\xd7\xc3\x3d\xf9\xc5\x92\x6b\
\xcb\xe4\x96\x5b\xee\x00\x70\xb9\x6c\xf9\xe5\x55\xf4\x28\xd2\x37\
\xd0\xdd\x63\x39\x0b\xbd\x1e\x59\xee\x1f\x72\xfd\xcb\xba\xe6\xf6\
\x56\x24\x42\xbd\x12\x14\xb9\x14\x2a\x54\x87\xb7\x5d\xc8\xc6\xa2\
\x83\x8a\x71\xc8\x84\x94\x63\x38\xff\x77\x96\xa3\xa5\x5d\x28\xf4\
\xc1\x11\xee\x2d\xaf\x2d\x2d\xf1\xab\x39\x99\x8c\x50\x15\xdc\x4f\
\xb3\xbc\xbc\xc4\xf5\x5b\x08\x3e\x58\x5b\xc7\x27\xc4\xb6\xc6\xc4\
\x8e\xe6\x93\x64\xd9\xe4\xc6\x33\x64\x6f\x01\x34\x54\xcd\xf5\xbe\
\xd4\x6b\x80\x75\x92\xb4\x15\xb0\xcc\x92\x2d\x0c\x15\x7d\x45\xa4\
\x89\x84\xf6\x6a\xf6\x9a\xb7\x9f\x00\x9c\x0c\xe5\x37\xfd\x69\xa0\
\x45\x45\x86\x2b\xb9\x42\x53\xad\xb1\x16\x60\x40\x7a\xe3\x5c\x16\
\x0c\xe6\xf2\xaf\xa3\x41\x65\x1e\x2f\x38\x13\x00\x57\x4c\x9b\x9b\
\xbe\x5a\x9e\x78\x3f\x40\xab\xc8\x27\xc3\xc3\x00\x06\x1b\x73\xaf\
\x73\x2b\x2e\x92\x0e\x9b\x67\xac\x62\xe1\xe2\x7c\x54\x02\x1b\x89\
\x54\xcd\x04\x55\xfb\xd4\x22\x85\x4a\xbe\xdd\xc0\x7e\xc6\x5a\xad\
\x6b\x5a\xe6\x6a\xe4\x87\x5f\x70\xa9\x9e\xfb\x5c\xdf\xe0\xb6\xe7\
\x83\xa2\xe0\x49\xea\xca\xba\x55\x56\xe5\x66\x77\x4f\xdf\x5b\xcc\
\x43\x7d\x04\x2e\xb4\xac\xe8\x22\x0f\x17\xbe\x99\xb9\xa3\x5b\xb9\
\xaa\x0a\x97\x43\x7e\x0a\x44\x5f\x98\xe3\x8d\xa9\x1c\xb0\x22\x64\
\x92\x15\x70\xc0\xbc\x49\xa0\x02\xf6\xa5\xd0\x50\xd1\xd4\xab\x4d\
\x35\x6f\x47\x02\x34\x98\xc6\x1d\xfd\x70\x81\x1e\x16\x1e\x77\x4c\
\xab\x30\xa3\xfd\x10\x60\xa5\xf4\xc6\x89\x0a\xd0\x9b\x35\xf4\xcd\
\x49\x00\x45\xa6\xed\x97\x00\x77\x4c\x9b\xb2\x64\xcb\xd1\xb8\x9d\
\x4d\x10\x41\xe5\x19\x00\x01\xfd\xd2\x6b\x3e\xa1\x9b\x01\xf6\xd8\
\x18\xeb\x4e\xab\xfe\x1e\x54\xf9\xf7\x85\x45\x2e\x82\xca\x89\x28\
\x83\x71\x8b\x13\x2a\xe5\x75\x56\xd5\x82\xeb\x03\x99\x7b\xf7\xd7\
\xfb\xdc\xbb\xf2\x59\x7f\x84\x7c\xa6\x95\xee\x08\x2d\x7d\x1a\x6e\
\xa3\x24\x71\x1d\x1b\x8f\xb1\x4e\x27\x8f\xa3\x03\xea\xe0\x28\xee\
\x94\xbd\x13\xe3\xed\x69\xd9\x6b\x71\x21\xbb\xd6\xb3\x99\x0e\x73\
\xbb\x33\x81\xea\x89\x24\x6d\x05\x6d\xa9\xe8\x98\x23\xfa\x51\x00\
\x8d\xf0\x62\x31\x49\xd9\x96\xf1\xeb\x11\xac\xea\x98\xfb\x7c\xb8\
\x85\xea\x15\xe6\xf3\x13\xbc\x33\xab\xdf\x15\x76\xa0\x72\x54\x81\
\xd6\x6c\xfe\x90\x87\x00\x98\x4d\x26\x95\xc0\x9e\xb6\xcd\x26\x2e\
\xa4\x10\x11\x54\xf9\x2e\x10\x25\x1d\xef\x94\x6f\x34\x06\x6a\x81\
\x3d\x20\x49\x46\xbb\x54\x70\xfb\x87\xbb\x7d\xa4\x6f\x20\x2c\x71\
\x31\x54\xfb\x96\xe3\x3f\xa1\x49\x8b\x11\x2a\xe6\xa3\x42\x53\x8a\
\xdf\xd9\xbe\xe0\x35\xc8\xfd\xe4\x3d\xee\x05\xd4\x69\x70\x55\xa5\
\x2c\x1f\xbe\x80\x38\x87\x97\xa6\x53\xe1\x2d\x7f\x56\xc6\xc7\xdf\
\x8a\xaf\x79\x7f\x65\xc7\x6f\x81\x5c\xb9\x7a\xfe\x75\xe3\x69\x91\
\x97\x67\x54\x31\xa9\x21\xa8\xe0\x80\x5d\xee\xe1\x9b\xb7\xc6\xe3\
\x1a\xcd\xf9\x0a\x1d\xd0\x3d\xa7\x5b\x13\xa8\x9e\x4b\xd2\x56\xb0\
\xb9\x96\x9c\x1d\xc9\x8e\xc4\x1d\x1f\x97\x48\xeb\x5e\xf5\xc5\x21\
\x8b\x92\xe5\x0b\x70\xdc\xdc\xf7\xf2\xc0\x9a\x91\xe0\x9e\xf2\x08\
\xda\xa2\x66\xdb\x83\xca\x5d\x05\x49\xe6\x2e\x00\xe3\x0d\xb0\xc3\
\xb4\x8d\xf3\x63\x43\x05\x42\xe1\x00\xe3\xb3\x42\xb5\x4b\x53\x4c\
\x0d\x00\xa4\xc8\xa5\xe9\x2a\x58\x61\xd7\xd1\x63\x6e\xf2\x52\xc4\
\x94\x04\xaa\x2d\xe4\xc3\xe9\x58\x84\x50\x31\x3d\xac\xa6\x0c\x73\
\xf1\xf6\xc6\x8e\x94\x0b\xa8\x48\xc5\xd5\x0b\xa1\x0f\x6e\xe5\xa7\
\xe6\x97\xb9\xc9\x11\x15\x74\x21\xf8\x66\x94\x02\x74\xda\x93\x0f\
\x26\x26\x26\x6e\xf7\x6a\x55\xa0\x4b\x7a\x5d\x71\xb6\x96\x6b\x6d\
\x76\xbf\xd6\x72\x8a\x73\x98\x86\x6b\xe4\x9f\xd3\x5b\x56\x61\x1a\
\xff\x50\xe8\xc3\xe7\x74\xf3\xc3\x00\x12\x53\x00\x5a\x61\xed\xde\
\x61\xa8\x52\xfd\x5d\x00\x92\x7c\x2d\x7b\xd5\x17\xc7\x2c\x06\x00\
\x0c\xd5\x1e\xcb\xa1\x85\xb8\x23\x66\x2d\x78\x77\x7d\xb6\x45\xf5\
\xda\x61\x07\xaa\x7c\x8d\x15\x2a\xa7\x21\x6b\x26\x2a\x05\x4a\xbb\
\x55\x30\x54\x35\xa2\xc1\x02\x3b\x50\x51\x37\x54\x67\x50\x18\x56\
\xd5\x92\xc5\xe9\x7f\x13\x2a\x5f\xc3\x4c\x50\x01\xe9\x45\xed\x75\
\x19\x25\x89\x8b\x09\x2a\xaa\x4e\xa7\x5b\x4d\xde\x58\x9f\x13\xf2\
\x4a\x44\xea\xf8\x6c\x4e\x03\x7d\x45\x17\x90\xfc\x55\x97\xc5\xf7\
\xb2\x9a\x0d\x37\x4a\x23\x03\xf3\x5d\x9d\x89\xc4\x1c\xfb\xd0\xb5\
\xbd\x70\x48\xc1\x5e\xcc\xe8\xc2\x6a\xd8\xe6\xfd\x7b\x8a\xf2\x8e\
\x15\xd5\xbe\x7b\x47\x54\x9d\xcb\xb7\x0f\x3e\x2f\x58\x43\x61\xaa\
\xe8\xe8\xc8\x19\x6f\x6b\x12\xfc\x69\xff\x2e\x49\x5a\xa1\xb2\x58\
\x3c\x99\x23\xc6\x76\xca\x41\x03\x30\x69\x49\x52\x5f\xbc\x69\x29\
\x21\x21\x54\xe8\x0e\x0b\x7a\x0f\xcb\xaf\x6d\x70\xc8\xb2\x1d\x67\
\x07\x2a\x37\x01\x54\xb9\x2a\x30\xfa\x58\xce\x03\x4d\x99\x4d\x2e\
\x31\x54\xe7\x66\x83\x6a\x30\x0a\x33\xed\x95\x00\x20\x35\x46\xfd\
\x2d\xa8\x36\x4f\x88\x99\x92\x42\x45\xba\x4c\xe8\xae\x91\x24\x2e\
\x26\xa8\x96\xea\x55\x71\xdc\xb7\xf9\xda\x43\x16\xba\xcb\xd7\xd5\
\xe3\x62\x1f\xce\x68\x6d\xca\xfe\x5a\x24\xdf\x75\x63\x94\xce\x3e\
\xbc\xbc\xdf\xa4\x12\x38\x7d\xda\x71\xd6\x74\x96\x53\xd6\xa7\x9c\
\x68\xda\x58\xec\xce\xa0\xbc\x8a\xa1\xb1\xc8\x0a\x03\x31\xfb\x39\
\xc5\x27\x05\xa2\x3b\xf1\xae\x14\xea\xff\x4c\x67\xa7\xcf\xe1\xee\
\xf6\xa0\xd2\x59\xba\xe5\xcc\x91\x3d\x7e\x88\xfa\xae\xc0\x7a\x72\
\xbe\x29\x49\x7d\xf1\xa0\xa5\x7d\x11\x41\xe5\x37\x61\x6d\xc4\x90\
\xf2\x9d\xe6\x83\x65\xcf\x2c\x50\xf9\x8c\x83\xca\xd2\x59\xc8\xc2\
\xad\xa8\x61\xa7\xd4\xc8\x3e\x17\xa8\x7a\x68\xd2\x3b\x59\x0d\x90\
\x2d\x39\xfb\x6f\x41\x55\x29\x61\x4a\x0a\x15\xd7\xe4\x1f\x1b\x23\
\x89\x8b\x08\xaa\x5d\xa3\x74\x05\x5f\xdf\xc7\x19\x87\x4f\xea\x54\
\xcd\x9e\x6f\x55\xeb\xbc\xd4\xb2\x12\xc4\x84\xa5\x18\xf4\x35\x4b\
\xab\xad\x6f\xf3\x00\x0d\x7b\xac\x83\x21\xcc\xb1\x35\x21\x2a\xed\
\xfb\x0f\x14\x95\x1f\xd8\x68\x88\x25\x87\xa5\xe9\x70\xa3\xb7\xfc\
\x43\x8b\x3f\xca\x38\x55\x08\x13\x83\xd2\x9b\xd9\x4a\x86\x1d\xa8\
\xac\x36\x03\x0e\x2a\x24\xaf\xa0\x01\x22\x4c\xe3\x2b\xea\xe3\x1b\
\x2d\x47\x8a\xa0\xc2\xaa\x05\x0c\x9b\x7b\x59\xbe\xaa\x5b\x56\xd5\
\xc6\x0a\x95\x73\x93\x59\xc9\xb7\x42\xe5\x91\x02\xaa\xeb\x96\x42\
\xa7\xfe\xc0\xf7\xa2\xd7\x77\x78\x8a\x18\x9a\x03\x54\xa9\x43\x93\
\xa4\xaa\xce\x8f\x02\x7a\x8d\xf8\x79\xfe\x0e\x54\x6f\xa5\x4c\xd9\
\x40\xc5\x29\x03\x5c\x37\x63\xf1\x40\x95\x3f\x01\x87\x71\xb6\x64\
\x5e\x14\x72\x0e\x8e\x1a\x1d\x5f\x59\x18\xef\x7a\xce\x70\xcf\x0d\
\x51\xa7\xce\xe9\x7a\x83\xcf\x28\x73\x5b\x3e\x99\xdd\xf1\x12\x7b\
\x80\xee\x0d\x33\x9b\x67\x6a\x3f\x16\x79\xc8\x56\x55\xea\x03\xea\
\xf7\x21\xb9\xff\x10\x69\xec\x22\xf5\xc1\x98\x4f\x67\xea\xfb\x68\
\xd8\xbb\xfc\xa6\x72\x88\x98\xd5\x17\x86\x28\xea\x36\x50\x19\x2c\
\x9e\x5a\x3c\x54\xc8\x79\x2d\x7e\xd6\x7b\x3c\xce\xb2\x2d\xd3\x41\
\xf5\x18\x77\xbd\xcc\x2a\xfe\x43\xfa\x9a\x75\x07\x86\xca\x18\x1f\
\x1f\xff\xba\x7c\x62\x7d\x52\xa7\x29\x0d\x43\x15\x35\xe2\xee\x9e\
\xde\x5d\x19\x4d\x8f\x1d\x10\x68\x51\x4e\x2b\x39\x43\xb9\x4b\xa5\
\xaf\x40\xe1\x9e\x03\x54\xcb\xd9\x1e\xee\x81\x6e\x00\x94\x3b\x8b\
\xf6\xfc\x0d\xa8\x92\xa3\x67\x85\x8a\xb3\xc8\x70\x1f\xdc\xa2\x81\
\xca\x39\x07\xca\x43\xb1\x96\x7d\xf3\xc1\x5f\x7e\x88\x09\xf5\x51\
\x22\x65\x65\x7a\x5a\x85\x2b\xaa\xde\xaa\xd5\x3e\xc4\x9f\x6b\xb2\
\x0e\xb4\x26\x83\x4c\xb8\x46\xf1\xe7\xd9\x61\xd5\x7a\x53\x91\x2f\
\x07\x58\x21\x43\xcc\xa9\x7b\x9a\xd1\xed\x7e\xa8\xff\x09\xee\x0d\
\xae\x1f\x27\x1f\x3f\xd5\xe5\xf2\xce\x1b\xff\xcc\x32\xd2\x77\x67\
\x9b\xc5\x45\x79\xcf\x0c\x55\x0a\x07\x15\x6a\xef\x23\xaf\x93\xab\
\x86\xa6\x87\x8a\xc1\x80\x9a\x14\xa9\x98\xdb\x46\xc1\xe8\x0e\x86\
\x2a\xe0\x7e\x76\x5b\x9b\x56\x4f\x83\x00\x2a\x50\x18\xf4\x2a\xb8\
\xff\xf4\x51\x2a\x12\x8a\x32\xbc\x95\x7b\xb7\x86\xc3\xf9\x96\xb4\
\xd9\xa1\x92\x8d\x9b\x46\x21\xb1\x82\xc6\x6e\x12\x5d\xf0\xc7\xa1\
\x72\x4d\x00\x1b\xb1\x81\x6a\xc2\x5c\x3b\x2f\x16\xa8\xa8\x6d\x74\
\xb6\x3b\x42\x89\xf1\x6f\x07\x34\xd7\xf1\xef\x12\x0c\xc1\xea\xc8\
\x3c\x86\x39\xbb\x47\x91\x13\x48\x5e\xe3\x3e\x15\xcd\x46\x34\x9f\
\x25\x0e\x30\xfb\x41\x9b\x8a\xb3\xab\x25\xa3\x21\xd4\xf5\x90\x02\
\x05\x34\x13\x5d\x4b\xbe\xe9\x20\x1b\x92\x48\x21\xf7\x13\xe7\x7b\
\xdd\xc9\xae\x4e\xed\xad\x3c\xc7\x14\xdc\xf4\x8d\xe8\x75\xb3\x8d\
\x4b\x50\x21\x76\xa0\x4a\xb2\xf8\x98\xca\xbf\xf2\x50\xa1\xea\xaf\
\x00\x6c\x07\xa9\x3b\xa6\x87\x0a\x1d\x60\xe1\x22\xcf\xd2\x01\xba\
\x58\x90\x8e\xa1\x7a\x13\xe3\x13\x14\x34\xe8\xe9\x7e\xfa\x98\x29\
\x0d\x43\x15\xdd\xd9\x88\x9b\xba\x62\x5b\xee\x7d\x96\x95\x73\x36\
\xec\x31\x8b\xde\x3f\x3b\x54\xb9\x0a\x93\xfd\xde\x79\x18\x60\x40\
\x74\xec\x0f\x43\x45\xc5\xda\x32\x65\x0b\x15\x98\xad\x78\x8b\x05\
\xaa\xdc\x4c\x1d\xd6\x2e\xab\xdf\x75\x21\xa6\xf4\x26\x7e\x13\x8f\
\xae\x9e\xf2\x8d\x2f\x41\xae\xc5\x06\x63\x38\xa7\x9c\x77\x7a\xb7\
\x75\x77\xf6\xc2\x0d\xa6\xee\xa9\x63\x38\xcb\x86\x57\x57\x82\x31\
\xb5\xfb\xd0\x31\xa7\xfb\xd0\xfc\xec\x6e\x5b\x1f\x97\x01\xbf\xb8\
\xa8\xe8\xd5\x32\x26\x72\xaa\x9e\xbc\x89\xee\x4c\x52\xf7\x7d\x7e\
\x89\x37\x7b\x68\xe3\x2c\xae\xeb\x4c\x81\x1d\xa8\xb2\x2d\x7a\x9b\
\x7c\xdc\x04\x15\x3a\xb6\x01\xd7\x2c\xeb\xa8\x19\xa1\x72\x9d\x04\
\x9a\xd7\xb8\x8f\xa8\x84\xfd\xfa\x69\x15\x75\xaf\xc3\xb8\x42\xb2\
\xc7\xbd\x3a\xec\x1c\xc1\xca\xdb\x5c\x09\xcc\x0a\x15\x73\xd8\x62\
\xbf\xaf\xa3\xc1\x45\x64\x6c\xff\x61\xa8\xac\xfe\x2e\x33\x42\xb5\
\xc2\xd4\xda\x2e\x12\xa8\x7c\x12\x00\x2b\x41\x7e\x4f\xb5\xeb\x7d\
\x91\xe7\xd4\x3a\x0f\x25\x75\x60\xcf\xe1\x64\xe4\x79\x4b\xd1\xc7\
\x7f\xd1\x4c\x08\xe4\x50\xe8\x1e\xbc\x2e\xe9\x85\x43\xca\xc0\xc4\
\xaa\x91\xdc\xc4\xfe\xbd\x6d\x50\x71\x2c\x13\x7f\x20\xa1\x51\xc0\
\xe9\x11\x88\x4a\x3e\xa8\x78\x5f\x8b\xce\x14\xe2\xae\x5a\x59\x40\
\xf9\xcd\x40\xf7\xd0\x34\x62\xa1\x74\x8a\x80\xc2\x99\x6d\xc9\xcc\
\x79\x80\xdd\x92\xb4\x29\x2b\x54\xb2\xf3\x66\xa8\x50\xa0\x11\x40\
\xdf\x3d\x23\x54\x24\xd0\x40\x04\xa9\xcd\xfa\xb5\x11\x42\x0b\xe4\
\xf4\xbd\x3f\x1f\x5c\x51\x36\x78\x48\xf7\x11\x51\x5e\xb8\x8f\x29\
\x36\x3b\xb2\xcc\x0a\x95\x87\xb6\xc0\x9c\xe9\x92\x51\xab\x7d\x9e\
\x93\x1f\x85\xca\x73\xd4\x0e\x53\x76\xa0\x32\x8f\x73\x2d\x0e\xa8\
\xa8\xbf\xe0\x3c\x6e\xcb\x5c\xdd\x13\x37\x24\xf9\x7f\x3e\xae\x09\
\x68\x4e\x8b\x6d\xa7\xd0\xae\x07\xfa\x87\xab\x38\x23\xb9\x8f\xbc\
\x1e\x1a\x12\xf7\x6d\x2c\x3c\xab\xee\xe3\x54\xdc\x3f\x35\xf8\xbb\
\x76\xfa\xaa\xed\x54\xc6\x6d\x5c\x59\xbd\x4c\x05\x4f\xf2\xf6\x91\
\x23\xfd\x22\x07\x54\x21\x9e\xc8\xd5\x39\xa8\x54\xdf\x17\xf3\x24\
\xaa\x47\xc9\xbf\xc5\xac\x24\x56\x3a\xb2\x27\x16\xe2\xfa\x22\x79\
\x68\x9f\xb6\x21\x8b\xa2\x2b\x1b\x9b\xb4\x34\x85\x2f\xa2\x00\xa2\
\x23\x67\x84\x2a\xd0\x00\x7a\x32\x32\xbc\x4d\xa8\xa6\xcf\x68\x52\
\x78\x8c\x51\xf5\xf6\x93\xee\xe4\x64\x95\xd6\x3a\x68\x3b\x2b\x54\
\x69\x56\x6b\x06\xaa\xc7\x0d\xa7\x70\x26\xe4\x0f\x42\xe5\xfc\xda\
\x1e\x53\xf6\xa0\x6a\xe5\x3f\xdc\xc5\x01\xd5\xae\x4c\x3d\xae\x25\
\x4e\x27\x53\xe8\xd8\x41\x5d\x8e\x5f\x72\xc7\x70\x6f\x05\xee\xc2\
\x25\x25\x7d\xbc\x18\x50\x55\xf5\x48\xbe\xff\xe2\xce\xdf\x53\x8a\
\xd7\x14\x9d\xc2\xef\xf3\xf1\x5b\xe2\xdd\x56\xc8\xb9\x18\x95\xad\
\xc1\xd5\x90\xcc\x3f\x72\xcd\x8d\xc2\x33\x93\x2e\x67\x9b\xea\xdc\
\x77\xaa\x42\xb6\x05\xec\x09\x44\xa9\x11\x8a\xa7\xae\xc8\xff\xae\
\xcc\x6f\x77\x4f\xc5\x01\xfc\xed\xae\x63\x8d\xf9\x33\x65\x81\xda\
\x08\x50\x2a\x4e\x3a\xa3\xb1\x1a\xa2\xd4\xf7\xef\x5b\xb5\xe8\x03\
\x01\x00\x27\x7d\x67\x82\x4a\x8e\xaf\xb6\x13\x21\xaf\x84\x8b\x22\
\xaf\xe6\x99\xec\x54\x91\x01\x40\x5f\xb5\xdf\x9d\xc0\x5d\xce\x37\
\xa6\xcd\xd9\xa0\x6a\x32\x6a\xad\xed\xfc\x2a\x15\xd0\xc2\xa1\x9e\
\x1f\x84\x4a\xe8\xef\x22\x90\x37\xc4\x85\x15\x7f\x8a\x70\x15\xff\
\xeb\xcb\xa7\x15\x91\x34\xb7\xfa\xc5\x00\x95\xec\x16\x1c\xa2\x50\
\xcc\xc1\x42\x5c\x07\x55\xd7\xe8\xf7\xcb\x91\x6c\xb3\x1c\x77\xdd\
\x1e\x9c\xaa\x3d\x4e\x67\xeb\x54\x91\x11\x30\xc1\x3d\x1c\xd1\x3b\
\xd7\x11\x43\xb1\x6c\x0b\xd4\xe3\xbf\x0f\xd8\x4b\xb8\x89\x71\x89\
\xc2\xef\xf1\x8c\x0e\xea\x82\x21\xca\x05\x4e\xc8\xbb\x7a\x8d\xe9\
\x68\xb0\x00\xab\x16\x89\xce\xfe\xe7\xb5\x7d\x2f\x8b\x4f\xb8\x22\
\x75\x04\xb9\xc7\x0c\x72\xc3\xa6\xc0\xc3\xc9\x3d\x4c\x12\x93\x94\
\x6d\x85\x8a\xaa\xc3\x7a\xce\xd4\x2e\x31\x54\x93\xa2\x73\xcb\x00\
\x6e\xfb\xa1\x2a\x45\xb0\x28\xf5\x9b\x1d\xa8\x8e\x99\xed\x54\x2d\
\x34\x68\x3a\xa5\x7b\x4d\x19\x81\xcf\xd6\xcd\x94\x99\xa0\x2a\x13\
\x32\x27\x2b\x17\x0f\xea\x60\xa8\xb6\xcc\x1f\xaa\x2a\xa1\xbf\x8b\
\x40\x14\x1a\x2c\xb4\x79\x43\x90\xa6\x51\x2c\x06\xa8\xba\x69\x63\
\x10\x42\xdb\x97\x51\x3e\xc4\xe9\xe5\xbd\xae\xc2\x13\x6b\x17\x67\
\xa3\x5b\x71\x17\xae\xec\xe6\xaa\x04\x48\x39\x1b\x51\x8a\x2b\x9b\
\x58\xc8\x74\x44\x54\x23\xec\xd9\x4c\x75\xb3\x70\xd2\x11\x3d\x53\
\xc1\x08\x42\x3d\x60\xc0\x07\xaa\xd7\xa4\x65\x69\xa1\xfe\x6c\x43\
\x16\x42\x61\xa3\x0d\x89\x28\x31\xe4\x6c\x89\x67\x91\x7e\xf8\x14\
\xfe\xfa\x2f\x14\x21\x94\x9e\x19\x60\x67\xd4\xdf\x2a\xa5\x00\x05\
\xe2\x37\x5e\x0f\xd6\x61\x92\xcd\xbd\x02\xa8\x10\x43\x8c\xa0\xc6\
\x5e\x2b\x54\xab\xf0\x4f\x91\x0b\xdf\xde\x6c\xa0\x2f\xa0\x0c\x89\
\xa3\x81\xbd\x01\xe5\x33\x2a\x18\xe5\xac\x3b\xce\x35\x00\xa4\x07\
\x6c\x2b\xfe\x56\xdd\x28\x5c\xea\xa5\x30\xa8\x05\x17\x6b\x15\x2c\
\x2b\x67\x2f\x20\xca\xfd\x4e\x20\x7f\x0c\x56\xd5\xf5\x82\xf9\xdc\
\x18\xaa\x86\x79\xbb\xbe\xe4\x4f\xd9\x67\x6a\x56\x59\x58\xa8\x7c\
\xc6\x68\x5c\xe8\xee\xc3\x31\x28\xe8\xcb\x59\xac\xae\x6f\x65\x27\
\x02\xd1\xa6\xb6\x07\xe4\x05\xbb\x1e\x1c\x29\xd5\xae\x46\x1f\xdb\
\x3a\x28\xd2\xa4\x14\x5c\x28\x35\x00\x94\x67\x04\x28\x86\xe1\xe2\
\x1b\xac\x86\x8c\x2d\xd9\xaf\x25\xb9\x95\xaf\xed\x3b\xe5\x9c\x61\
\x70\xbc\xf2\x07\xb9\xe2\xa6\xd1\x21\x0f\x54\xb5\xe7\x75\x5a\xc0\
\x30\xe7\x9e\x9b\x77\x0f\xff\x09\xb6\x1d\xb6\x17\x4a\xa2\x01\x14\
\xa2\xee\x9f\x5b\xf6\x49\xab\xe7\xf2\x31\x6d\x6f\xad\x60\x9f\x7a\
\x80\x3c\xb4\x15\xaa\x48\x81\xeb\x0b\x2f\x9f\x01\xe2\x3d\xb5\x37\
\xc5\x65\x38\x8d\xeb\x4b\x00\x3f\x9c\x72\x19\x3f\x4f\xb9\xe5\x2e\
\x9e\xd6\xcc\xae\x03\x85\xd9\x96\xfa\x09\xe0\xe0\x0c\x4e\x7a\x23\
\x0a\x63\x2a\xb3\x23\x00\x34\x1f\xb9\x83\x4a\x4e\x8a\x06\x00\x9f\
\x29\xe6\xef\x4f\x25\x17\xfb\xbb\xfc\xcf\x40\x15\x47\xdf\xf4\x43\
\xce\xf1\x6c\x61\xbf\xec\x68\xcd\x7e\xf9\xab\xfc\xb1\x30\xe4\x3e\
\x65\xe4\x3d\x04\x46\x42\x82\x9f\x51\x8c\x37\x04\x5c\xdf\x66\x18\
\x6d\x06\x9a\x56\x5d\xd9\x40\x83\xb6\xa7\xfa\xa9\x02\xd8\x3e\x6f\
\xa0\x41\x35\x0e\xad\x75\x27\x14\x58\x23\x52\x97\x55\x24\xf0\x9e\
\x4c\x91\xda\xe6\xcd\xc8\xc9\xeb\x69\x26\x3f\xbb\x20\x70\xcb\x63\
\xfc\x4d\x27\xa9\xce\x4e\x9b\x07\xdc\xcb\xfa\x8a\x31\x10\x4e\x41\
\xd9\x0a\x02\x13\x53\x96\x21\x53\xa4\x1d\xa5\x12\x17\xf1\x5b\x96\
\x9f\x77\x70\x25\x23\xb6\x5c\x3e\xa3\x21\xf3\x84\xd5\x1d\x99\x97\
\x43\x76\xa0\xf2\x65\x41\x6f\x1a\x0d\x7a\x8e\x1b\x9a\x43\x66\x96\
\x8e\x8c\x58\x72\xd2\x07\x09\xe6\x1e\x43\x11\xc0\x16\x31\x54\x1a\
\x30\x58\xbc\x9a\x99\x7b\x70\x88\x1b\x34\x04\x1d\xef\x4d\x51\x89\
\x61\x0f\xb5\x1c\x3b\xc2\x42\xb4\xd8\xc6\x3e\xbb\xc4\xfd\x28\x53\
\x0b\x0b\x95\x8f\x91\xfe\x0d\x77\xa9\x7a\x5e\x8e\x5e\x7c\x33\xc0\
\xc8\xd1\xf7\x8e\x5c\xaa\xfa\x66\x94\xc9\x18\x4c\x65\x5d\x8f\xd8\
\xeb\x1f\xa0\xc7\x15\x94\x62\xbf\xcf\xb6\x90\xb1\xe2\x11\x87\xf8\
\x83\x77\xb7\x6f\xdf\xfe\xa6\xe0\x7d\x67\x57\xdf\x9e\xf8\xa5\x3e\
\x11\xb8\x31\xd2\x43\xf9\xaa\x67\xe7\xd6\x98\xe7\x0d\x94\x69\x0a\
\x9d\x91\xd7\x44\x0e\x57\x00\x54\x45\x4e\x9e\x13\xf1\x9e\xfb\x3a\
\xd3\x77\x5a\xa5\x01\xf6\xae\xe5\x9d\x33\x6f\x75\x13\x7b\xad\x3b\
\x93\xd9\x4c\xf1\xe8\xec\xe0\x0a\x00\xab\x97\x42\xb8\xd5\x9d\xd8\
\x24\xce\x05\x00\x74\xb4\xc4\x27\xf3\x8d\x1d\xa8\x72\x59\xd0\x3c\
\x36\xdd\xf3\x21\x00\xbb\x86\x57\x82\x64\x5b\x26\xcc\xa3\xd9\x61\
\x06\x95\xc5\x7f\x75\x1b\xee\x11\x88\xea\xdb\x64\x5a\xf0\xf2\xdd\
\x03\x14\xcf\x4c\xe5\xc2\x3b\x90\x76\xd1\xc2\x01\xc0\xe7\x58\x6b\
\x13\xfb\xd9\xcf\x2a\x52\x7f\x97\xff\x15\xa8\x4a\x61\x5c\x86\x2e\
\x07\x33\xc8\x71\x23\x7d\x0e\x37\x38\xdb\x62\x91\xfc\x84\xca\xa2\
\xce\xb8\x0e\xd3\x6d\x3a\xfa\x63\xd8\x1b\xef\x8c\xab\x35\x5b\xda\
\x02\xc4\x76\x38\x55\x66\x6f\xc1\x91\xe0\x2f\x5f\xfe\x3a\x55\x0e\
\x0a\x1d\x34\x9a\xd5\x52\x66\x27\xbb\x8d\x52\x96\xf3\x83\x25\x7b\
\xbf\xf9\x51\x6f\xd4\x28\x6f\x4a\x35\x93\xcb\x3a\x95\x86\xeb\xbe\
\x23\xa7\xf8\x59\x75\xfd\xc1\x9a\x06\xa1\x6f\xc3\xef\xa0\x97\x58\
\x4f\x13\x93\x04\x50\xe1\x77\xa7\x95\x4c\xe1\xea\xc1\xb9\x7b\x2a\
\xe9\xcd\x3d\x05\xa8\xdf\x8c\x65\x6f\xbe\xfb\xaa\x4e\x93\x55\x74\
\x09\x80\xc6\xac\x49\x6d\x3e\x0f\x10\xbd\x8a\xdb\xf4\x08\x80\x82\
\x5d\x9c\x39\xe5\xc5\x6d\x7a\xab\xe5\x3a\x58\xd5\x37\x8a\x0c\x0f\
\xa7\xf0\x6d\x2c\x5e\x5f\xc5\x64\x98\xfd\x05\x51\xac\x69\x1e\xc3\
\x76\xd2\xa2\x5a\x20\x7c\x82\x6b\xb0\xf9\xcd\xb1\x0d\x95\xfa\xbb\
\xfc\x8f\x40\x95\xba\x87\xc5\x15\xd5\x4b\x97\xb7\x0c\x52\x7f\x6f\
\x6b\xe8\x6c\x0a\x71\x44\x9f\xd8\x60\x6b\x71\x24\x16\xb8\x0c\x55\
\x16\x65\xdc\x66\x81\xd6\x45\x4d\x8c\x3f\x6d\xdc\xda\xd1\xf1\xf2\
\xfa\xdd\x9e\x96\x8e\xb4\x87\x37\x72\xca\x27\x5d\xf0\x4b\x54\x0c\
\xd5\x6f\x4f\x19\x1e\xbe\x6a\x19\xab\x43\xea\x14\x7d\x18\x2a\xdb\
\x60\x7a\x87\xca\xce\xcc\x3b\xe4\x33\x8f\x98\x49\xab\x92\x97\xf6\
\xe2\x2b\x15\xdc\xb8\xde\x73\xe5\x75\x26\x3b\x2e\xd2\x99\xbb\xc0\
\x20\x9d\x4d\xba\x24\xc0\x0a\x55\x1d\x40\xc0\x31\xf1\xee\x33\x06\
\x1b\xaf\x3f\x0a\xab\xe2\x2a\x2d\x16\xee\xf3\x37\xf5\xf4\xf0\x6b\
\x54\xed\x32\x1f\x91\xab\xc7\xdd\x48\x4e\x93\xcb\xff\x8a\x95\xec\
\xa7\x45\xfe\x6f\x33\x0c\xda\x1e\xab\xdd\xf6\x2a\xc0\x7d\x51\x3b\
\xfb\x0c\x5f\xc9\xac\x70\x6d\xce\x86\x3f\x71\x1d\x79\x04\x57\x5e\
\xaf\x4d\x35\x12\xae\xfb\xac\x9a\xe2\x1a\x7c\xab\x19\xed\x2a\x52\
\xa1\x0e\xff\x38\x53\x0b\x0a\xd5\x23\xf6\x9d\x13\x92\xaf\x7e\x7c\
\xb5\x1b\x7f\x97\x89\xde\xaa\xe3\xdf\x51\x56\x52\xb3\x60\x14\x56\
\xe9\xbb\xb5\x20\x00\x37\x25\x21\xc1\xdf\x8a\x72\x63\x28\x66\x93\
\x27\x52\xc6\x46\x65\x8e\xa6\x51\xcc\x2a\x0f\xc4\x04\x45\xae\x8b\
\x5b\x79\xd3\x05\x57\x15\x21\x2d\x81\x82\x9a\x61\x5f\xc3\xf9\x26\
\x59\x71\x44\x78\x32\x85\x94\x2f\xea\xa3\x34\x2f\xb0\xea\xdd\xab\
\xfb\x60\x9b\x01\x81\xec\xfb\x63\x0b\x37\x2f\x8e\x8d\x8a\x78\x24\
\xd6\xbb\x2f\x1c\xc9\x39\x23\x39\x98\xfa\x5e\x6e\xad\xa9\xe2\x2b\
\x37\x5e\x16\xef\x56\xd6\x17\xd6\xc4\x88\x93\x98\xfa\x90\x8d\x35\
\x35\x87\x0f\x1f\xce\xa8\xa9\x39\x5a\x6e\xf2\x88\xf7\x4f\xa9\xfc\
\x62\xa9\x13\xa9\xb4\x8d\x19\x7d\xfc\x6c\x21\xbf\xba\x04\xc2\x9e\
\x22\xe9\x7d\xba\xc0\x2a\xb0\x2d\xe7\x5e\x8d\xb0\xc7\x80\x22\xa3\
\x93\x5c\xcc\xda\xd7\x48\xdf\x11\x62\x79\x6f\xdf\x3f\xf0\xd2\xdc\
\x16\xff\x1e\x5f\x79\xc4\x62\x0d\xad\x8b\x1a\x8d\xb2\x99\x68\x3d\
\x93\x94\xe1\x97\xa1\xeb\x8d\xc6\xa2\xd5\xeb\xad\x0d\x61\x6f\x52\
\x52\x12\xef\xb5\x40\x8f\xe2\x4d\x2d\x9f\xaa\x32\x36\xa7\xc4\xa7\
\x1c\x1c\x8a\xa6\x17\x1c\x2a\x65\x08\xbc\xe5\x36\xe4\xdb\x1c\x30\
\x12\x5e\x87\x42\x9c\x65\x35\x5a\x61\xcb\xb3\x5c\x01\x9a\x82\x87\
\x77\xf6\x36\x65\x68\x68\x45\x07\x55\xa7\xc9\x3e\x55\x42\x9e\x63\
\xb4\x76\xbf\xee\x62\x7a\xcc\x3b\x9a\x4e\x5a\xc7\x04\x75\x1d\xda\
\xa2\x03\xd5\x1d\xc1\x79\xe1\x8a\xad\x14\xe5\xf8\xf6\x82\xf3\xee\
\xfa\x9e\x48\xfd\x61\xc2\xdb\x43\x6b\xfb\x38\x8d\xc8\x2f\xbf\xf0\
\xef\xf6\xdf\xb5\x79\x2e\xf1\x3d\x94\x9b\x84\x47\xd9\x9c\x41\xd9\
\x49\xa2\x28\xdb\x4d\xf1\x71\x94\xf5\x4a\x72\x8f\x91\x47\xfe\xa7\
\xc4\x60\x52\xd2\x1b\xb9\x56\x2b\xab\xe7\x1a\x3f\xb0\xa9\x56\x96\
\x37\x9f\xde\x5f\x20\x89\xef\x72\xcb\x2f\x15\x4b\x68\x5e\x5e\x89\
\xfb\x85\xa7\x9c\xee\x41\xbb\xab\xd5\x6a\x7f\xae\xd8\x35\x41\x78\
\xb3\x8c\x43\xea\xaa\xbb\xe9\x13\x4b\x75\x0c\x5e\x68\xa8\x4e\xe9\
\x92\x36\x23\x19\xd1\x57\x98\xed\xa4\xae\x4a\xcf\x45\xdd\x8a\x34\
\x0a\xc9\x2d\xef\xce\x77\xfc\x55\xb2\x7a\x97\x43\x28\x77\xbf\x46\
\x54\xdd\xf3\x9c\x61\xbe\x6f\x38\x99\x50\x44\x39\x6d\x7b\xe4\x5c\
\x9d\x0d\xa4\xe7\xd5\xbf\xba\xdf\xcb\xf7\xd0\x6b\x8b\x51\x86\xc1\
\xf5\x53\x61\x66\x3a\x3a\xf6\xd7\xf2\x1b\x2f\xf7\xca\xfb\x32\x39\
\x0d\x26\xd1\x30\xfa\x2b\xd2\xde\x9c\xc5\xef\x1d\x79\xe3\x1b\x85\
\x49\xb9\x53\x04\x2a\x32\x46\x19\xc9\x43\x45\x6a\xc4\x65\xa4\x42\
\x15\x9a\x6d\xb7\x2f\x34\x54\xc1\xf0\x10\xa1\xd3\x7d\x1e\xae\x72\
\x8a\xd9\x41\x66\x3d\xa0\xd0\x3d\x2b\x6a\xd1\xe3\xf8\x6d\x16\xbf\
\xba\xc2\xdb\x17\xdc\x8d\x86\x6b\x25\x7d\x7b\x12\x8a\x8f\x05\x79\
\xa4\x8f\x74\x5d\x5b\x56\x56\x56\xb6\x2c\xdc\x7f\x95\xfb\x25\xbf\
\xdc\xc2\xb1\x0d\x2d\xf2\x62\xf6\x68\xed\x7b\x9d\xa5\x07\x7f\x79\
\xe0\x90\x33\xf2\x68\x8b\x90\xc9\x53\xe2\x71\xaf\xed\x85\x6e\x25\
\x85\x1e\xe7\x23\xe5\x46\x53\xb5\xf8\x4b\x66\x17\x93\xbf\x8b\x08\
\x2a\x74\x4a\x6f\x1f\xaa\xd7\xc2\xfa\x73\xa1\xc7\xfe\x7c\x8c\xba\
\xd3\xc4\x7e\xa3\x37\xde\xec\x0b\x6e\x19\x77\xc0\x79\x6b\x61\x2f\
\x20\x65\x65\x71\x9f\xf7\x07\x3e\xa3\xca\x31\x38\xe2\x95\xdb\xe9\
\x7c\x69\xa4\xa5\xd1\xfb\x76\xaf\x28\x28\xbc\x22\xda\x78\xb4\xbe\
\xa5\xeb\xb1\x97\xf3\x5b\xc7\xbc\x93\xe6\x90\x05\xca\x47\xad\x7f\
\x6d\x7c\x4b\xe2\x0f\xf9\xa3\x27\xf8\x13\x92\xc5\xf7\xe2\x4e\x7b\
\x77\x0f\xfe\x1f\xbc\x67\x52\xd5\xff\x25\xf1\x4a\xb4\x3f\x72\xbc\
\xb8\x64\xa9\xc2\x0a\x15\x83\x85\x4f\x3d\x6c\x1f\x2a\xe2\x03\x87\
\x82\xfc\xaf\x1d\x18\x49\xac\x56\x1e\x59\x60\xa8\xee\xb0\xef\xd4\
\xa8\x7a\x6d\x69\xda\xda\xbe\x90\xd6\xfb\x2e\x01\x0e\xa8\x3a\xdb\
\x5b\x8d\x96\x34\xbb\x2a\xcb\x26\x5b\x78\x65\xe1\x65\x74\x5d\x72\
\x59\xe3\x79\x0d\x8d\xbb\x7f\xd9\xad\x5f\x9f\x36\x5e\xb9\x7e\xfd\
\x65\x69\xcb\xf5\x8a\xd8\xca\x8d\x2b\x2e\x1a\x70\xb2\xea\x76\x4e\
\x8f\xbf\x47\xfd\x04\xdf\x4b\xef\xaf\x0c\x79\x21\xfb\xb0\xa5\x04\
\xed\x5d\x5f\xee\xa5\x6e\xc2\x0a\xac\xea\x0f\x4a\x3d\x92\xd2\xdc\
\x84\xaa\x7b\x75\x8f\x7f\x30\xa7\x3f\x4f\xa8\x60\x45\xc4\xde\xd9\
\x0f\x5b\x60\xf1\xec\x05\x2b\x54\x1f\x27\x27\x27\x23\x38\xf7\x9b\
\x35\xf6\xa1\x22\x16\x20\x19\xef\xa8\xaa\x3b\x1e\xb5\xb0\x50\x51\
\x9f\x49\x60\x95\x6e\x1e\x06\x79\xed\xb1\x40\x77\xf4\x52\x35\x82\
\xbc\x42\x88\xc6\xbd\xef\xe9\x6b\x4e\x61\xa7\xee\xde\x56\x00\xad\
\x2f\x38\xbc\xcd\xdf\x7d\xb3\xa4\xa2\x61\x9a\xb2\x22\xe3\xea\xcb\
\xa3\xf1\x57\x65\x78\xc0\x4d\xe1\x54\x76\x8f\xa5\xb9\x9e\x2a\x43\
\x57\x76\x22\xb4\x5f\x41\x3a\xf5\xb2\xaf\x17\xfb\xfd\x6f\xc4\xe5\
\x0d\x62\xbe\xee\xc1\xfe\x1f\xcb\xe9\x4f\x14\xea\x1e\x40\xc4\x62\
\x8f\xc9\xe6\x7c\x0b\x04\x50\x71\x91\xce\x8c\xc4\x32\xec\x60\x1f\
\x2a\xa2\x52\x95\x80\x48\x16\x0c\xaa\x18\xa3\x0e\xeb\xd6\x19\x5b\
\x5e\x9a\xbb\x0e\xa8\xe9\xf6\xb8\x1a\x75\xd7\x30\x4e\x98\x1e\x79\
\x59\x2b\xa9\xac\xd4\xef\xd9\x3d\x27\x8a\x4e\x0d\x06\x4d\x2b\xf9\
\x59\x5d\x69\x35\x17\xa1\x07\x3f\xb5\x67\x46\xc8\x2e\xaf\xa2\xa3\
\xc1\xf9\xc7\x26\x3c\x51\xe8\xd4\x46\x25\x31\x2b\x97\x0f\xac\xc6\
\xfd\xf0\x26\xcc\x53\x27\x1d\xb1\xf0\x6b\x8e\x0c\x1e\x51\x40\xbc\
\xcf\xec\xc7\x2d\xa4\x7c\x34\x97\xac\x15\x2a\x1d\x99\x93\x64\x07\
\xaa\xe5\x78\x83\x4c\xd8\xf5\x11\x2f\x57\xb3\x60\x50\xbd\xa0\x57\
\xa8\xd1\xe6\x84\x71\xbd\xe6\x68\x5c\x96\x1c\xed\x8d\x41\xcb\xe9\
\x70\xe4\x5c\x1e\x86\xca\xbc\x2b\xef\xd6\x9d\xf2\x2c\x7f\x4f\xa1\
\x5c\x3d\xeb\x32\x07\xd1\xd2\x99\xfe\xa8\x7a\x32\xb8\xb6\xb3\xe6\
\x5e\x7f\xdc\x12\xf4\xb1\x18\xa1\x57\x8a\x74\xe4\x54\x7e\xbe\x28\
\x15\xd7\x0f\x4d\x75\xe5\x0c\x2a\x69\x73\xb9\x34\x7b\xb6\xfe\x69\
\x91\x2d\x9b\x82\xbe\x98\xd9\x8f\x5b\x38\xb1\xfa\xbb\x58\xa1\x52\
\x11\xf3\xae\x1d\xa8\x0e\xe0\x0d\xd2\x45\xa2\x4a\x6f\xb3\x8b\x01\
\xaa\x6f\xc4\x04\xec\x9e\xae\xf4\xf8\x7e\x34\x40\x7f\xb4\xe5\x5e\
\xb5\xfc\xd6\xfa\x76\xe4\x1f\xa1\x44\x5e\x71\x71\x6f\x4f\x84\x7a\
\x24\xfd\x85\xd0\x26\x18\xdd\x30\x17\xc9\x86\x03\x88\x6a\x8e\xf7\
\xea\x18\xb9\x5c\xff\xde\x37\xd1\x73\x62\x33\xca\xd2\xfe\x49\x0d\
\x76\xe3\xda\xce\xe7\xf9\x9b\x8b\x8a\x68\x47\xc4\x6c\x84\xb9\xc6\
\x81\xf9\x47\xe5\xd8\x7b\x5d\x86\x34\x8a\xe3\x22\x12\xb7\xf5\x96\
\x92\x9d\x1d\x2a\x02\x02\xef\x44\x28\x77\x2c\x2a\x4c\x5a\x68\xa8\
\x98\x08\x1a\xdf\xfa\x15\x19\xaa\x65\xdc\x77\x84\xa8\x2a\x91\xbb\
\x0e\xab\x42\x47\x48\x65\x5a\xd2\xe8\xe7\x2a\x3b\x62\x78\x4e\xa0\
\xfa\x83\x4a\xdf\x8a\xe5\xaa\x27\x45\xe5\x92\x8d\xad\xdb\xe4\x14\
\xf5\x3b\xb7\xb5\x9a\xa2\xa8\xd3\x64\x63\x39\xf5\x92\x44\xb4\x38\
\x64\x28\x6d\x57\xa3\x76\x07\xef\xbb\x54\x7d\x11\x62\x6a\xa6\x9a\
\xa8\x67\x6e\xfe\x6b\xa7\xe8\xf5\x87\x22\x77\xed\x22\x43\x72\xc1\
\xb3\xe5\xea\x5f\x11\xea\xb7\x89\x13\x8b\x96\x2a\x79\x8e\xb5\x64\
\xe7\x06\xd5\x49\xcb\xc8\xa7\x6b\xe7\xd8\xc2\x42\x15\x1a\xe5\xe2\
\x86\xa8\x82\x88\xbf\x2e\x1c\x23\xf1\x83\x4a\xbb\xd1\x36\xcd\x07\
\xe4\xb9\xc2\xc7\xa3\xdb\x0f\xa5\xbf\x69\x5f\xfe\x75\xec\x32\x07\
\x15\xd7\x6e\x03\xac\x22\xbe\x45\x44\x56\xc8\xb8\x79\xdd\x58\xbc\
\x11\xaf\x29\xc2\x09\xb4\x9d\x40\xf5\x36\xa2\xb5\xff\x52\xc7\xeb\
\x88\xc7\x2d\x25\x9b\x8e\x2a\x71\x6b\xfa\x1c\xa5\x45\x29\x1a\x1a\
\x97\x98\x46\xcc\x72\xe9\xf2\x45\x60\x54\x20\xb2\xd7\x7f\xd1\x2e\
\x22\xb0\x43\x50\xb2\x73\x83\x0a\x9a\xad\xce\x80\x31\x21\x0b\x0a\
\x55\x2e\x3b\x2c\x43\x6e\x15\xce\x1e\xe1\x77\xd7\x16\x5f\x73\xf7\
\x69\x57\x1e\x4c\x50\xa3\xef\x57\x65\xdb\x4f\xa9\x4b\xdc\x3c\x5d\
\x0b\x1e\x65\xb6\xf8\xcc\x0b\xaa\xac\xca\x83\x1d\x9f\xbd\x3e\x7b\
\xc4\xaf\xcd\x71\xf2\x7b\xe7\x8e\xaa\xdb\xde\xa0\xd3\x43\x17\x9a\
\xaa\x8a\xfb\xfa\xb6\x92\x40\x68\x3e\x6d\x86\x1f\xe8\xce\x53\x6e\
\x89\x61\x61\x61\x89\x25\xff\xb8\x92\x5f\xeb\xb8\x29\x2c\xec\xb4\
\xa7\xc0\xeb\x29\x79\x9e\xce\x2a\x54\x5e\x32\xce\xea\xa9\x41\xdb\
\x4f\x87\x9f\x58\x34\x07\x39\x1d\x30\x7f\xa8\x40\x73\xae\x28\xd0\
\x34\xf0\xbd\x69\x41\xa1\x5a\x0d\x8d\x64\xad\x51\xbc\x25\x1b\x69\
\x06\x6d\x1a\xf3\x38\xe0\x2e\x92\x7b\x6f\xf2\x18\xc1\xa5\xdf\x8d\
\xd6\x54\x2e\xdd\x18\x7f\x33\x66\x1e\x50\x9d\x1e\x7d\xd8\x9a\x35\
\xe6\xde\xbe\xf5\x65\x90\x0f\x83\x2a\x5e\x22\xaa\xc6\xa8\x76\x6d\
\xc9\x3f\xa2\x32\x7c\x5d\xd9\x38\xbc\x16\x17\xd6\x41\xda\x6e\x2c\
\xec\xfc\x9c\xca\x95\xb1\xf5\x19\xf1\x47\x43\xe2\xdf\x14\xf5\x8b\
\xc6\xd7\x98\xf4\xbb\xcd\xbd\x2c\x8d\xff\xeb\xbd\xb9\x73\x97\xb0\
\xb0\xdc\x0b\x63\x0f\xff\x26\xb9\xd0\xd2\xf7\xb1\x19\x9c\x97\x4c\
\x6a\x4e\x7c\x4e\x65\xe5\x40\x2c\x27\x9f\x0f\x57\x56\xc6\xc7\x73\
\xf3\xc8\x7c\x62\x05\xf2\x50\x60\x06\xa5\x3c\xe3\x22\x2e\xaa\x68\
\x96\x05\xed\x64\xc6\x1a\x37\x53\x1e\x52\xae\x48\xdd\xca\x83\xde\
\xd7\x9b\x1e\xe1\x58\xc6\xca\x01\x51\x50\x37\x26\xf9\xe3\xc1\x51\
\x92\x55\x3a\x6a\x43\x7d\xa7\xa4\x83\x59\xa6\x90\xce\x41\xb3\x2f\
\x4d\x63\xc2\x92\x9d\x2b\x54\x44\xda\xce\x95\x91\xd7\x13\x13\xbd\
\x90\x50\x35\x9a\xc2\xee\xfa\x74\x87\x28\x5c\xea\xd3\x19\x74\x8d\
\x7e\x86\x2e\xad\x68\x77\x5d\xfb\x58\x9e\x5b\xe4\x35\x7c\xfa\x55\
\x45\x82\x37\x33\x0f\xa8\xf2\xb5\xb1\x29\x9b\xbe\x5d\x71\xfe\x9c\
\x7e\xf8\xc8\xc7\xe4\xdc\x5b\x0c\x2a\x65\xd3\x91\xeb\x17\xc5\x80\
\x3b\x89\xad\xd0\xe3\x40\x3c\xdd\xbf\xdb\xcb\x4a\x89\x0b\xc0\x78\
\x4e\x4e\xce\xb9\xe6\x36\x80\xe8\x57\x82\x31\xda\xf4\x1a\x1d\xac\
\x5f\x79\xed\x99\xef\xb3\x6b\xb1\x0f\x40\x55\x73\xda\x4a\x5c\x16\
\x2b\x8a\x6f\xc6\xc9\x27\xfc\xaa\x39\x57\x4c\xaf\xdb\x20\x15\xce\
\x95\xd4\x4d\x98\x32\x6a\xed\x03\x0e\x06\xbb\x40\x6f\x46\x5d\x95\
\xef\xa6\x35\x85\x38\x33\xd1\xeb\xf8\xe4\x42\x76\x9b\xa4\x7e\xf4\
\xd1\x83\xc9\x2f\x21\x48\x0f\x22\xbb\x5b\xf2\x3d\x0d\x18\x1b\xcb\
\xc2\x7c\xab\xf6\x47\x68\x80\xbe\x2f\x72\x1f\x73\xbe\x09\x95\x73\
\x19\x27\xa7\x06\x44\x79\x9e\x0f\x54\x60\xb2\x82\x1a\x17\x10\x2a\
\xe6\x28\xbb\x0a\xff\xe3\xd6\x32\x49\x67\xbf\xf2\x20\x0f\xbc\xb6\
\xd7\x07\xfd\xf6\x1e\xa1\x5d\x29\xe7\x23\xdc\xaa\x6e\x29\xbf\xec\
\xd1\xa6\xcd\xa7\xf9\x93\x97\xb7\x3d\x88\xdb\xd7\x9a\x5a\xfd\x25\
\xd2\x59\xb9\x26\x75\x4b\x1e\x4a\x54\x95\xa2\x5d\xaa\x57\xfc\xd7\
\x5e\xbb\x96\x38\xe4\x36\xda\xcb\xcb\xe6\x28\x80\xdf\xb1\xd2\x4f\
\x31\x97\xe2\xb4\x40\x0f\x98\x0b\x52\xfe\x3d\x1a\x7a\x57\x9b\xc3\
\x0d\xfb\xac\xcb\x06\xed\x76\x4b\x65\xe5\x69\xb0\x8d\xe9\x88\x5f\
\xa3\x9e\xf3\x3f\x75\x2d\xee\xa8\xbb\xd6\xe5\x5f\xf5\x1d\x20\xbb\
\x2a\xd2\xbf\xd3\xe1\x7b\x05\xe7\x84\x49\xa0\xaa\x7b\xf1\x22\x77\
\x89\xbf\xbf\x43\xcb\x4a\x0b\xbd\x67\x8f\x83\xee\xa1\x29\xc4\x0b\
\x75\xa6\x90\xa5\x4d\x17\xbe\x07\x3a\x49\x84\xc9\x76\x2d\x6d\x9a\
\x4f\xe1\x83\xdb\xa9\x4f\xd6\xd7\xf9\xa9\x0d\xa2\xb7\x9b\x1c\x54\
\x95\xb9\x21\xa0\x13\x95\xca\xef\x2a\x4b\x30\x8a\x19\xe5\x2d\x3d\
\x0d\x54\x86\x12\x64\x85\x6a\x37\xb7\xd3\x40\xdc\x70\x44\x20\xdc\
\x25\xf7\xbe\xbd\x80\x50\xc5\x34\xb8\x94\xa0\xf6\xd8\x36\x7a\x43\
\x29\x6f\x60\x56\xbe\xc3\x8c\x04\xbf\xf5\x74\x97\x2b\xdb\x9d\x51\
\xfd\x76\xb7\x29\x6f\xef\xb0\x79\xe9\x54\x57\xd7\x26\x65\x34\x45\
\x74\x0d\x3e\x42\xc8\xaf\x51\x99\x53\x85\xda\x6f\x1f\x46\x77\xb2\
\x4d\x0d\x41\xde\x09\x84\x9e\xb1\x47\xed\xe6\x65\xd4\x3a\xed\xfd\
\x91\x02\x14\xa6\x40\x69\xca\x57\x2c\x6c\x10\x2e\x30\xe8\xbe\x01\
\xe8\xad\x66\xa7\xb9\x41\x2d\x80\xd4\xef\xbd\x0b\x20\x53\xe4\x59\
\x7c\xd6\x1c\xfa\xdc\x24\x04\x2a\xdb\x16\xf8\x91\x16\xa2\x0f\x58\
\x2b\x12\xe5\x7e\xad\xc9\xf3\xfc\x1e\x80\x76\x89\xe8\x50\xa7\x8b\
\x1a\x93\x6f\x97\x4c\x18\x09\x92\xb9\xae\x82\x07\x02\x9f\xa1\xf6\
\x95\xc7\x85\x43\x8c\xd4\x7b\x7c\xdf\xed\x36\xf7\xb5\x91\x33\x92\
\xf8\x2e\x56\xa8\x6e\x91\x0f\x8d\x40\x45\x06\x40\x7c\xb8\x45\x94\
\xcb\x49\x8e\x45\x51\x86\x48\x4c\x64\xf5\xfd\x05\x84\xea\xb2\xc2\
\xa8\x46\xe9\x2a\x88\x38\xcd\x7d\xfb\x79\xa8\x5a\x7f\x15\x51\x21\
\xa7\xc2\xbd\xbd\x0f\xad\xfe\xdd\xef\xc1\xe4\x6d\x63\xfa\x44\xed\
\xbc\xa0\x7a\x9e\x11\xee\xf2\xc0\x78\x43\x16\x97\xbe\x34\xbe\x0e\
\xb5\xb4\x20\x14\x7f\x5e\x16\xd8\xca\x7b\x11\x31\x7f\x7d\x23\xf3\
\xec\x6e\xdb\x73\xfe\x57\x5f\xb4\x42\x25\x7b\x07\x50\xc9\x6f\x16\
\x29\x20\x5b\xfc\x6c\x59\xf7\x81\x35\x37\x39\x7b\x4f\xda\x06\x60\
\xf0\x07\x48\x12\xf9\x66\x62\xa8\x8e\x0b\x8d\x07\x76\xa1\xf2\x8d\
\x06\x9d\x68\xd2\x1f\xf3\xdc\xe4\xf9\x84\xa1\x82\xec\x5d\xc2\x5d\
\x4e\x17\xcd\x35\x8e\x32\x09\x68\x8b\x4e\x77\x4d\x07\xbd\xa2\xe8\
\x6e\xce\xcf\x85\xad\x9d\xa7\x16\xd7\xc5\x2b\x66\x1d\xc9\xe6\xfd\
\x5d\xa4\x50\xfd\x56\x51\xf1\xca\x81\x6b\xa9\xaf\xe3\x24\xae\xc2\
\x4d\xae\x1f\xfe\xba\x95\x73\x24\x22\x73\x47\x33\x9e\xa5\x7d\x79\
\xd0\x9b\xa9\xfd\x7f\xa4\x16\xf3\xd1\x2e\x20\x54\x2f\x60\x1c\x7f\
\xa2\x0e\x1e\x67\x5b\xea\x63\x57\xaf\xea\xba\x8a\x56\xd1\x0e\xc8\
\x67\x4b\xd3\x5e\x59\xf5\xb3\xbb\x59\x89\xc6\xf4\x20\xb7\x4d\x11\
\xd4\xbc\xa0\x72\x5b\xe1\xb7\x6f\x6f\xf7\x1e\xa7\xa0\x75\x5b\x57\
\xbb\xa1\xb3\x4f\x29\xb4\x33\x3a\x48\xd9\xc7\x95\x97\x53\xda\x28\
\xa6\x21\xb5\x21\xda\x5e\x57\x9e\x99\x12\xf0\x11\x0b\x50\xc0\x95\
\xa9\x63\x34\xd8\x4c\x97\xef\x54\x40\xa6\xc9\x2b\x9c\x84\xa8\x96\
\x46\xe9\x7b\x46\x4b\x26\xd6\xac\x62\xf9\xd0\x85\x66\xb1\x07\x55\
\x6a\x02\x4c\x37\xd7\xf5\x1e\xe0\xe6\xe8\x81\xd0\x61\xd3\xf9\x41\
\x94\xa9\x03\xab\x34\x02\x6d\xae\xc5\x3c\x04\xe1\xb2\xed\xc9\x37\
\xd5\x72\x17\xa0\x67\x8b\x54\x49\x05\x4b\x98\x92\xb8\xbe\xa8\x37\
\xe0\xa4\x10\x51\x58\x8a\x6a\xb2\xbc\x35\x99\xdc\x4d\xb9\x6e\x0e\
\xe5\xb4\x86\x55\xb0\x80\x50\x3d\x21\xeb\x1f\x24\x93\xc6\x45\x5e\
\xbd\xa9\x25\xdb\x01\x2d\x53\xf8\xa2\xac\x66\xd9\xee\x26\x0a\xc9\
\x99\xa2\x82\x3d\x87\x57\x7d\xbb\x3e\x3f\x3b\x15\x75\xf4\x59\xf8\
\xd7\x9b\x46\x0f\xaa\xc5\xfb\xe1\x95\xa5\x1e\xc3\x32\x54\x86\x35\
\xf5\xfc\x8c\x1d\xb8\x76\xea\x8f\x0c\xc2\x35\xa2\x32\x41\x61\x2f\
\xb3\xcc\xa4\x00\xaa\x6f\xa6\x16\x8b\xe8\xac\xc3\x52\x13\xa5\x7a\
\x1c\xcc\xd1\xf6\x63\xa6\x80\x96\x3a\x28\x63\xa8\x86\x44\xf5\x81\
\xef\x1c\xa0\xaa\xa3\x21\x7a\x9a\xb0\x34\xf7\x32\x3f\x63\xaa\xde\
\x09\x82\x68\xab\x27\x4e\x9a\xd4\x7b\xe5\x10\xb0\x66\x65\xfc\x33\
\xc0\xd8\x0c\xa1\xdd\xda\x87\x86\xbd\x0a\x01\xee\xcd\xa2\xaa\x5f\
\x10\x0e\xb4\xd8\x42\xc5\xfc\xc5\xa5\xbd\x14\x24\x29\x39\x3f\x76\
\xe1\xa7\x65\xf2\x6c\x5f\x20\xa8\x56\x13\xeb\x76\xa7\x71\x1d\xaf\
\xf1\x94\x26\xa2\x8e\x80\x20\x34\x52\x88\xb6\xf9\xaf\xf9\xf2\x1d\
\xad\xbc\xb6\xb9\x6e\x38\xea\xd9\x3c\x8d\x9f\x3b\x93\xe2\xef\x78\
\x15\x46\x96\xec\xf4\x42\x54\x77\xe8\x8a\x26\x14\x46\x3f\xa1\xde\
\x5e\x4a\xb6\x36\x79\x11\xb4\xbd\x9e\x35\x89\xfa\x62\x81\x0a\xd7\
\xf1\x63\xc4\xa6\xe3\x11\x60\xbb\x0c\x04\xaf\x8a\xf3\x6a\x96\xd3\
\x7a\xd0\x49\xe7\x14\xef\x62\x61\x48\xc4\xe1\x1c\xa0\xf2\x5a\x01\
\xf0\x7e\x9a\xe2\xbe\x17\x1d\xf4\x10\x53\xb5\xd1\x5a\xfb\xa9\x27\
\x2e\x9a\x8e\x95\x27\x58\xa6\x99\x5e\xd2\x0a\x02\x8d\xda\x91\x70\
\xba\x0e\x8d\x28\x20\x60\xe6\x88\x4a\x97\x93\x40\x2a\x42\xa8\x8e\
\xbd\xe1\x95\x78\x45\x9a\x45\x49\x2c\xe1\xd6\xbe\xa5\xc3\xac\x3d\
\x54\xe7\x8f\xf4\x42\x42\xd5\x41\x02\x00\xbd\xdc\xf1\xb6\x91\x0c\
\xf8\x12\x07\xe2\xb5\xc6\x76\x54\xb6\x13\xc9\xd3\x37\xa6\xc5\xa0\
\x2f\x2f\x70\x0b\xbf\xa4\x7d\x9e\x50\x05\xee\xc2\x1d\xbd\x57\xab\
\x43\xc3\x7d\x76\xc9\x57\x3b\xdf\xf4\x40\x59\x8a\xfd\xe8\xa1\xb1\
\x30\xee\x94\xb9\xa4\x2b\x69\x7b\x11\x0b\x44\x50\x61\x9d\x36\x85\
\xbc\xa5\xfd\x00\x01\xb6\xfe\x57\xf9\xb8\xfc\x5a\xb8\x2d\x7b\x50\
\x25\xfe\x00\x54\x18\x44\x9b\x5e\xa4\x59\xee\x45\x6f\xf6\x23\x9e\
\x71\x87\x2d\x9f\x85\x7a\x62\xbd\x69\x4b\x00\x15\x2e\x3d\x8d\x34\
\xc4\xb5\x40\x94\x11\xd9\x7b\x91\x13\x6e\xbb\xbe\x4d\x7f\x0c\x86\
\xfb\x16\xd8\xc8\x9e\x38\x93\x6c\xdf\xea\x6d\x9d\xfb\x90\xfd\xf0\
\x79\xd6\xa5\xfe\xc4\xa5\x8d\x26\xb5\x9e\x3e\x7e\xa3\xf4\x4e\x7a\
\x60\xe0\x8b\x47\x0f\xcd\x96\x94\x05\x82\x6a\x2b\x19\xdc\xf6\x90\
\x21\xd9\xee\xcf\x1c\x56\xa8\xaf\x40\x86\x5a\x4a\x65\xdb\xca\x9f\
\x51\x31\xea\x77\xe6\x8f\x6a\x5e\x50\x71\x52\x54\x41\x6d\x2f\xdf\
\xbf\xdb\x41\x1e\xf1\x01\xa5\x6a\x5e\xa1\x96\xb3\x83\xd7\x1e\xdc\
\xa8\xaf\x4b\x26\xa5\x7d\x08\xd6\xd8\x66\x45\x04\x95\xcf\x7a\x93\
\xf9\xe7\x08\xae\xb1\x6c\xc3\x5a\x51\x05\xe6\x28\x19\x3f\x0b\xaa\
\x38\xdc\x39\xb7\x1b\x9c\x0a\x71\x50\x21\x9f\x78\x5c\x6c\x0f\xcd\
\x46\x50\x65\xc1\x0a\xd3\x96\x15\x2a\xd2\xb7\x5b\x3f\x83\x16\xee\
\xab\x23\xb3\x58\xb7\x01\x6c\x99\x69\x96\xc4\x75\x5b\xa6\x66\x10\
\x7a\xe6\xdd\x0b\x04\xd5\x1b\x4b\x04\x0c\x59\x55\x63\x29\xd6\x13\
\x6e\x85\x20\x54\xdc\xfd\xf8\x5c\x5c\x59\x69\xa9\x5f\x81\x79\x38\
\x65\xfe\x50\x3d\x59\x8b\x56\xe5\x85\x22\xa5\xdf\x91\x30\x24\x8b\
\x8a\x45\x8f\xd5\xc8\xd5\x5b\x76\xe9\x8a\x61\x4f\x11\x85\xfe\x90\
\x86\x0c\xe2\x44\x08\x55\x1c\x0d\x53\xe4\xe6\x4e\xad\x00\xe7\xec\
\x1c\x8b\x3b\x64\x53\x1c\x6b\x3f\x09\x2a\xa2\x84\x5c\x9c\x8e\x88\
\x7b\x27\xf1\xd5\xf2\x9a\x05\x2b\xe3\xc8\x9b\x13\x4c\xfb\xac\x50\
\xc9\x36\x98\xba\xfc\xd3\x48\xa3\x8e\x68\x3d\xc7\xb0\xaa\x2e\x5d\
\xd6\x42\x20\xbb\xc5\x0e\x51\x7f\x53\x16\x08\xaa\x1b\xb8\xce\xa7\
\x7c\x29\x79\x6d\x6e\x5c\xe1\x6d\xf6\xbc\x23\x6a\x8e\xc7\x1d\xd4\
\x4e\x27\x2f\x8a\x89\x49\x4f\x9d\x30\x5b\x7b\xe6\x0f\x55\x55\x23\
\xba\xe1\x3d\xde\xd7\xf7\x61\xe0\x2c\x52\xde\xbf\x41\x92\x9c\xbf\
\x5e\x2b\xd7\x85\x90\x48\x55\xaf\x4c\x51\xf7\xc4\x62\x85\x4a\xfe\
\x48\x0b\x5a\x2e\x54\x62\x75\x34\xd8\xb5\x94\x3e\x04\x53\x4c\x8d\
\x1f\x86\x2a\xae\x8a\x88\xff\xb2\x38\xae\x4f\x2e\x3f\x8a\x35\xf1\
\xe9\x02\xfd\xdd\x3b\x49\xda\x3d\xcf\x09\x6b\xac\x7e\x79\xf3\xb8\
\x69\x9f\x15\xaa\xd4\x93\x00\x87\xa7\xb9\x02\x96\x4b\x6d\x5c\xe0\
\x6d\x0a\x2b\x40\x47\xa6\x3d\xa8\x64\x3d\xfc\x4c\x59\x40\xa8\x98\
\xf2\xc2\xf1\x51\x45\x66\x42\x6c\xe7\x63\x25\x6a\xae\xc1\x89\xfe\
\xee\x3b\x8a\x8a\xe2\xc2\xff\x26\x54\x9e\x67\x56\xba\x17\xed\x1b\
\x78\x82\xe4\x13\xf7\xd0\xbe\x4d\x79\x3b\x32\x55\xaf\xfd\x39\xb5\
\xa4\xc3\xce\xa2\x65\x3c\x54\x9d\xb5\x5e\x7e\x25\xfe\x7d\x3a\x68\
\xe8\xe2\x2a\x85\x7c\x85\xfd\xd5\x16\x3b\x70\x01\x73\x7d\xfc\x1f\
\x86\xca\x2c\xfc\x65\xd4\x58\x4f\x9f\x76\x42\x06\x0f\x15\x0a\xbc\
\x0f\x90\xc9\xcf\x78\x96\x37\x9b\xcd\xb7\x56\xa8\x88\x9e\xfe\x70\
\x9a\x2b\x20\x12\xfb\x8a\x37\x8c\x9c\xc5\xaa\xfa\x74\xed\xac\xd0\
\xdf\xe5\x7f\x1c\x2a\xbf\x06\xed\xf0\xd5\xe7\xa6\x95\x1c\x38\xa8\
\x2e\x24\xbf\xdc\x79\xbd\xe8\xb9\x6b\x81\x39\x22\xc6\xfc\xa1\x3a\
\xd0\xa8\x5c\xeb\x1d\x3b\xf0\xd4\x75\xa0\x0b\xc9\x57\xdc\x43\x97\
\x7b\x47\x55\x11\x23\xa6\x92\x6d\x99\x16\x2a\x5d\xf6\xd0\xed\x68\
\x56\xf5\xe0\xa3\xc9\x39\x74\x06\xa8\x78\x96\x7e\x18\xaa\xd8\xfd\
\x9c\xa4\x1d\xe2\x56\x0d\x50\xe3\x6a\xe8\xd6\x74\x50\x1d\xe1\xa1\
\x42\xbf\xb7\x01\x8c\x72\x75\xa9\x3d\xa8\x2e\x6b\x67\x5a\x6d\xd4\
\x75\x6c\x3d\x3f\xad\xd9\xab\xc0\x76\xfd\x55\xb3\xec\xff\xb9\x4c\
\x2d\x24\x54\x6e\xc5\xf9\xd6\x51\x78\x02\x55\x6c\xa7\xb3\x3c\x37\
\x9d\xd9\xec\x5c\x60\x5e\xa6\x61\xfe\x50\x95\xdd\xf5\x8a\x0b\x95\
\x05\x9e\x91\x57\x56\x21\xa5\xf1\x30\x6a\xca\x8e\xdf\x6d\x69\x5e\
\x5e\x4d\x0b\xd5\xe7\xbb\xc5\xc5\x1d\xcb\x4e\x59\xbb\xcb\x1a\xb0\
\x2c\xe4\x28\x94\x57\x60\x5a\xf7\xf1\x27\xe9\x54\xc4\x82\x1f\x32\
\x5d\x88\xbb\x08\x13\x54\xa8\x2b\x00\xc0\xc8\x19\xf5\xec\x40\xb5\
\x37\xca\x7e\x4b\xcd\x4b\x27\x6b\x9a\xbc\x46\x54\xf5\x49\xfb\xd6\
\xac\xd3\x99\xff\x15\xa8\xae\x21\x46\xa8\x4b\x8c\xbf\x46\xa8\xe2\
\xad\xe3\xc3\x13\x8d\x5b\xbb\xa9\xd7\xe6\x60\x26\xf3\x87\xea\x5b\
\x5c\xfb\xd1\x88\x90\x23\x47\x9c\x6a\x56\x21\x59\xf6\x5a\xe4\x5a\
\x21\xb8\xcb\x2b\xbb\x6e\x0a\x22\x93\x82\x49\x7c\xee\xdb\x57\x54\
\x1a\x01\xa2\x39\xf2\x7e\x12\x54\x0c\xee\xdc\x4d\x4c\x13\x38\x8a\
\xba\x65\x86\x8a\x2a\xc2\x7a\xf4\x0a\x4f\xfb\x50\x79\x4d\xcd\xa0\
\x2d\x31\xde\x96\xb8\x32\x83\x5a\x60\xed\x96\xad\xd8\xdf\xe5\x7f\
\x18\xaa\x60\xc1\x10\x3b\x27\x35\xc3\x72\xb4\xbf\x25\xd9\x21\x32\
\xf2\x82\x3f\xaa\x34\xc7\x4c\x99\x3f\x54\x8d\x9d\xf9\xcb\x6b\x2b\
\x3c\x77\xa8\x8f\x06\x22\x2f\xc3\x5d\xdc\xc0\x08\x6e\xf2\xa7\x75\
\x99\x6b\x81\xd8\x83\x4a\x5e\x8e\x6b\x10\x3b\x36\xc9\x08\x80\x02\
\xae\xb5\xfa\x59\x26\x05\xac\xf9\xbb\x48\x97\x36\x32\x89\xb2\x3c\
\xca\x1c\x90\x83\xe9\x60\x01\x86\xf7\xda\x85\x4a\xee\x0d\x90\x30\
\x5d\x9c\x84\x74\x5d\x8d\x65\x65\xe6\x4a\x93\x09\x4e\x22\xcc\x0d\
\x61\x69\xc6\xae\x11\x49\x11\x0b\x85\x96\x1f\xdb\x1a\x5b\x4d\xb6\
\x84\x78\xf2\xd3\x1c\x0d\xbb\x81\xdf\x6b\x5c\x70\xa8\xfe\x12\x87\
\xf9\x46\x68\x00\x17\x47\xe7\x21\x86\x42\x31\x88\x42\x1d\xe6\x75\
\xb2\xe7\x0f\x95\xf7\xe9\xd4\x8f\x67\x1c\x3e\x74\xa8\x71\x13\x7a\
\x4c\x25\xbd\x89\x8d\x0b\x14\x11\x7b\x50\x61\xea\x21\xbb\xd6\xe6\
\x50\x67\x5c\x81\xd5\x73\x5b\x3f\x0b\xaa\x4e\x00\xc5\x2a\x3b\x99\
\xc2\x22\x1b\x8e\xb6\x4c\x11\x54\x92\x01\x9b\x88\x50\x7b\x50\x91\
\x26\x39\x7a\x9a\xc5\xed\xa9\x7a\xda\xba\xe4\x61\x24\x0b\x7a\x3b\
\x85\xe5\x20\x32\x3a\x49\x96\x09\x70\x56\x88\x8c\xf5\xd4\x9d\x06\
\xee\xa8\x9d\xe4\xc7\x71\xd3\x29\xa6\xb6\xf7\xe1\x82\x43\xb5\x83\
\xf3\xbe\x11\xc8\x1f\xd1\xa1\xc8\xf7\x0b\xf3\x52\x59\x8a\x4b\xe1\
\x37\xf3\xc0\xc5\xbc\xa1\x72\x1d\xcb\x7b\xd6\xb2\xef\xce\x92\xda\
\xa0\x0d\x7e\xb8\x4c\xaf\x89\x6f\x72\xce\xee\xa8\xaa\x5d\xa8\x96\
\xd0\xc0\x3e\xb3\x39\xd4\x57\x61\x8e\x29\x86\xa1\x52\x48\xcd\xd8\
\x3f\x02\x95\x9b\xc5\x46\x6f\x23\x5e\x5b\xac\x50\x21\x3f\x32\xa1\
\xfc\x69\xaa\x3d\xa8\x36\xd1\xd3\x9a\xa0\xfa\xdb\x1a\xac\xbe\x38\
\xc4\xaa\x7e\xd5\xe6\x10\xf7\x28\x61\x61\xce\x02\x15\x42\xc9\x7a\
\x1b\xa8\x4c\xcd\xca\xee\x05\x87\xea\x1a\xdc\x10\x27\xac\x53\x39\
\xa2\x4b\xe7\xbd\xd6\x74\xc6\x63\x95\xc5\xc3\xbc\xbc\xd9\x69\xc5\
\x1c\xa1\xa2\x4d\x4f\x96\x35\xac\x5e\xe7\x54\x74\xf3\x51\x58\xe2\
\x6b\x39\xea\xa4\xc5\x58\x50\xe5\xf4\x29\x3b\x79\x61\x36\xd8\x71\
\x48\x71\xc5\xdd\xb2\x37\x36\xed\x1f\xae\xbf\x1e\xf0\xc3\x95\x18\
\x2a\x1b\x2f\x85\x5c\x5a\x02\x55\x2e\x0b\x63\xb3\x40\x45\xec\x47\
\xef\xec\x3b\x90\xbb\x1a\x05\x50\xa1\xcd\xb8\x41\xa6\xdf\x17\x58\
\xec\x54\x05\x16\xa8\xbc\xce\x4b\xd6\x03\xb7\x4a\x0f\xc4\x52\xc8\
\xd9\xd5\xb4\xb3\x05\x60\x4a\x3a\x3d\xda\xf5\xa6\x88\xa9\x59\xa1\
\x42\xb1\x52\xa8\xa2\x4d\x1e\x6b\xea\x93\x0b\x0d\x55\x15\x44\x88\
\x13\x46\xe8\x03\x48\x5d\x70\x39\xd4\xdf\x53\xfd\xdc\xc7\x79\x83\
\xc9\x4d\xed\x83\xaa\x78\x0e\x50\xdd\x43\x1d\xe6\x11\xfb\x65\x8d\
\x68\xd7\x95\xd7\xb9\x0e\xa7\xba\x3f\xe3\x57\x6a\x10\xbb\x3b\xfa\
\x0d\x65\xda\xf3\x7f\x64\x8c\xb6\x6b\x28\x23\xb4\x86\x86\x68\xa9\
\x5d\xa7\x3f\xc9\x12\xc6\xbf\x29\xdb\xae\xeb\x8b\xc8\x27\x6f\x4e\
\x4e\x7a\xe9\x01\xe6\xca\x4f\x2a\x31\x49\x5a\xe1\x62\x85\x9e\x7b\
\xf0\xd9\xb4\xd9\xa2\xae\x34\x02\x6b\x0e\xc9\xd5\x8d\xdb\x35\xbb\
\x83\x7f\xa9\xeb\xe9\x17\xf2\xef\x93\x53\x9f\xf9\x86\xbc\x5f\x0f\
\xb4\x64\xc5\x53\x6a\xab\x98\x29\x28\xac\xc0\xc2\x69\x1f\xcf\xb6\
\x61\xe9\x61\x39\xa8\x64\x3d\x38\xf5\xbb\xbb\xe9\x99\xc4\x50\x91\
\x4e\x82\x8c\xb0\x6a\xf5\x45\x5e\x20\xa8\xb2\xe8\x56\xb1\xce\xd8\
\x4f\x96\xaa\xcb\x39\xeb\x9c\x18\xb8\x24\xb9\x8c\xaa\x34\x8d\xb1\
\x7e\x50\x7d\x9e\x03\x54\x39\xa8\x82\xe5\xcb\x8a\x1a\xe8\xdc\x7c\
\xf5\x4e\xa8\xc7\x26\xd9\x9f\x0e\x08\x1d\x3e\x2e\x1e\xed\xca\xd3\
\x8a\xe3\x1b\x9a\x84\x99\xb2\xf9\x40\xb1\x38\x6d\x04\xc8\x10\xdb\
\xba\x95\xef\x01\xc6\x4d\x55\x91\x3d\x7f\xaa\x2a\xa9\x3f\x55\xe4\
\x1c\xa0\x62\x70\xb1\x6e\xb1\x3b\xcb\xa7\x49\x2b\x76\x2c\x48\x27\
\x55\x81\x79\xec\x4f\xe8\x4f\xe5\x95\x02\x50\x63\xaf\x0b\xf9\x08\
\x26\xbc\x96\x93\x08\x2e\x6b\xb9\x9f\x54\x1f\xc0\x41\xb1\x4a\xff\
\x9b\x8d\xbf\x0b\x91\x56\xb2\xeb\x2f\xd3\x0f\x02\x95\x13\xe7\xc2\
\x10\x4d\x7a\x14\x59\x52\xa8\x08\xa6\x9b\x88\x9e\x71\x61\xa1\xa1\
\x6a\x8a\x92\x84\xf4\xf5\x3a\xde\x87\x35\xad\x8f\xfd\xd7\x5e\x7c\
\xef\x6a\x64\x1c\x4c\x6b\x67\x38\x6a\x1a\xe7\x04\x55\xac\x8a\x2f\
\xe0\x98\x2d\x97\xba\x06\xb3\x86\x0f\xe7\xca\x9a\x03\x91\x6c\x43\
\xbc\xf8\xa6\xa7\x14\xef\xec\xe5\xc5\x15\xbf\xb1\x6b\xb6\xc9\xfb\
\x5a\x81\xfe\x26\x34\x21\x29\x5b\x58\xb8\x6d\x76\x99\xcb\x8f\xb6\
\x85\xaa\x0b\xa0\x4d\xa4\xdc\x63\x2d\xfc\xa4\x30\xc1\xae\xe7\x67\
\xfb\x2d\x8c\x84\x70\xf6\x8b\xfc\x11\x1f\xb4\xfa\x72\x80\xc4\x5b\
\xc5\x3f\xd3\x0a\x15\x71\x27\xb6\xe8\xe0\x97\xf7\x08\x1c\x9d\x89\
\x78\xed\x20\x83\x40\xea\x10\xf8\x0b\x71\xc6\xf2\x06\x9e\xf5\x03\
\xb4\x24\x60\x7c\x7f\xb6\x3d\xa6\xa6\x83\x8a\x7b\xe0\xc7\x12\xa8\
\x14\x24\x94\x68\x1a\x51\x66\x42\xb5\x0b\x0c\x95\x2c\x41\x25\x39\
\xaf\x70\xbd\x0c\xa5\x1f\x75\xbe\xda\xd7\x5c\xbc\x4c\xd6\x6f\x5a\
\xad\xc7\x43\x9f\x31\x17\xa8\xa8\xc3\xfc\xa0\x07\xda\x74\x54\x9e\
\x7c\x77\xb8\x2e\xaf\x7b\xdf\x79\x27\xd4\x9f\x99\x26\xbe\xc5\x23\
\xfa\x9e\xbd\xbc\xa4\x8e\x02\xd8\xae\x83\x8d\x89\x1e\x03\x45\xb0\
\xb5\xb4\x7d\xae\xaa\x60\xd2\x12\x0d\xf8\x98\xd6\x0a\x95\x3c\x86\
\x67\x2f\x1c\x20\x40\xa4\xb3\xe0\xac\x47\x09\xbf\x1d\x21\x54\x94\
\x9f\x99\x82\x92\x08\x1a\x22\xac\x6e\x36\x6e\x8d\x01\x7c\x5b\xe6\
\xa8\xd1\x09\x5d\xe4\x49\xc4\x02\x85\x05\x2a\xaf\x4c\xe1\x97\x10\
\x38\x06\xec\x1b\x6b\x75\x77\x26\x3e\x9b\xf8\xf2\x3d\x53\xe9\xd2\
\x11\x17\x61\xdf\xb4\x04\x61\x28\xb1\xbe\x09\x5a\x08\x67\x3b\xfe\
\x2e\xb3\x41\xe5\xc6\x8a\xa1\xe2\x0c\x2f\xcd\xc7\xc9\xc3\xd4\x2c\
\x30\x54\x28\x83\x7e\x24\x4e\x88\xc3\x6f\xd0\x6f\x83\xe7\xfe\x64\
\x39\xfe\xc4\x98\x8d\xbc\x8e\x94\xa7\x4d\x61\xe6\x00\x15\x13\x11\
\xc0\x47\x51\xbf\xbb\xbd\xff\xb5\x43\x56\xe0\xd6\xcd\x0e\x8d\xc4\
\x39\x4d\xd2\xd7\xab\xb0\x6b\x50\x47\x41\x2e\x60\x3f\xca\x50\xd0\
\x61\x0d\x4c\xae\xf6\x54\x33\x0c\xa3\x7e\x5c\x37\x01\xba\x0c\x6b\
\x80\x5f\x0f\xdc\xaa\x54\x06\x63\xb9\x51\xf8\x7a\xc5\x7a\x1e\x69\
\x07\xb3\xb9\xdd\x2c\x45\x00\x3a\x61\x67\x9f\x40\x55\xdf\xd3\x53\
\x11\x7c\xa3\x32\xe5\xe6\x6d\x5f\x73\xb2\x6b\xb1\x16\xa2\xee\x26\
\xfa\xc9\x19\xc6\xf9\x4c\x47\x36\x4c\xf0\x08\xac\x52\xa8\x24\x9a\
\x92\xfc\x0a\x6d\x86\x6a\xaf\x5e\xb4\x4a\x93\x5b\x86\x0e\x8c\x71\
\x59\xce\x72\x46\xee\x77\x3a\x56\x4b\xe7\x60\xcc\x99\x42\xd8\xe2\
\x84\xae\x91\xe6\xaf\xde\x34\x55\xa7\x1e\x20\x53\xa0\x28\x76\xd8\
\x67\x6a\x5a\xa8\x88\xab\xab\x14\x2a\xe2\xa5\xe5\x66\xa0\xc9\x7c\
\x8c\x4f\x0b\x0d\x55\x8f\x70\x51\x05\x22\xa7\x15\xb8\x60\x0f\x15\
\xa9\x6b\x63\x10\xb3\xbf\xb6\xee\x50\x8c\x2f\x7e\x7a\xd7\xd1\x61\
\xe5\x1c\xa0\x52\x6e\x21\xf5\xbb\xaf\x7b\xe8\xf9\xac\x7d\xbb\x8b\
\x8f\x1e\x5a\x27\x3f\x87\x79\x6a\xd4\x8a\x5b\x58\xfc\x25\xd9\xd5\
\x88\x07\xb5\x01\x3a\xfb\xbd\x7a\xf9\xb3\xa7\xd1\x90\xb9\x25\x3e\
\x27\x7e\x4b\x26\xb8\x1c\xa9\x12\x0c\xd2\x05\xb2\xa0\xd3\x19\x32\
\x33\x33\x0d\x3a\x1d\x04\xf0\xfd\x8a\xfd\xba\x00\xf1\x98\x6d\x9c\
\x2e\x40\x23\x0c\x87\x2d\x9a\xf7\xa7\xb0\x4e\x69\xa0\x12\x07\x7a\
\x69\xdd\xfa\x8d\x39\xf1\x63\x7a\xc5\x9e\x0e\x13\x87\xfe\x06\xcd\
\x2a\x49\x86\x9c\xce\x99\xa1\xc2\x6d\xa3\x4e\x68\x85\x93\x57\xd5\
\x68\x21\xa0\x35\x25\xe7\xcb\x71\x9d\x66\xb8\x88\x8c\xc7\xf4\x0f\
\x0f\xe3\x77\x2c\x6f\x31\x8e\x0e\x98\x5f\x84\xff\x64\xf9\xbb\x38\
\xcb\x39\xd3\xfa\xbb\x4c\x03\x55\x1b\xd1\xa9\x3c\x40\x04\x15\x4b\
\xea\xee\x70\x3e\xf6\xcb\x25\xb3\x82\xb6\x50\x50\xf9\x83\x24\x5a\
\x94\xdf\x83\x14\x06\x85\xdd\x52\x7e\xac\x4d\x7c\xe3\xdd\xe5\x76\
\x7f\x92\xc5\x39\x57\x6f\xb9\xe8\x3c\x07\xa8\x36\x9f\x7c\xa7\x44\
\xf2\x84\xcc\xc9\x08\xe7\xbf\x22\x8e\x7e\xff\x6d\xb9\xe7\x96\x54\
\xac\xa5\xd5\x88\xfb\xd9\xea\x29\x85\xdd\x61\x7a\xbf\x53\x9e\x8e\
\xd3\xb9\xda\x52\x25\x17\xee\x16\x6e\xbc\xb9\xb1\x70\xe7\x52\x37\
\xd1\xd5\x9a\x9e\xf9\x06\x3a\x66\x5d\xbe\x7c\x39\xcb\x31\xd0\x77\
\x13\x3f\x39\xf0\x58\xa0\xe7\x07\x51\x94\xa0\xfe\x40\xcf\x53\x42\
\x45\xdd\x6b\x89\x50\x84\x86\x74\xaa\xba\xeb\x8f\xc2\x8d\xcd\x29\
\x03\x3b\x7c\x2d\xf6\x85\x12\xf7\x33\x92\xaf\x02\x57\x9e\x6b\x4d\
\x1b\xae\x36\x99\xa6\x2e\x77\x07\xe7\xbc\x3e\x18\xdf\x58\x17\xc8\
\xb7\xc6\xe6\xc0\x8a\x5e\xed\x96\x9c\x33\xb8\x32\xb4\x7c\x19\x41\
\xc7\x61\x1a\xb1\x81\x4a\x96\x56\x5c\x5c\xdc\xc2\xd5\x9b\x77\xc4\
\x50\x71\xeb\xfc\x9d\x00\xe8\x23\x29\x21\x0b\x0c\x55\xbf\xfe\xa2\
\xa4\x27\x16\x1b\x35\x88\xd4\x09\xe9\x61\x35\x29\x91\x32\x35\xca\
\x58\xa9\x6d\x96\x23\x66\x63\x40\xfe\x1c\xa0\x72\x54\x15\x22\xe4\
\x7e\xbf\x20\x7e\x59\x60\x18\x13\x5a\xfa\x44\xbe\x23\x18\xa1\xdf\
\x15\xeb\xc4\x37\x70\xd4\x0d\xcd\x77\x79\x96\xff\xb4\x14\x4e\xc7\
\x94\x2d\x54\x02\x69\x14\x43\x45\x16\x55\x72\x36\xe2\x5a\x8c\xc0\
\xb5\x6d\x81\xa1\x92\x15\xa8\x24\xcb\xa5\xed\x26\x0b\x6a\x6d\x8f\
\x55\x6f\xe5\x1c\x21\x47\x02\x06\x12\xf0\x95\xdf\xb0\xbe\x73\x80\
\xaa\x93\x38\xdf\xc5\xad\x9c\x58\xef\x93\x7e\x96\x42\x54\x77\x7b\
\x02\xfe\xa8\x0e\x99\xe7\x64\x9a\xe5\xd3\x4c\xbe\x6c\xff\x07\x65\
\x7a\xc7\xbc\x19\xa0\xda\xa4\x11\x43\x45\x74\x5f\xb2\x9e\x09\x4d\
\x34\xc4\x64\x76\x61\xa1\x42\xc1\x96\xd1\x89\xda\xe5\x9c\xed\xc7\
\x6f\x4f\xb9\x12\x95\xb4\x5e\x8e\x2c\xc2\xd8\xc8\x97\xb7\x1d\x48\
\xfb\x48\x3c\x7d\x1c\x66\x87\xaa\xef\x0a\x5d\x85\x94\x21\xb9\x7f\
\x6e\x49\x74\x7e\xf3\xb1\xaa\x6c\xe9\xb5\x1c\x06\x85\x1a\xcf\x71\
\x95\xbf\xfb\x59\xb3\x65\xa6\x72\xc6\xc9\x71\x0b\x2f\x8c\x6c\xf6\
\x63\x7e\xa6\xfc\x00\x54\xf2\xb7\xfc\xa0\x8e\x05\xaa\x28\xd2\x58\
\xc7\xb8\x63\x21\xed\x8e\x72\x81\xe3\x53\xe1\x6b\xf0\x01\xb8\x65\
\x71\xc7\xf5\x83\xb8\x83\x8d\x75\x77\xb2\x50\xcb\x1f\x57\x49\xaa\
\x47\xc6\xc1\x67\x94\xfb\x86\x54\x94\xcb\x1e\x9a\x1d\xaa\x96\x84\
\xb6\xbd\x28\x37\xc4\x59\x5d\xd4\xda\x93\x17\x7e\xc5\xc1\xa7\x1c\
\xf7\xdb\x1d\x58\xac\x95\x63\x85\xe6\x1a\x7b\x94\xef\x04\xc6\xac\
\xd7\x04\x4e\x9b\x9b\x45\x20\xea\xc6\x72\x9b\x11\xc8\x7f\x54\xe6\
\x01\x95\x72\xcd\xea\x35\xe4\xdb\x94\x47\x80\x18\xaa\x0c\xf1\x25\
\xef\x2e\x30\x54\x6e\x2e\x5a\xce\xcb\x52\x5e\x41\xb3\x9b\x98\x35\
\x8d\x14\xf2\x70\x39\x41\xa1\xfc\x31\x77\xe4\xb4\x9a\x84\xbc\x96\
\xa9\x0b\xbb\x51\x53\x52\x81\xc3\x6c\x50\x65\x2e\x55\x44\x30\x54\
\x06\x31\x35\x79\x56\x0e\x57\x31\x68\x0d\xae\xa8\xd4\xe5\x0f\xda\
\x51\xa8\x77\x3a\x2a\x36\xc7\x23\xf8\x5d\x71\x7e\xde\x6b\x73\xfe\
\x9b\x32\x98\x09\xbd\xff\x2a\x55\xf3\x80\x8a\xf4\xfe\x38\xf7\x7e\
\xcf\x24\x31\x54\xcb\xc5\x97\xfc\x7d\x41\xe7\xfd\x71\xee\x69\xbc\
\x1f\x8a\xf3\x11\xd8\xba\x52\x85\x15\x20\x66\x40\x9b\x85\xd0\x8e\
\x0c\x5f\xef\x86\x0a\x0a\x79\xf6\x3d\x0d\x7f\x17\x83\xe2\x55\xab\
\x67\x83\x2a\xa7\x03\x4a\xd1\xae\x02\xce\x74\xad\x4e\x58\x7f\x28\
\x79\xc5\x2e\xb2\x50\xe7\x0e\xb2\xac\xf0\xc9\x75\xc3\x74\x1d\xdf\
\xf9\x29\xe6\x5f\xc5\xa2\x15\xe5\x2b\x03\x5c\xf4\x9d\xfd\xb8\x9f\
\x26\xf3\x84\xca\xb0\x8a\xa4\x2e\x15\x41\x95\x49\xac\x1f\xae\x25\
\x9c\x90\x7e\xaf\x2c\x7b\x61\xa1\x42\x6f\x81\xf7\x1f\x53\x46\xaa\
\xb0\x9e\xa7\xc2\x1f\x42\xb2\x61\x25\x85\x62\x6e\xb6\x3a\x04\x8e\
\xe5\x5f\x6b\x5d\x6b\x58\x9f\xbd\x1d\xd5\xc1\xce\x07\xb3\x40\xf5\
\x64\x45\xdb\xa0\x57\xc4\xb7\x95\x1d\x3e\x98\xa5\xf1\xfc\xab\xa3\
\x57\x31\x5c\xde\x0d\x41\x88\xf9\x4a\x0c\x7f\xc7\x2f\xf1\x1d\xeb\
\x49\x78\xf1\x83\x39\xfd\x97\x84\x1a\x49\x80\x06\x7b\x6e\x14\xff\
\x90\xcc\x13\x2a\x68\xe5\x6c\xb2\xf5\x42\xa8\xb8\x05\x5a\x8b\x0d\
\x9c\x54\x5a\xf6\x2e\x20\x54\xfd\x2e\x2e\xfd\x08\x3d\x6f\x2c\x0f\
\x00\x88\xef\xf2\x20\xa1\xa9\x33\x32\xb1\xd6\x73\x06\x6b\x58\x6b\
\x87\xbe\xbe\xc8\x5d\x1b\xd2\x1a\xe5\x38\xe8\xb2\xa2\x63\x66\xa8\
\xca\xaf\xd1\x87\xa9\x4f\xba\x6c\x85\x77\x73\x55\xd3\xcd\x48\x44\
\xf9\x86\x22\xd4\xa5\x20\xdd\x80\xbc\xe4\xb2\xdb\x40\x9f\x4c\x09\
\xc6\x35\xe0\xef\xec\xe4\xa2\x8d\xde\x6a\x16\x9f\x3f\x32\x6f\xff\
\x7b\x7a\xdf\xf4\x50\xed\x21\x75\xbb\xad\xf1\x93\xb3\xcb\xd7\x6e\
\x10\x40\x45\x06\x22\x98\x04\xfe\xb8\x93\xa4\x9f\xd1\xb5\xc0\x50\
\x31\x39\x64\x9c\x21\x92\x85\x93\x2b\x75\xa6\xb1\xff\xc0\xe8\x42\
\x62\xb7\x53\x86\xb7\x5e\x77\x75\x2f\x77\x9f\x70\x88\xea\xa4\x2a\
\xd9\xba\xe3\x33\x41\xc5\x76\x36\xeb\x7c\xe5\x39\x13\x9f\x8f\xa8\
\x7f\x2b\xb8\x99\xc1\x5b\x54\x53\x0b\x8e\xf3\x76\xc3\x33\x51\xeb\
\x07\x74\xd0\x10\x4a\x46\x28\xfe\xfa\xc1\x8c\xfe\x9b\xe2\x1b\x62\
\x1d\x5e\xfc\xa7\x65\x7a\xa8\x8c\xf6\xa1\xe2\x5d\xdc\x7d\x75\x26\
\x5f\xbf\xe3\x40\x13\x67\x98\x63\xe6\xb8\xeb\xc4\xbd\xcb\x27\x6a\
\x61\xa1\x42\xbf\xd1\x09\x6a\xe4\x34\xbc\x21\xd9\x69\x92\x6e\xe1\
\xf4\x1e\xaa\x58\x45\x7c\x50\x1c\x86\x73\x29\xd4\xb3\x2c\xcb\x41\
\xfb\x8a\x41\xb9\x9a\xf2\x22\x7a\x06\xa8\x22\xd6\xd0\x58\x2f\x3f\
\xb6\xc1\x88\x1f\xb0\x7a\x6b\xeb\x05\xee\x42\xdb\x59\x7e\x84\xd8\
\x6f\x23\x1c\x62\xba\x5d\xf0\x87\xe5\x96\x64\x98\x21\xde\xc0\xe2\
\x11\xd7\xd2\x6d\xff\x96\x65\x61\x7a\xa8\x2e\xe6\xe7\xe5\xe5\x5d\
\x35\xfd\xb8\x8e\xb7\xfb\x79\x07\xbc\xa4\x40\xbc\x9d\x57\x0c\x70\
\x88\xfc\xbb\x1e\x26\xc9\x3f\x45\xe6\xb3\xae\x92\x5f\x5f\x16\x18\
\xaa\x98\xe3\x24\x08\xcb\x92\x7d\x64\x2d\x58\x2d\xaf\xa1\x56\x4f\
\xb6\x56\x93\xc5\x3e\x57\xed\x0f\x2f\x70\x78\xf9\xdb\x9b\x60\x39\
\xae\xd0\xd8\xba\x94\xe9\xa1\xd2\x2f\x99\xcc\x4c\xc7\x27\x36\x73\
\xfd\x10\x6a\x49\x2b\x19\xf5\x0a\x8c\xbe\xc5\xdb\xce\x5f\x02\x59\
\x90\xed\xce\x63\xb2\x2a\x6d\xc4\x74\x33\xa1\xfe\x79\xa1\x06\x17\
\x78\x01\x13\xbb\x19\x98\x1e\x2a\xda\xa0\xd7\xeb\xcd\x15\x90\x0a\
\x6f\x1b\x4c\x7e\xec\x3a\xbc\xad\xd7\x00\x28\xc8\xbf\x34\xb0\x7a\
\xc1\x71\x7c\xa2\x62\x81\xa1\x42\x69\x50\xc8\x3f\x6b\x6c\x61\x98\
\xa9\xc4\x97\xaa\x3e\x33\xc8\x69\xbc\x33\x30\x32\x16\x79\x56\xec\
\x6e\xee\x44\xe8\x43\x80\x71\xa4\x17\x56\x4d\x03\xd5\x95\x58\x08\
\xa6\x90\xd3\xbd\xad\xdc\x90\x16\x95\x86\x55\x7d\xe4\x14\x11\x6d\
\x6a\x43\x62\x96\xdd\xe4\x8d\x54\x4e\x1b\xa6\x71\xaf\x24\x27\x8d\
\x44\xe6\x9e\x76\x74\x0c\x7c\x51\xe5\xbf\xbc\xfb\xf9\x8b\x12\x21\
\x7c\xe9\xfe\x61\xb9\xa7\x1c\xb1\x9c\xce\x1d\x79\x3e\xcd\x00\xa1\
\x3c\x2c\xf9\x43\x95\x74\x42\xe8\x8b\xe4\x5c\xeb\x98\x50\x7f\xc3\
\x2e\xf1\xde\xe4\x5d\xc9\xbb\x25\xf6\x8d\x41\x7f\x81\x98\x3a\x81\
\xab\xb6\xda\xd4\x5a\xc9\x89\xa2\x0e\x22\x15\xd4\x59\xdc\x17\x72\
\xf0\x60\x44\xfd\x8e\x5c\x93\xca\xe8\x34\x12\xe8\x2b\x55\xcc\xfa\
\xed\x75\x00\x7e\xee\x54\x77\xa1\x2c\x24\x54\x9e\x6d\x7a\xbe\xf0\
\x5d\x2d\x23\x9e\xf2\x7a\x5d\x38\x2e\x91\xf3\x9e\xde\xb9\x7b\x1f\
\xb9\x9e\xa8\x9a\x18\x24\x0b\xf0\xf4\xd5\x91\xb0\xb3\xf6\xa0\x5a\
\xb5\x5c\xf3\x60\x2f\x4a\xbd\x37\xc0\x0f\xc3\xfa\xee\xb9\x84\x5f\
\xf4\x75\xda\x6a\x05\x96\x79\x99\x72\xdc\x3a\x6d\x60\x14\xaa\x1c\
\x58\x85\x4a\xa5\x62\xb9\xcf\x91\x35\x24\x54\x9c\xb1\xe4\xa7\x11\
\x68\x6e\x9f\x8a\xc5\x7b\xef\xd8\x3f\x9f\xa9\x54\x28\x02\x24\x33\
\x6b\x52\xb3\x15\x82\xf5\xde\xb7\x49\x67\x7b\x5e\x65\x15\x49\x4d\
\xe2\xa4\xe5\xc2\x77\x3a\xc0\xa7\x55\x29\x2a\xa4\xb0\x36\x2a\x6e\
\x09\x72\xee\x5b\xe9\x02\x99\x09\x4f\x07\xee\x15\x18\x80\x35\x06\
\x73\x99\x08\x55\x29\xd8\xeb\x92\xb3\xbe\x41\xac\x6d\xbe\xff\x9b\
\x50\x51\x8d\xb6\x0b\x1b\xef\x3d\x9f\x1d\x88\xa8\x2b\x8d\xbe\x2d\
\xc9\x77\x2b\x3f\x67\x55\x14\x53\xc8\xa7\x9c\xfd\xd6\xb8\x4a\x08\
\xd5\x3a\x0b\x54\x97\x86\x74\xfe\x88\xa9\x7f\xcf\xfb\x02\x5c\x4e\
\x20\x6e\xc8\x4b\xf4\x36\xbe\xb5\xea\x71\xda\x5e\xbc\x17\x53\x36\
\x5e\x03\x4c\xc5\x7e\x2b\xea\x7e\xee\xff\xa8\x34\x78\x18\x57\xe0\
\x2e\x0f\xcd\xbe\x79\x58\x7f\xb8\x98\x96\x96\xf6\x70\x6d\x46\x44\
\xc2\xd4\x92\x69\x2e\x30\x42\xdb\x38\x64\x45\xd2\x82\x30\xb3\x5e\
\x7b\x20\x3b\x4f\xb4\x1b\x2b\xc1\xf7\x25\xb3\x1d\x30\x54\xda\x8f\
\x69\xaf\x88\x87\xd6\xb9\x02\x13\x54\xa7\x15\xaa\x52\xc9\x0b\xba\
\x0a\x85\x96\xed\xda\x3f\xf5\x60\xdc\xe1\xa1\xa4\x10\x25\x4b\xc4\
\xdb\xf4\x27\x92\xea\x87\xdb\x23\xc9\xd4\xb4\xf6\x21\x48\xb2\x9d\
\x5c\xf8\xdf\x84\x0a\x65\x65\x06\xd8\x9c\xed\xdb\x96\x90\x87\x52\
\x0f\xbe\x75\x78\x3e\xbe\x4c\x8e\xf2\x27\x71\x2f\xee\x4c\xb6\xa6\
\x2c\x55\x08\xd5\x72\x33\x54\x4e\x35\x50\xcc\xa0\xbd\x46\x6e\x3e\
\x03\x13\x96\xb0\x8e\x22\xf1\x2c\x26\x07\xa5\x17\x3d\xc0\x1e\x6f\
\x92\xa6\x59\x84\x3a\x27\x1c\x6e\x50\x7e\xc8\xc0\xa5\x12\x62\xba\
\x04\x2e\xfd\x66\xd3\x51\x4a\xe7\xe9\x62\x1e\x90\xb9\x4f\xe2\xb9\
\xeb\xd4\x00\x24\x58\xc1\xc6\xaf\x8b\x16\x0f\x3b\xf6\xe0\x1e\x96\
\xa4\xf9\xc3\xcf\xd4\x60\x6e\xec\x64\xa6\x73\x4f\x2b\xc0\x20\x09\
\xd3\xb6\xd3\xb4\xc0\x10\x16\xcf\x83\x40\x57\x5a\x60\xa5\x4e\x9f\
\xe7\xdd\x5f\xbd\x46\x41\x1a\x86\xeb\x09\x6d\x93\x84\xfe\xb3\x50\
\xa1\x13\x76\x42\x13\x76\xab\xce\xb5\xa3\xc0\xd6\xae\x8c\x67\x08\
\x39\xef\x2c\x20\xae\x94\xfe\x99\xd1\x23\xf6\xa0\x62\x2a\xe8\xa3\
\x31\x64\xd4\x6c\x72\x20\xee\xc9\x8e\x94\x0d\x24\x70\xb4\x5b\x41\
\xb4\x8d\x91\xd3\xab\x1c\xe2\xa4\x69\x02\x79\x6a\x9e\x21\xca\x8b\
\x72\x8d\x1e\x20\x82\xaf\x48\x5a\x00\x5e\xcf\xfe\x18\x71\x58\x9d\
\x15\xb5\x7f\xa1\xf7\x05\x83\xd7\x14\x71\xb3\xbd\x29\x62\xa8\x14\
\x60\x83\x44\x5d\x12\x42\x65\x16\x0c\x15\xb4\x89\x9d\xda\x7b\x38\
\x67\x13\x22\x9b\x9b\x01\xd6\x0a\xab\xbb\xc1\xc3\x5c\x0b\x4f\x26\
\xbc\x8a\xbd\xa3\x95\x64\xc4\x2e\xc4\x46\x3d\xfb\xaf\x42\xe5\x1e\
\xa5\xb7\x19\xee\x62\xbe\xb1\x19\x7e\x28\xb7\xb5\x23\x94\xf2\xec\
\xeb\xe3\xbe\x44\xea\x9a\xae\xf7\x8e\x2d\x54\x54\x91\xea\x36\xe7\
\xdb\xcd\x5c\x5e\x56\xf1\xa6\x98\xc4\x73\x44\xd5\x5f\xf5\xb6\x21\
\x18\xcb\x60\x8f\xbd\x69\x34\x66\x19\x00\xf1\xfa\x5a\x54\x1c\x0b\
\x34\x1f\x77\x7c\x3f\x40\xca\xec\x8f\xd1\x1f\x25\x69\x71\xba\xe8\
\x8b\xd6\xf6\x2e\xd1\x90\xa2\x07\x85\x88\xf4\x3a\x80\x04\x49\x67\
\x74\x3a\xa8\xa0\x41\x64\x0a\xe9\x01\x93\xe3\xbd\xfc\x04\xc0\x41\
\xf1\xc2\x81\xfc\x15\x65\x63\x60\x99\xaf\xcd\x4b\xba\xae\x46\x0f\
\xaa\x55\xd2\x5c\xff\x57\xa1\xc2\x3a\x8b\xb7\xcd\x17\x24\x2b\x66\
\x6f\x78\x21\xc7\x2f\x05\x29\x43\x1d\x26\xbf\x49\x6a\xb5\xa1\x77\
\xc9\x1a\x31\x54\xec\xab\x6b\x06\x97\x4d\x92\x73\xab\x37\x2a\x56\
\xdb\xd4\x7d\x7b\x1f\x48\xa7\xbb\x89\xe5\x86\x34\xc2\x8b\x57\x08\
\x6e\x9e\xb8\xf6\x72\xdd\x9c\xa0\x22\x61\x0a\x86\x9d\x45\xbf\xaf\
\x58\x73\x11\xac\x3b\x15\x6f\x71\x13\xe7\xa5\x1b\x60\x5c\xd2\x98\
\xda\x87\x6a\x82\x05\xd8\x22\xf4\x7b\xff\x6e\x8e\x0f\x3c\xa2\x02\
\x9d\xf4\xe9\x39\x91\x6d\x01\x10\xad\x9a\x43\xfd\xa9\x4f\xc6\x75\
\xd5\x21\xe9\x81\xff\x59\xa8\xf2\x8c\xac\x6d\x63\xaf\x0e\x66\x0f\
\xc7\x20\x59\xe0\xee\x12\x4b\x41\x50\xeb\x34\x2e\x6f\x63\x15\x02\
\xa8\xf4\xa5\xcb\x02\xb4\xd2\xe9\x7a\x97\x8e\xea\xe2\x6c\x2c\x32\
\xd4\x56\x38\x3a\xa3\xcb\xe7\x43\x00\xc9\xbc\x9b\xe5\x34\xd0\xdc\
\x70\x77\x11\xc0\xd3\x39\x3c\xc6\x6e\x16\x54\x82\xae\x7e\x5e\x94\
\xc0\xcb\x66\x73\x52\x04\x75\x81\x86\xde\x7c\xc1\xf1\xcb\xe7\x0a\
\xd5\xb7\xbf\xb0\x3a\x14\x22\x98\x16\x58\x67\x8a\x6c\xc2\xa4\x00\
\xdc\xb2\x6b\x79\x93\x1f\xb4\x06\xc3\xe6\xa4\xa4\x37\x9e\xe9\xc4\
\x19\x90\x4e\x2e\xfc\xcf\x42\x85\xca\xe8\xa9\x63\x36\x89\xce\x0f\
\x15\xf1\x25\xe2\x24\xea\x6d\x40\xc0\xf6\xfd\x99\x16\xa8\x2e\x3e\
\xff\x1e\x10\xd0\x29\xa9\x94\xce\x14\x68\xea\x6c\xad\x7c\xbe\x99\
\xb6\x6d\xac\x48\xae\x00\x48\xfa\xe0\x7b\xdb\x00\xde\x93\x8d\x47\
\x73\xaa\xa9\xb8\x99\xe7\x82\x89\x1c\xdd\xf0\xc5\x9a\x8d\x52\x3a\
\x1c\xc5\x18\x41\x14\x70\x06\x3f\x80\x74\x41\x67\xfb\x50\x6d\x73\
\x26\xee\xbb\x39\x56\x47\xf7\x3a\xe0\x97\xab\x39\xa3\x01\x69\xe0\
\x1c\x93\xc8\x43\x80\x15\x45\xf6\xde\xcf\x2e\xe5\x02\xe4\xae\x93\
\x1c\xf8\xdf\x85\xca\x39\x1e\x2a\x6d\x3f\x38\x59\x8b\xae\x40\x32\
\x06\x46\x75\xb5\xa9\x62\x7f\x6b\x30\x41\x95\xe0\x7b\x48\xd1\xd6\
\x25\x66\x8a\x5a\xd2\x10\xfd\xc8\x36\xa6\x80\x6b\x39\x3c\x9c\x39\
\x2e\xbd\x2d\x54\xc4\x85\xff\x3c\x29\xe2\xf0\xb9\x41\x45\xd6\x5e\
\x5c\x6f\x19\xaf\x96\xc7\xb3\x56\xa5\xc6\x2b\x61\x28\x95\xeb\x45\
\xbe\x13\xd4\x96\xcf\x01\x6a\xe6\x04\x55\x1c\x72\xed\xc3\xef\xf8\
\x8d\xe5\xdc\x3a\x53\xf9\x60\x55\x5f\x23\xb1\x8d\x99\xef\x2e\x81\
\xca\xa9\x60\x8f\x2b\x67\x1b\x39\x28\xb9\xfc\x7f\x17\x2a\x14\x18\
\xad\x7a\x64\x9b\xca\x74\xb7\x25\x39\x48\x1a\x08\xdf\x07\xb4\x77\
\x64\x33\x81\xea\x51\xce\xef\x47\xe9\x21\x49\x27\xcf\xab\x47\x7f\
\xdb\x4e\x8d\x44\xbd\xa2\xc7\xa6\x09\x00\x65\x16\x3b\x50\xbd\x01\
\xe0\x82\x43\xcd\x15\xaa\xfe\x36\x30\xc7\x08\x21\x81\xfd\xf7\x58\
\x43\xd6\x45\x2a\xc8\xb5\xcf\x04\x88\x82\xc8\xdc\x99\x2b\x54\x9f\
\x10\x6a\xfa\x8a\xf5\xc7\x0a\xf3\x67\x51\x47\xf3\x4d\x3e\xee\x5c\
\x18\xed\xaf\xef\x2d\x85\xca\x9f\xe6\x32\x80\x55\x75\xc9\xdb\xf9\
\x37\xa1\xfa\x73\xd9\xac\xf2\x50\x78\xfc\xdf\x84\x0a\x37\x0f\x17\
\xb3\x24\x49\x7b\xf1\xa7\x95\x7e\x5e\xf5\x5e\xb2\x3a\xbb\xe7\x46\
\xda\xe8\x90\x86\xeb\xb5\x41\x87\xfb\x74\xca\x65\xf1\x4e\xc7\x8d\
\xec\x17\x7b\xe3\x28\x23\x01\x1a\xe9\x6a\x57\x52\xb1\x03\xd5\x2b\
\xe0\x57\x48\xc0\x50\x7d\x51\x2a\x95\x6a\x67\xaf\x50\xcf\x7c\x7b\
\xe7\x9a\x84\x04\x6f\xb1\xd8\xba\xe2\x04\x2a\x1a\x93\xc3\x85\x49\
\x97\x63\x55\xfd\x86\xb5\xbe\x9c\x06\xaa\x54\x27\x22\xb5\xfd\x1e\
\xa6\x7d\x1c\x54\xc8\xad\x00\xc0\x62\x04\xed\xe6\x81\xa1\x0e\xe2\
\xae\x81\xfd\xfa\x57\x0a\xd5\x39\x6e\x02\x08\xf3\x45\x6c\x37\x41\
\xff\x2e\x54\xf3\x95\xbf\x0b\x95\x57\x0e\xbc\x96\x7c\x73\x89\x4f\
\xb1\x52\x59\x1d\xab\x33\x2e\x13\x5b\x08\xdb\x8b\x35\x86\xab\xed\
\xa8\x7d\xab\x4e\xd3\x21\x1e\x75\x89\x69\x69\xd3\xb6\xd8\x1b\x88\
\x39\xf6\x00\x2a\x66\x1b\xcd\xb5\x03\xd5\x36\x00\x03\x69\x5d\x30\
\x54\xda\x84\x84\x84\x2d\xc7\x47\x5d\x02\xb6\xd9\x3b\xd7\x2c\x23\
\x2c\xf4\x9a\x0c\xa6\xb2\x9b\x5a\x2b\xdd\xee\x01\x7d\xdc\xed\x7f\
\xa3\x21\xda\xaa\x3c\xda\x87\x8a\x6d\xe3\x24\x3a\x73\x5c\x04\x15\
\xca\x7a\x80\x11\x37\x39\xee\x2e\xe7\x81\x71\x1e\x03\x69\xdc\x1c\
\xb3\x48\xa0\x4a\xd6\x67\x70\xf0\x85\xd3\xd0\x26\x0e\x8d\xf6\x6a\
\xe5\xdf\x92\xa7\x8b\x19\x2a\x34\x78\x1c\x1e\x8a\x5b\x3a\x0f\x7d\
\x02\xd6\xa8\xe4\xfe\x63\x0a\xef\x4d\xa2\x3d\x4c\x57\x03\x1d\xb2\
\xfb\x0b\x6d\x5c\x22\x2a\x12\xe7\xce\x02\x36\x64\x97\xbd\x0f\xd7\
\xaf\x06\x8e\xda\x6f\x25\x04\x62\x07\xaa\x38\xac\xb2\x90\x0e\x1c\
\x07\x55\xc1\x83\x07\x53\xa3\xd3\xcd\x62\x36\x89\x7a\x8b\x65\x1a\
\xba\x2f\x2b\x08\xc1\x79\xd5\x14\xf0\x27\xe6\x38\x08\x0c\xb0\xf6\
\xa1\xd2\x8c\x1f\x25\x52\x3e\x16\x61\x7a\xe8\xdf\x79\xa8\x50\x7a\
\x12\x80\x0b\xbf\x24\xa9\x09\x2a\xa2\xf9\x4f\xd3\x2d\x95\x40\x15\
\xcc\xf2\x15\x75\xea\xf1\x69\x26\xf7\xff\xa8\xac\x5a\xd4\x50\xa1\
\xdd\x99\xaa\x35\x22\x22\x1c\xa0\x90\x53\x50\x9a\x3a\x7a\x35\x39\
\x61\x22\x4d\xc3\xb3\x86\x56\xc0\x51\xd1\x8c\x3e\xbf\x03\xe5\xec\
\xfa\x4f\x44\x4d\x76\x48\x96\x80\x25\xdf\x4a\x4f\x49\xdb\x56\x5b\
\xb1\x03\xd5\x75\x00\x3d\xb1\xab\x92\xe6\x4f\x26\xf3\xf3\x6b\xf7\
\xd9\x7c\xb9\xc4\xde\xb9\x16\xe9\xc1\x9a\x30\xcf\x42\x30\x6b\x8d\
\x76\x95\x77\x7f\x83\xa9\xe7\x56\x01\x90\x60\xb1\x7f\xcf\xa8\x53\
\x31\x5e\x7e\xa6\xc7\x88\x64\x3f\xf1\x1b\x67\xa3\x01\xb2\xb9\x78\
\x20\x26\xa8\x9c\x26\xf1\x15\xec\x67\x44\x0c\x55\x50\xb6\x79\xbc\
\xe8\x0f\x71\x5f\xe1\x6f\xcb\x22\x87\x8a\x2a\x55\x68\x45\xb1\x34\
\x2a\x35\xb8\xa2\x52\xcb\xc8\x82\xd5\xc1\x2e\xba\xf1\x65\xa1\x02\
\x56\x9c\x77\xb8\xdc\x10\x84\xe7\xa1\x06\xf7\x17\xb0\xd9\xd7\xf9\
\x8a\x7d\x9b\xcb\x56\x91\x31\x86\xaa\x53\x04\xcc\xa6\x50\x21\xbb\
\x50\xc5\x02\x44\x13\xeb\xe7\x5c\x15\x75\x84\x1e\x6b\x81\x5b\xaf\
\x03\xd5\x1a\xb7\x58\xdb\xe1\x22\xda\x5c\x3d\xb9\x63\x55\xdd\x92\
\x17\x0c\x55\xfc\x1c\x14\xf5\x3b\xec\x27\xd3\xd6\x23\x1d\xc0\x6d\
\xa2\x9c\x99\xa0\x92\x27\x00\x8c\x23\xbb\x22\x86\x6a\x3f\x6d\x0e\
\xc8\x7c\x46\x03\x2a\xbb\x0b\x93\xff\xa0\x4c\x0f\x15\xbf\xa0\xe5\
\x1d\xfd\x82\x42\x85\xe4\xc1\x74\xb6\x20\xd8\x53\x8c\x71\x18\xbf\
\xde\xac\x37\xdc\xd0\xca\xbe\x8a\x06\x3a\x7b\xe0\x79\x9e\xb5\x0c\
\x3c\x2c\xef\x5e\x39\xd8\x7d\x2e\x9a\x9d\x88\x33\xeb\x0a\x2f\x0c\
\xec\xfa\x35\x02\x4f\xf4\xf0\x00\x55\xdd\x1c\x16\xa4\xb6\x03\x55\
\xbc\xd5\xa4\x10\x6f\xef\x14\x5b\x21\x11\xc5\x38\xff\x92\x47\xb4\
\x35\xb6\x8c\x53\x82\x8b\x59\x91\x62\x6a\x04\xaa\xfc\x9d\xb9\x19\
\x3f\x1f\x59\x4c\x51\xd4\x77\x05\xc0\x86\x63\x16\xa8\x48\xd8\x9e\
\x56\xfb\xf5\x8e\x08\x2a\xf5\x06\x17\x73\xff\x82\xc2\xcf\x34\xa7\
\xe5\xb9\xe7\x28\xd3\x42\xe5\x6d\x0a\x57\x98\xd8\xba\xa0\x50\x21\
\xbf\xa7\xb0\xde\x6a\x97\xf2\x55\x11\x77\x72\xe7\xe1\x10\xae\x95\
\xa3\x36\x3f\xfa\xa2\x65\x7b\x37\x76\x44\x7a\xfa\x51\xe6\x97\x42\
\x31\x31\x1e\x17\x8a\x43\x5c\xd8\x93\x95\xdc\x90\x1f\xaa\x25\x7f\
\x53\x73\x96\x4f\xb2\xe3\x96\x05\xe8\xaa\xa2\xe9\x9d\xd3\x79\x16\
\x08\xc5\x16\x2a\xb2\x68\x39\xe7\x7e\x12\x6e\x33\x5f\x72\x5a\x79\
\x42\xc3\x54\x13\x99\x7a\x26\x08\xd6\x73\x96\xb5\x16\x23\xde\xef\
\x62\x56\xe0\xe7\x08\xd5\x32\x2e\x98\x0a\x27\xca\x9d\xf8\x55\x1f\
\xdd\x6b\x81\xea\x2f\xac\x65\xd9\x5b\x66\x55\x02\x95\x3f\x7b\xc2\
\x92\x81\x47\xf8\x94\xcb\x76\x4f\xf9\x21\x99\x0e\xaa\x83\x96\x61\
\xd6\xfe\xa9\x05\x85\x0a\x35\x6d\x84\xdb\x16\x5b\xde\x36\x36\x17\
\xa7\x3c\xac\x89\xcc\x43\x8f\x39\x35\x84\x19\xbc\x96\x71\xdb\x00\
\xfa\xfb\x37\x73\xea\x8b\x2b\x2a\x2a\xae\x9e\xa8\x29\xc8\xd6\xd0\
\x01\x63\xf5\xbf\xf1\xcd\x9d\x57\xf8\x41\xd2\xf5\xa2\x06\x82\x9a\
\xe2\x69\xdd\x7b\x0f\x8a\x94\x58\xd5\x49\xfa\xd0\x9c\xfc\xbd\x6d\
\xa1\xf2\x55\x01\xbf\xe4\xfa\x3c\xa0\xf2\x33\x72\x43\x3b\xee\xfa\
\x1c\x4b\x92\xfc\x1c\x6b\x6d\xd6\xdb\x8f\x83\x25\x3e\x56\xf8\xdc\
\xa0\xaa\x13\x0c\x53\x3b\x0f\xd0\xb8\xd6\x4c\x35\x43\x55\xc5\x02\
\x6b\xdf\xbf\x4b\x08\x95\x32\x85\x1d\xb1\xec\x68\x5a\x6f\xe3\x68\
\xf5\x77\x64\x1a\xa8\x84\x4b\x0f\x5e\x98\x65\x09\xb7\x7f\x18\x2a\
\xb4\x37\x04\xf6\x98\xc6\xcb\x98\x5b\x53\x31\xea\xf0\xbe\x2e\xfc\
\x8a\xab\x86\xcc\xa6\x2a\xca\x35\x30\xbc\xe2\x48\x81\xb1\x37\x33\
\x40\x13\x90\x39\xba\x7e\x38\xe3\x7a\x97\x87\x59\xf1\x0d\xcc\xd1\
\x67\x73\x74\xed\xef\x8a\xbb\x75\xe1\x28\x7d\xf2\xe9\x0b\xdc\xc9\
\x6f\x83\xc3\xb3\x2e\x46\xcd\x89\x2d\x54\x38\x65\x88\xeb\x34\xbe\
\x9d\x3b\x54\x64\xce\xf7\x46\x39\x7a\x25\x58\x13\x32\xd9\x20\x5c\
\xb8\x03\xd7\x35\x13\x26\xad\x7d\x8e\x63\x7f\x2f\x85\x10\xf8\x10\
\x07\x96\x8c\x35\x26\x60\xfc\x1e\x80\xad\x87\x23\x27\x42\xa8\x12\
\xf5\xad\x82\x50\x46\xc5\xb3\xac\xf9\x37\x3f\x99\x06\x2a\xa1\xb6\
\x20\x7f\xb0\xb0\x50\x21\xb7\xa3\xd0\xc0\x8f\xc9\xba\x45\x57\xbe\
\xc8\x28\x6d\x27\x66\xf5\xa8\x93\x9b\x71\xa3\xd6\x64\x7e\x79\x0c\
\xe5\x14\x9a\x9f\x7f\x39\xdf\xad\xc9\xaa\x4e\xc4\x9c\x71\x4f\x0e\
\x4b\xdd\xc1\x87\xfb\x38\xdd\x70\xc3\x07\x39\xa7\x3c\x08\x43\x54\
\xa7\x0b\x7d\xd8\x7e\x28\x69\x1b\xf9\x0c\x92\xc9\xcb\x9e\xa3\x40\
\xf3\x0d\xcf\xdc\xbc\x14\x78\xf9\xa0\x03\x43\x60\xcc\x83\xdb\x96\
\x88\x8e\x54\x30\xbe\x6e\xed\xb5\x97\xbe\x7c\xfe\x1d\x0d\x96\x75\
\x3c\xe6\x08\x55\x87\xa8\x66\x09\x2a\xc0\x6f\xdb\x68\x06\x66\x3b\
\xc0\x49\x1b\x67\x44\x22\xca\x02\xab\x71\x7f\x2d\xa4\xa1\xa6\x65\
\x2f\x77\xf1\x0a\x41\xa0\x0a\x58\xdb\x88\xb9\x3f\x2a\xd3\x40\x25\
\x0a\x12\x73\x62\x81\xa1\x42\x79\xb7\x60\xd4\x9f\xbc\x7e\x7f\x28\
\x28\x26\x15\x94\xf2\xe5\xa1\x2f\x46\x5c\xd7\x04\xde\x7a\xba\x8e\
\x53\x53\x9e\xd5\xd8\x98\xcc\xd5\xab\x2b\x77\xe6\xf4\xbe\x47\x4d\
\x43\x17\x89\xb6\x1e\x33\x4c\xbe\xc4\x2b\x1e\x48\xbe\x5a\x4f\x37\
\xce\xad\x9e\xb2\xf5\xa7\x92\x3d\xc5\xda\x26\xaf\xef\xd7\xcd\x03\
\x2a\xe5\x57\x80\xbb\x9d\xb4\x75\x60\xd9\x6d\x54\x77\xaa\x36\x84\
\x06\x03\xef\x88\x41\xa2\x5b\x98\x06\x9a\x3f\xcd\x0d\xaa\xab\xe2\
\x75\xaf\xce\x4c\xe1\xd7\x6d\x86\x2a\x74\x0c\x84\xfe\x35\x82\xdc\
\x5b\xfd\xa9\xf2\xdb\x14\xc9\x4d\xcd\x00\x01\xa6\x0c\x78\xdb\x5a\
\x32\x7e\x5c\xa6\x81\x2a\x5c\x78\xcc\xce\x85\x86\x0a\xf9\x64\xd0\
\x86\x52\xfc\x5e\x3b\xce\x25\x92\x97\xe5\x1a\x9c\x26\xbb\x35\x46\
\x5e\xbd\x3f\xdc\xc3\xfa\x96\xec\xb7\xb0\xfa\x1b\x41\xae\xb8\xf6\
\x51\x92\x11\xe8\x76\xff\x6b\x3b\x9a\xa8\x3f\x8a\x65\x88\xca\x7d\
\x77\x09\xd5\x71\x23\x5c\x54\x46\x22\xa2\x10\x83\x5c\x1f\x2a\x54\
\x77\xe7\x1c\x8e\xa3\x52\xec\x6c\xe4\x75\x85\xe6\x56\x17\x22\xd2\
\x32\x0f\xa8\x08\x2a\xf7\x9b\x55\xd6\x35\xe0\xe3\x60\x58\xc6\xad\
\x7a\xd6\xc0\x57\x5e\x24\x26\x28\xaf\x71\x60\x56\x43\xe6\x00\xd5\
\x1b\xf8\x43\xf4\x7b\x53\x14\x58\x6b\xa1\xdd\x99\xa0\x39\x20\xa2\
\xaa\x84\x8b\x62\xab\xbe\x6d\x29\xd9\x97\x70\x53\xb9\x5d\x92\x81\
\x9f\x36\x03\x7a\x1a\xa8\x44\xab\xff\xc4\x2e\x38\x54\xc8\xe9\xa1\
\x4a\xd1\x58\x8b\x6a\x39\xaf\x85\xcd\x4f\xb3\xc3\x71\x07\x90\x7c\
\x58\xdb\x39\xff\x20\xf9\xf2\x6c\x43\xce\xfb\xf1\x56\xcf\xfa\xaf\
\x19\xb8\x6d\x74\x75\x78\xb0\x9a\xc9\x32\x72\x16\x49\xf7\x2c\x94\
\xda\x9a\x4d\x1a\x83\x75\x1b\x3f\xe2\x5e\xe4\xe5\x14\x3a\xa0\x74\
\x2e\xfd\x3e\x4e\xa8\x1c\xcb\xf4\x15\x22\xfb\xfa\x58\x28\x30\x5b\
\x4c\x7b\xe6\x03\x95\x9b\x0b\x08\xdd\x76\x9d\xc6\xa0\x87\x8c\x4c\
\x03\xa8\xf8\xcb\xed\x1d\x05\xb2\x02\x03\xe2\x46\x81\xce\xcf\xc1\
\x9d\xf8\x9e\x34\x30\xea\x35\x8d\x75\xc0\x9f\xea\xd6\x43\x54\x97\
\xb5\xe2\xa1\x36\x9d\xe7\xba\x3a\x5e\xd9\x66\x87\xf4\xd4\x49\xd8\
\xce\x47\x37\x50\xf1\xc1\x8f\xdd\x4e\x82\xc5\x1b\xf9\x6f\xcb\x34\
\x50\x89\x56\xf2\x68\x5e\x78\xa8\x90\xbc\xc8\x05\x6e\x7e\xe0\x5e\
\xfb\xe3\xaf\x6b\x1c\x4f\x7c\x6d\xeb\xc3\x3f\x98\x73\x6d\xbc\x53\
\x71\x46\xd4\x5e\xca\x2b\xc7\xcf\xc3\x08\x85\x44\xff\x6d\x09\x43\
\x75\xd6\xa5\x62\xd7\xd0\xaf\xf0\xdf\xdc\x86\xe7\x0c\x13\x79\x1b\
\xee\xdf\x99\xbb\x45\x86\xc2\xcd\x52\x4a\x93\x5a\x29\x67\x94\xea\
\xa0\xaa\xc6\x28\x08\xf8\x6c\x09\x5c\x8d\x75\xdb\xf1\x33\x58\x02\
\x77\x85\x5d\x28\xb5\xb7\xb0\x8d\xe8\x42\xb8\xca\x13\xf8\xa6\x77\
\xd2\x9a\x44\xe2\xa2\x62\xa9\x28\x48\x3b\x9b\xc4\x99\x8d\x3a\x00\
\x26\x93\xb9\xcb\xee\x7e\x52\x5a\xc4\x81\x81\xa1\x4a\x5a\xb5\x6b\
\xd7\x8b\xb3\x5d\xe1\x45\x1d\xb1\x3c\x2b\x11\xb0\x56\x72\x87\x1e\
\xd6\xea\x45\x42\xfd\x36\x05\xba\xd8\x7d\xfc\xa1\x8c\xc7\x4a\xc3\
\x28\x97\x6d\xa7\x4c\x30\xad\x40\x17\x4e\x1b\x1c\xc9\x7c\x5a\x80\
\x29\x1f\x4b\x06\x93\xa6\x59\x1b\x69\xde\x32\x0d\x54\x51\x02\xf3\
\xf3\x07\xc5\x22\x80\x0a\x57\xf0\xad\x10\x55\xea\x8c\x98\xed\xc6\
\x3f\x71\x33\xb6\x9b\x25\x4e\xb8\xa9\xd9\xfc\x54\x15\x26\x65\x2a\
\x06\xc9\xc3\x94\x28\x76\x8a\x2e\xc4\x7d\xb3\x35\x4f\xd0\xd6\x0d\
\x96\x36\xce\x75\xc5\x49\x4f\x8a\x7a\x96\x8c\x7c\x8a\x0d\x30\x6e\
\xdf\xd5\xc8\xbe\x50\xe3\x00\x8a\xd1\xb1\x90\x88\x9c\xaf\x63\x51\
\x34\x7d\xf2\xfd\x2e\xeb\xe7\x8f\xeb\x6f\x56\x83\x85\x9b\x86\x3b\
\xd3\xe4\x09\x4e\xfc\x85\xa3\xc6\xca\x5b\x70\x5e\x8d\x42\xcb\x71\
\x2f\x7b\x9d\x29\xe9\x00\x98\x14\x59\xcc\x2a\x4d\x2e\xcb\x85\x07\
\xe6\x62\xb0\x8a\xe7\xfd\x6d\xe1\x73\xf0\x4e\x58\x83\x72\x22\x3b\
\x21\x74\x4d\xf2\x3c\xa1\x05\x97\x23\x71\xfe\x55\x91\xa5\xe7\xb4\
\xf4\xc4\x32\xee\x2c\x57\x85\x69\x09\x25\xd9\x57\x32\xa5\x87\xac\
\x69\xa3\xff\x64\x3a\x61\x29\x0d\x76\xd7\x26\xff\x11\x99\xce\x4e\
\x55\x6f\x79\x7b\x5e\xde\x3f\xca\xd4\xcf\x85\x0a\x05\xdd\x53\xd0\
\x29\x81\x54\x6d\xe9\x91\x5a\xfc\xd2\x14\xa4\x57\x76\x5a\xc1\x37\
\x02\x4c\xf3\x1e\x27\x65\x1a\xd6\xc4\xb7\x2f\x7d\x0d\xb8\x05\xec\
\xaa\x43\x3b\xcd\x71\x3d\xd5\xc4\x87\xb4\xa0\xb8\x96\xcc\xd3\x02\
\xe2\xc9\x30\x0f\xa1\x62\x33\xd6\xc6\xfe\xb1\x73\xed\xe1\xbe\x88\
\x94\xc3\x69\x77\xaa\x85\x75\x5c\x5c\xe1\xe1\xb5\x6b\x8b\xff\xf8\
\xa3\x78\xed\xda\xc3\x85\x33\x3a\xba\x13\xf1\x69\xbc\xd2\x61\x79\
\xa5\x31\x4b\xef\x90\x56\xbb\xd6\xe1\xdb\x2a\xf3\x15\x7d\xca\x22\
\x97\x70\xe3\x82\x75\xa6\xcb\xee\xfc\xbc\xf6\x44\xe1\x5d\xee\x94\
\x4d\x85\x02\x79\xc3\x25\x31\xb1\x5b\x77\xd8\xdc\xe2\xb5\x70\xa6\
\x35\x95\xd5\xf3\xfa\xa2\x46\xa5\xd2\x69\x27\xde\x3f\x37\x59\x0b\
\x36\x1f\x2e\x5e\x5b\x66\xca\xc0\x08\x9f\x81\xd3\xe6\x0c\xd4\x2e\
\x3b\xbb\x64\xba\xd9\x8b\xf3\x95\xe9\xa0\xa2\xcd\x13\x60\x5d\x2b\
\x7f\x98\xa9\x9f\x0c\x15\x52\x96\x65\x43\x74\x47\x13\x72\x0b\x45\
\xb2\x2e\x9a\x74\xa9\x4b\x4d\xba\xa9\x72\x52\x9f\x13\x4f\xd6\x7a\
\x29\x3b\x50\xed\x4d\x1f\x8e\xc9\xed\x40\xd7\x4c\x9e\x4b\x41\xdb\
\x89\x4d\xeb\x6d\x3b\x1a\xfc\x6c\x80\xd6\xc8\x9f\x38\x18\xb1\xe8\
\x24\x48\x3c\x2d\x15\x51\xb5\xfb\x4e\x6d\x0a\x2c\xf9\xf7\xe3\x2e\
\x4f\x3f\xf6\xf7\x7a\xc4\x09\x51\x3e\xe1\x2b\x7e\x9c\xa9\x9f\x0d\
\x15\xd6\x94\x0b\x55\xd0\xfa\xc8\x0f\xa1\x6e\x23\xa7\xa1\x64\x68\
\xf9\xe1\xab\x98\x86\x72\xf7\xc8\x66\xdc\x12\x76\x15\xa1\xea\x08\
\x3a\xe3\xf4\x55\x74\xa9\x57\x4b\xdc\x19\xe5\x77\xf1\xf7\x7f\x6a\
\x2f\x0a\x8d\xcb\x86\x80\xe0\x59\xfc\x3c\x7f\xc9\xcf\x91\x19\xbc\
\x14\xa0\xb7\x60\x83\x76\x86\xdd\x0b\x00\x15\x92\x77\x9d\xa7\xe9\
\xf2\xdf\xbc\xd0\xe3\xc6\x58\x25\xf2\x31\x26\x50\x64\x82\x30\xca\
\xeb\x7d\x8a\x28\xd2\xa9\xcb\xed\x21\x73\xb1\x68\xef\x01\xd2\x31\
\x4c\x7a\x7b\xc9\xfd\x6a\x25\xd1\xd7\x53\x8b\x86\x80\xf5\x7e\xf1\
\x5f\xae\xa6\x16\x93\xcc\x04\xd5\xdf\x96\x9f\x0f\x15\x42\xed\x71\
\x46\x60\x87\x97\xd5\x32\x67\x64\x6e\x19\x74\xb9\x9b\xcc\xe7\x65\
\x15\xba\xac\xaf\x27\x61\x4e\x7c\x90\x23\xe9\x16\x37\x45\x10\xd7\
\x47\xd9\x47\x2d\x1b\x90\x8d\x75\x28\xca\x2d\x6e\x92\xa6\x57\x74\
\x2f\xea\x58\xb1\xff\x29\xf9\x9f\x83\x0a\xa1\xbd\x3d\x46\x1a\x6e\
\x7f\x0c\x54\x52\x41\xbb\x5f\xa5\xdc\xbc\x7d\xce\x0f\x9d\x86\x58\
\x8a\x29\xc9\x79\x8c\x3c\xcf\x91\xda\x68\x73\x7c\x01\x39\xd0\xe3\
\x79\xe4\x25\xa4\x5e\x15\x3b\x0a\xf4\x8a\xa2\x79\x29\xe8\xbf\xe4\
\x6f\xc9\xff\x20\x54\xb8\x81\xfb\xbe\x82\x05\x83\x77\x9d\xa7\x12\
\x29\x07\x73\xbd\x90\x5b\xfc\xd4\xd0\x40\x4e\xc3\x4a\x46\xbe\xdd\
\xd0\x41\x0c\xde\xa1\xa6\xb1\x15\xb5\xe3\xcb\x9b\x2a\x50\x85\x2c\
\x9b\xeb\xb0\xcc\x2f\xf9\x19\xf2\x3f\x09\x15\x42\x4e\xcf\xfb\xa2\
\x01\xf4\x5f\xbf\xfd\xde\xc4\x77\xb1\x43\x1f\x7f\x48\x97\xa1\xcd\
\x71\x4f\x46\xcc\xae\x44\xf2\xa0\xc8\x8a\x77\x2a\xa0\xb3\xeb\x7f\
\x9f\xb3\x05\xfd\x97\xfc\x14\xf9\x1f\x85\x0a\x6b\x50\xfd\xa5\xb7\
\x70\x37\x82\x1d\x8d\xf8\xa3\xfb\x54\xb5\x93\x70\x30\x94\x71\x0d\
\x5a\x55\x76\x65\x3c\x8a\x06\xba\xed\x48\x99\xdd\xf5\x62\x7f\xc9\
\x3f\x29\xff\xb3\x50\x11\xe9\x77\x78\xbf\x87\xb3\x3c\x1b\x26\x8f\
\x16\xae\xbd\xdb\xb3\x6d\xdb\xb6\x8e\xbb\x8d\x7d\x21\xeb\x49\x22\
\xad\x2f\xf8\xbc\xf4\x17\x51\x0b\x21\xff\xd3\x50\x61\xf1\x73\xbf\
\x76\x35\xc5\x98\xa9\x12\xdd\x57\xa7\x6d\x3d\xf2\xd7\x85\xc7\xbf\
\x56\x5b\x5b\x20\xf9\x5f\x87\x8a\x08\xc5\xe4\x7d\xf0\x2f\xdb\x91\
\x76\x97\x48\xc7\xf7\x65\x91\xc9\xb5\x0b\x1c\xf2\xf7\xff\xb8\xfc\
\x17\xa0\xfa\x25\x3f\x59\xfe\x3f\xa5\x41\x9f\x7f\x4f\x16\x52\x5b\
\x00\x00\x00\x00\x49\x45\x4e\x44\xae\x42\x60\x82\
\x00\x00\x07\xad\
\x00\
\x01\x08\x3e\x78\x9c\xed\x9d\x4b\x88\x5c\x45\x14\x86\x4f\x4f\x3a\
\xea\x44\x11\x15\xdf\x22\x89\x43\x5e\x28\x68\x24\x84\x88\xaf\x64\
\x65\x94\x41\x05\xdd\x89\x3a\xba\x12\xc4\xb8\x52\x57\x42\x02\x2e\
\x34\x8e\x68\x14\x04\x41\xd4\x51\x10\x17\xba\x10\x05\x41\x50\x06\
\xc4\xe0\x63\x11\x0d\x84\x80\x20\x42\x14\x83\x06\x15\x5f\xd1\x24\
\x4e\x32\x9e\x9a\x5b\xa7\xef\xa9\x9a\xdb\xd3\x3d\x3d\xf7\xce\xd4\
\xe3\xff\xe4\x77\xfa\xb4\x6d\xf5\xed\xfa\x6f\x9d\x3a\xdd\x55\x7d\
\x9b\xa8\xc5\xff\xec\xdc\x49\xfc\xef\x55\xb4\xfe\xb4\x16\x9d\x4f\
\x44\xeb\x59\x7c\x97\xb9\x73\xe6\xfe\x82\x16\x5d\xf3\x0b\xcd\x08\
\x00\x00\x00\x00\x00\x00\x00\x00\x00\x00\x00\x00\x00\x00\x60\x11\
\x19\x62\xb5\xad\x96\x59\xe9\xb8\xb5\x74\x87\x06\x1a\xc4\x78\x3b\
\xd4\xc7\xe3\x8c\xff\x6d\xc2\x79\x90\x0a\x43\xe4\xfa\xbe\x9a\x35\
\xc6\xda\xc5\x7a\x85\xf5\x3a\xeb\x05\xd6\x76\xd6\x26\xd6\x72\xfb\
\x38\xe3\xff\xb2\xc5\x3b\x4c\xd0\x00\xc6\x77\x19\xc7\xa3\xac\x49\
\xd6\x71\xd6\xf4\x1c\x3a\xc0\x7a\x88\xb5\xc2\xfe\x7f\xfd\xe6\x0d\
\x10\x16\x32\x76\x2f\x64\xbd\x4f\x85\xb7\x27\xad\xa6\x58\xff\x55\
\x48\xfe\xbb\x79\xec\x37\xac\x6d\xb6\x0d\xc9\x05\x98\x13\xe2\x40\
\xbc\xbf\x92\xf5\x3d\x15\x7e\x1a\x7f\x8d\xef\xe2\x6f\x37\x9d\xb0\
\x8f\x95\xf8\x2d\xd6\xc5\xaa\x5d\xcc\x09\x61\x23\xb9\x7a\x0d\xeb\
\x10\x95\xde\xcf\xe5\x79\xb7\xf3\x60\xca\xde\xfe\x8d\xf5\xa0\x6a\
\x1b\xb9\x20\x4c\xc4\x93\x53\x58\x9f\xd1\xe0\xde\x6b\x99\x73\xe0\
\x84\xbd\x6d\xda\xdc\x68\x9f\xc3\x9c\x0b\xc8\x05\x61\x21\x7e\x3c\
\x46\x85\x5f\xbd\x6a\xbd\x7e\x25\x35\x83\x9c\x4f\xcf\xb1\xce\x54\
\xcf\x89\xfa\x70\xe9\x91\xb1\x7f\x36\xeb\x07\x2a\x7d\xab\xc3\x7f\
\x9d\x0b\xe4\x3c\x38\xc8\xba\x43\x3d\x37\xe6\x84\xa5\xa5\x6d\xff\
\xde\x4d\xa5\x57\x75\x7a\xef\xe7\x02\x39\xb7\xde\x63\x5d\x66\x9f\
\x1b\xf5\xe1\xd2\x21\xfd\xfe\x06\x35\xeb\x7f\x55\x7d\xf8\x37\x15\
\x73\x8e\x7c\x76\x84\x39\x61\xe9\xd8\x4b\xa5\x3f\x4d\xfa\x5f\x55\
\x1f\xee\x63\xdd\x60\x8f\x03\xf5\xe1\xe2\x21\xf3\xee\x19\x54\xbe\
\xe7\xab\x7b\xee\xef\xb7\x3e\x34\xb7\x5f\x66\x9d\x6b\x8f\x09\xb9\
\xa0\x79\xc4\xff\xb3\xa8\x78\xaf\xbe\xd8\xfe\xeb\x5c\x20\xe7\xc1\
\x4f\xac\x7b\xd4\x31\xa2\x3e\x6c\x0e\x5d\xfb\x2f\xa5\xff\x3a\x17\
\xc8\x9c\xf0\x31\xeb\x72\x7b\x7c\x98\x13\x9a\x21\x94\xf1\xaf\xa5\
\xeb\xc3\xa3\xac\x27\x58\xc3\xf6\x38\x31\x27\xd4\x4b\x48\xe3\x7f\
\xae\x39\x01\x6b\x4a\xcd\x10\xb2\xff\x7a\x4e\x90\x63\xc2\x9a\x52\
\xbd\x84\xee\x7f\xd5\x9c\x80\x35\xa5\xfa\x88\xc5\x7f\x3d\x27\x60\
\x4d\xa9\x3e\x62\xf3\x5f\xcf\x09\xe6\x36\xd6\x94\x16\x46\x8c\xfe\
\xeb\x5c\x80\x35\xa5\x85\x11\xb3\xff\x3a\x17\x60\x4d\x69\x30\x62\
\xf7\x5f\x84\x35\xa5\xc1\x48\xc5\x7f\x11\xd6\x94\xe6\x47\x6a\xfe\
\xcb\xf1\xeb\x35\x6c\xac\x29\x75\x27\x45\xff\x75\x2e\xd0\x6b\x4a\
\xf7\xaa\xd7\x8d\xfa\xb0\x20\x65\xff\x75\x2e\xc0\x9a\x52\x35\xa9\
\xfb\x2f\xc2\x9a\x52\x35\xb9\xf8\x2f\xc2\x9a\x92\x4b\x6e\xfe\xcb\
\xeb\xc3\x9a\x52\x41\x8e\xfe\x8b\xb0\xa6\x94\xb7\xff\xa2\x9c\xd7\
\x94\xe0\x7f\xf9\x9a\x73\x5c\x53\x82\xff\xb3\x73\x41\x4e\x6b\x4a\
\xf0\x7f\xb6\x72\x5a\x53\x82\xff\xdd\x95\xc3\x9a\x12\xfc\xef\xad\
\x94\xd7\x94\xe0\x7f\x7f\x4a\x75\x4d\x09\xfe\xcf\x4f\xdd\xd6\x94\
\x62\xbd\xe6\x19\xfc\x9f\xbf\xaa\xd6\x94\xd6\xd9\x7e\x94\xef\xd2\
\xc7\x02\xfc\x1f\x5c\xfa\x7a\x57\x47\xa8\xb8\x7e\x82\x21\xa6\x3c\
\x00\xff\x17\x2e\x9d\x0b\xb6\xdb\xfe\x8c\xe5\x1c\x80\xff\xf5\x48\
\xbf\x57\xbc\xcd\xf6\x69\x0c\xe7\x00\xfc\xaf\xf7\x1c\x30\x7f\xcd\
\x75\x13\xcf\xf3\xfa\x37\x54\xe0\x7f\xbd\x92\x7a\xe0\x49\xdb\xaf\
\xa1\xe7\x00\xf8\x5f\xaf\xa4\xef\x7e\x64\x9d\xe3\xf5\x71\x88\xc0\
\xff\xfa\x25\x75\xc0\x9d\xb6\x6f\x43\xce\x01\xf0\xbf\x7e\xc9\x1c\
\xf0\xac\xed\xdb\x90\x3f\x13\x80\xff\xf5\x4b\xc6\xff\x07\xb6\x6f\
\x31\xfe\xf3\x92\xf8\xbf\xc7\xeb\xe3\x10\x81\xff\xcd\xf9\xff\x89\
\xed\xdb\x90\xd7\x86\xe0\x7f\x73\xfe\xbf\x6d\xfb\x16\xf9\x3f\x2f\
\x49\xfd\xf7\xb8\xed\x5b\xd4\x7f\x79\x49\xfa\xef\x7a\xdb\xb7\x18\
\xff\xf9\x48\x3e\x03\xde\xab\xfa\x16\xf5\x5f\x3e\x92\xdc\x7f\xbf\
\xed\xd7\x90\xc7\xbe\x01\xfe\xd7\xef\xfd\x47\x5e\xdf\x86\x0c\xfc\
\xaf\xd7\x7b\xf3\xb9\xbf\xec\x15\x0f\xf9\x7d\x9f\x00\xff\x17\x26\
\xd3\x57\xe2\xbd\xd9\x0f\x78\xb5\xed\xcf\xd0\xf3\xbe\x00\xff\x07\
\x97\xde\x0b\x6a\x3e\xeb\x5b\x65\xfb\x32\x16\xef\x0d\xf0\x7f\xfe\
\xf2\x7f\xb3\xe2\x45\xd6\xa9\xb6\x1f\x63\xf2\xde\x00\xff\xe7\x27\
\xbd\xd7\xef\x2b\xd6\xb5\xb6\xff\x62\xfd\x0e\x00\xfc\xef\x4f\x7a\
\x7f\xdf\x5f\xac\x47\xc9\xfd\x2e\x58\x0c\xb5\x7e\x15\xf0\x7f\x6e\
\xa5\xfe\x5d\x50\xf8\xdf\x5d\x39\x7c\x17\x1c\xfe\xcf\x96\xae\xef\
\xcc\xdf\xdd\x94\xee\xb5\x20\xe0\xbf\x2b\x5d\xdf\x7d\xc1\xda\x64\
\xfb\x27\x85\xef\xfa\x56\x01\xff\x0b\xe9\xfa\xee\x77\xd6\xc3\x54\
\xfa\x9d\x4a\xae\xaf\x22\x77\xff\xfd\xfa\xee\x1d\xd6\xa5\xb6\x4f\
\x52\xa8\xef\x7a\x91\xb3\xff\xba\xbe\xfb\x8e\x75\xab\xea\x93\x94\
\xc7\xbc\x26\x47\xff\x75\xae\x3f\xce\x7a\x9a\x8a\xdf\xbf\x35\xa4\
\x56\xdf\xf5\x22\x37\xff\x75\x7d\xf7\x29\xeb\x2a\xfb\xfa\x53\xad\
\xef\x7a\x91\x8b\xff\x7a\xcc\xff\xca\x7a\x40\xbd\xf6\x5c\x72\x7d\
\x15\xa9\xfb\xef\xd7\x77\x6f\xb2\x2e\xb2\xaf\x39\x87\xfa\xae\x17\
\x29\xfb\xef\x5f\xeb\xfb\x26\xfb\x5a\x25\xd7\xe7\x3a\xe6\x35\x29\
\xfa\x8f\x6b\xfd\xf7\x4f\x6a\xfe\xeb\xfa\x6e\x92\x75\x85\x7d\x7d\
\xb9\xd6\x77\xbd\x48\xc5\x7f\x3d\xe6\x7f\x66\xdd\xa7\x5e\x23\x72\
\x7d\x77\x62\xf7\xdf\xbf\x2e\xe3\xab\x54\x5e\x7b\x05\xb9\xbe\x37\
\x31\xfb\xaf\x73\xfd\x7e\xd6\x56\xfb\x5a\x90\xeb\xfb\x27\x46\xff\
\x75\xae\xff\x87\x8a\xef\xd9\xe9\xfd\x77\x18\xf3\xfd\x13\x93\xff\
\xfe\x75\x37\x3f\x64\xad\xb5\xc7\x8f\xf7\xf2\x83\x11\x8b\xff\xfa\
\xbd\xfc\x21\xd6\x5d\xea\xf8\x51\xdf\x0d\x4e\xe8\xfe\xfb\x7b\xad\
\x5f\xa2\xf2\xba\x5a\xc8\xf5\x0b\x27\x64\xff\xfd\xbd\xd6\xd7\xd9\
\x63\x45\x7d\x57\x1f\xe2\xff\x59\x14\x8e\xff\xfe\xef\x6e\xf8\x7b\
\xad\x31\xe6\xeb\x23\x24\xff\x53\xdf\x6b\x1d\x22\xa1\xe4\x7f\x5d\
\xdf\x99\xeb\xe7\xca\xb5\x13\x51\xdf\x35\x8b\xf4\xab\xd9\xdf\x7c\
\x98\x16\xdf\x7f\x7f\xaf\xf5\xf3\x94\xee\x5e\xeb\x10\x11\xff\x4d\
\x3f\x9b\xcf\xd0\x64\xfe\x5d\xac\x31\x2f\xcf\xf5\x25\xa5\xbf\xd7\
\x3a\x54\xa4\xaf\xcd\xde\x57\xf1\xa5\x49\xdf\x75\x7d\xf7\x07\xe5\
\xb3\xd7\x3a\x54\xe4\xfa\x64\x66\x4f\x94\xf1\x44\xae\x67\xd0\x54\
\xae\x97\xf9\xc5\x5c\x1f\x2f\xa7\xbd\xd6\xa1\x22\x73\xec\x25\xd4\
\x5c\x0d\x88\xbd\xd6\x61\x23\x63\xef\x19\xaa\x37\x07\x54\xed\xb5\
\x3e\x5d\x3d\x27\xea\xbb\x30\xd0\xef\x03\xbf\xa5\x7a\xea\x00\x7f\
\xaf\xf5\x06\xfb\x1c\xa8\xef\xc2\x44\x3c\xb9\x91\x75\x8c\x06\x3f\
\x07\xb0\xd7\x3a\x5e\xe4\x1c\x30\xf3\xf3\xbf\x54\xce\x05\xfd\xbc\
\x27\xd4\xbf\x87\x67\x84\xbd\xd6\x71\x22\x3e\x6d\x64\x1d\xa0\xb2\
\x1e\x14\x7f\xa7\x3c\xc9\xf9\x21\x35\x23\xf6\x5a\xc7\x8f\x9c\x03\
\x66\xdf\xf4\x23\x54\x5c\xff\xa2\xdb\xfb\x02\xb9\xef\xa0\x7d\xec\
\x0a\xd5\x06\xea\xbb\x78\x19\xa2\xd2\x3f\xe3\xe9\xcd\xac\x5d\x54\
\xac\xcb\xec\xb1\x32\xb7\x9f\x62\x6d\xa3\xd2\x77\xd4\x77\xe9\x60\
\xf2\x76\x9b\xfa\xcb\xdf\xf3\x79\x2c\x88\x0b\xf9\x9c\xa6\x4d\xe5\
\x7c\x5e\x75\x1f\x00\x00\x00\x00\x00\x00\x00\x00\x00\x00\x00\x00\
\x00\x00\x00\xe8\xc2\x74\x84\x4c\x6d\x71\xe3\x89\xe5\x4e\x78\x72\
\x7c\xdf\x0e\x1d\x9f\xd8\xd0\x1e\xd3\xf1\xf1\xad\xad\x75\x3a\x3e\
\x42\x34\xae\xe3\xc3\x44\xab\x75\xbc\x9f\x68\x58\x37\xf8\x39\x91\
\xd3\x20\xc7\x4e\x83\x5f\x93\xdb\xa0\xf9\x5d\x87\xb5\x5e\xac\x1b\
\x7c\x97\xdc\x06\x27\xc8\x6d\xd0\xc4\xba\xc1\x99\x78\xc4\x8b\x87\
\xb7\xb8\xb1\x6a\x70\x26\x56\x0d\xce\xc4\x34\xea\xc5\x23\x5e\x5c\
\x36\x58\xc4\x65\x83\x45\xdc\xda\xec\xc6\x65\x83\x36\x1e\xf1\xe2\
\x4e\x83\x36\xee\x34\x68\xe3\xd6\x05\x6e\x4c\xb7\x78\xf1\x88\x17\
\x4b\x83\x12\x0f\x8d\xb9\xb1\x34\x28\xb1\x34\xd8\x89\x47\xbc\x78\
\x78\xd2\x8d\x6d\x83\x9d\xd8\x36\xd8\x89\x6d\x83\x65\x3c\xe2\xc5\
\x85\xcb\x65\xdc\xf6\xe2\xa1\x49\x37\x6e\x8d\xb9\x31\xbd\xd6\x23\
\xf6\x1f\xef\xc7\xb7\x37\x1c\xf7\x7a\x7e\xef\x78\x5b\x2b\xbd\x78\
\xcb\xdc\xfd\xb1\xdc\xeb\xaf\x15\x5e\xff\xae\xf1\xe2\x51\xcf\xaf\
\xcd\x6e\xdc\xf6\xfc\xb4\x27\x50\x27\xf6\xcf\x87\x51\xef\x7c\x5a\
\xe7\xc6\x72\x02\x4f\xb8\xcd\x75\x3d\x5f\x47\xdd\xb8\x33\x22\x27\
\xdc\xe6\xba\x8d\x17\x7f\x3c\x8d\xbb\x71\x39\xc0\x27\xdc\xe6\x64\
\x3c\xef\x70\x63\x7f\xbc\x8f\xbb\xb1\x9f\x2f\xfc\x7c\xa2\x12\xd8\
\x4c\xac\x12\xdc\x84\xdb\x5c\x65\x3e\xd3\xf9\xce\xcf\x87\x26\x7f\
\xea\x04\xbc\xdb\x6d\x6e\x56\xbe\xf5\xf3\xb1\x9f\xaf\xfd\x7c\xee\
\xe7\xfb\x3f\x77\xba\xf3\xc1\xb1\x55\xee\x7c\xe1\xcf\x27\xfe\x7c\
\x33\x7d\x74\xe5\x74\xb4\xfc\x0f\x2d\x71\xf5\x1f\
\x00\x00\x36\xc7\
\x00\
\x01\x38\x3e\x78\x9c\xed\x7d\x09\x7c\x94\xd5\xd5\xf7\x9d\x25\xb3\
\x65\x99\x99\x64\x96\x24\x24\x93\xc9\xcc\x64\xb2\xef\x3b\x64\x23\
\x09\x90\x00\x61\x0b\x64\x23\x3b\x81\x84\xa0\x88\x0a\xb2\x48\x05\
\xc5\x5a\x15\x0b\xb2\x83\xd6\x6a\x97\xf7\x6d\xad\x7d\xfb\x5a\xab\
\xd6\xa5\x5a\x5b\x51\x70\xfb\xda\x17\x70\x69\xfd\x7d\xdf\x4b\x5b\
\xb5\x6e\x45\xad\x4a\x5d\xc9\xf7\x3f\xf7\x79\x9e\xc9\x4c\x18\x74\
\x12\x08\x86\x0e\x87\xdf\xe1\xde\x79\x9e\xfb\x6c\xff\x9c\x7b\xee\
\xb9\xcb\x39\x97\x31\x19\xfe\xcd\x62\x0c\xff\xdb\x59\x4a\x89\x8c\
\x59\x90\x4f\x01\xd3\x31\x26\x17\x8e\x73\xca\x90\xb1\x27\x23\x18\
\xe7\xf1\x26\x85\x42\xc1\xe4\x72\x39\x53\x2a\x95\x2c\x22\x22\x42\
\x65\x4b\xb0\xd9\x27\x4d\x9a\x14\x17\x65\x8a\x52\xd2\xb9\x90\x90\
\x10\xb0\x72\xfc\x5f\x64\x82\x13\x61\x41\x2c\x93\xc9\x42\x80\xd5\
\x02\xe0\xf2\x0b\xf0\xab\x2a\x95\xea\x65\xf0\x0f\x71\xac\x58\xa1\
\x0c\xe1\x78\x29\x83\x18\x2f\xb5\x4a\xcd\x71\x02\x1e\x0a\x85\x52\
\x79\x35\x64\xeb\x63\x60\x36\x24\x93\xc9\x87\x64\x72\x81\x71\xfe\
\x75\xe0\xb4\x08\xb8\x31\x8d\x56\xf3\x4d\xbf\xf2\x37\x46\xbc\xee\
\x09\x72\x35\x1b\xf8\xfc\x13\x87\x86\x08\x2b\xe0\xf2\x29\xf0\xf9\
\x1c\x1a\x81\xe3\x26\x97\x2b\xfe\x8c\x63\x29\x24\x5b\xa8\x9e\xdf\
\xf4\x6b\x7f\x23\x44\xdf\xae\x56\xab\xb5\x90\xa7\xfb\xf1\x73\x08\
\x15\x71\x08\xd8\x3d\x09\x3d\x35\x0b\x7a\xab\x15\x18\xfd\x89\x71\
\x39\x93\x0d\xa1\xdc\x16\xba\x26\x39\x29\xf9\x1b\x7e\xeb\x6f\x86\
\x48\x97\x83\x33\x80\xc5\xdb\xf8\x09\xf9\x91\x7f\xa1\xd5\xea\x5a\
\xc3\xc3\xc3\x99\x4e\x17\xca\x54\x6a\xf5\xb7\x08\x27\x3a\xa7\x0c\
\x09\xf9\x9d\xd9\x6c\x0e\x8d\x8a\x8a\xfa\xa6\x5f\xfb\xbc\xd3\xba\
\x0d\xeb\x78\xdb\x87\xba\xd5\x02\x3c\xbe\xc4\x21\xaa\x7b\x27\x1c\
\x0e\x47\x6e\x42\x42\x02\x0b\x0b\x0b\x63\xc0\xa5\x11\x72\xf6\x05\
\x9d\x83\x0c\xbe\x3e\x29\x36\xd6\x1d\x13\x13\xc3\x9e\x79\xf6\x19\
\xf6\xec\x73\xcf\x72\x7e\xe6\x99\xc3\xec\xe9\xa7\x9f\x66\xcf\x3e\
\xfb\xac\x87\x0f\x1d\x3e\xc4\x0e\x1f\x3e\x8c\xf3\xcf\xf1\x94\xce\
\x1f\x3c\x78\x90\x3d\xf9\xe4\x93\xec\xa9\xa7\x9e\x62\x4f\x3d\xfd\
\x14\x3b\x74\xe8\x10\xcf\xd3\x31\x62\x5e\x1e\xd7\x52\x4a\x65\x7f\
\xff\xfb\xdf\xf3\xe3\x74\x2d\x95\x3d\xf8\xd4\x41\x9e\x7f\x1a\xf9\
\xe7\x70\xdf\x17\x5e\x78\x81\x3d\xf7\xfc\x73\x78\xfe\x33\xfc\x38\
\x95\x7f\xf1\xcf\xef\x23\x7d\xe2\x9c\x63\xb5\x61\xe3\x06\x9e\xea\
\x74\xba\x0d\x92\xec\x20\xff\xd7\x82\x82\xc2\xc4\xc2\xc2\x42\xe6\
\x74\x39\x59\x4e\x6e\xce\x4c\xd4\xbd\xcf\xe8\x1c\xe4\xef\xa4\xcd\
\x66\xab\x8a\xb6\x46\xf3\xeb\xd4\x9a\x89\xa7\xe7\x49\xa7\x50\x1b\
\x44\xe9\xb9\xa4\xce\xae\x4e\x9e\x42\x2f\xed\x96\xb0\x8a\x8c\x8a\
\x3a\xde\xd3\xd3\x6b\xeb\xeb\x5b\xca\x48\xb6\x5c\x2e\x57\x29\x9e\
\xfd\x21\x13\xb0\xfa\x32\xd1\x6e\x6f\x8a\x8c\x8c\x64\x11\x7a\x3d\
\xb3\x5a\xad\x29\x99\x99\x99\xdf\x2e\x28\x28\xd8\x96\x97\x97\xb7\
\x2d\x1f\x29\xe5\xf3\x0b\xf2\xb7\xe5\xe7\x0b\xcc\x7f\x23\xa5\xf3\
\xb9\xb9\xb9\x9c\x29\xef\xcd\xd2\x71\xef\xf2\xf4\x3b\x27\x27\xc7\
\x53\x5e\xb8\xc7\xf0\xb5\x54\x0e\x7f\x4f\x4f\x79\xf0\xf6\xa4\xa4\
\xa4\xcd\x1a\x8d\x26\xcb\x91\xe8\x38\xa7\x38\x11\xed\xdc\xbd\x93\
\x0d\x0d\x0d\xc9\x4d\x66\xf3\xdd\x84\x05\x31\xbe\xff\xf8\x9a\x35\
\x6b\x12\xd6\xad\x5b\xcf\x12\x13\x13\x99\xd3\xe9\x2c\x06\x56\xbc\
\x7d\x44\x5b\x39\x94\x60\xb3\xf5\xaa\xf1\x77\x23\x4a\x74\x38\xae\
\xc5\x39\xaa\x9b\x13\x82\xf1\xb7\x04\x87\x1c\xc5\xdf\xde\xa9\xd3\
\xea\xce\x29\x56\x37\xdc\xf8\x6d\xf6\xc4\x93\xbf\x55\x02\x9f\xfb\
\x24\xac\x2c\x16\xeb\xf1\x2b\xaf\xb8\x32\xe1\xaa\xab\xae\x62\x09\
\x76\x3b\x83\xee\xf2\x60\x45\xef\x92\x99\x99\xb1\x5a\xba\x3e\x39\
\x39\xf9\x16\xb2\x27\xa4\x6b\x27\x02\x03\xb3\x2f\xd3\x52\xd3\x16\
\x58\x45\x3d\x71\xae\x68\xdf\x81\x7d\x24\x57\x0a\xb3\xc5\x72\xcf\
\x69\x58\xad\x21\xac\x12\x46\x60\x15\x32\x94\x9d\x95\xb5\x52\xba\
\xde\x6e\xb7\x77\x1a\x0c\x86\xbf\x9a\x4c\xa6\x37\xd1\x06\xfc\x1d\
\x75\xd3\xc3\xf4\xdb\x1f\xa3\x2c\x67\xe9\xb7\x77\x79\xef\xe3\x51\
\x51\x26\xbf\xd7\x7b\x3f\x43\xba\x2e\xd2\x18\xf9\x0e\x64\xfe\x4b\
\x09\xab\xec\xec\xec\x66\xf4\xcf\xce\x29\x56\xab\x56\xad\xe2\x69\
\x78\x78\xc4\x7e\x26\xea\x2b\xd8\x04\xc7\x57\xae\x5c\x99\x70\xf9\
\xe5\x97\xb3\xf8\xf8\x78\xc2\xab\x38\x44\x15\x22\xc9\xd5\x29\xe0\
\xb3\xd8\x60\x30\xb2\x8c\x8c\x0c\x86\xb2\x21\x0b\x17\x2e\xb4\x2f\
\xed\x5b\x9a\xdc\xdb\xdb\xeb\xee\xea\xec\x72\x77\x76\x74\xba\xbb\
\xbb\xba\xdc\x7d\x4b\xfa\xdc\x74\xac\xa7\xa7\xc7\xbd\xb4\xaf\x0f\
\xbf\x97\xb8\x97\x2d\x5d\xea\xee\x5f\xd6\x0f\x5e\xc6\xcf\x2f\xe9\
\x5d\xe2\xee\xe9\xee\xe1\x4c\x65\x97\xe1\xf8\x52\x94\xc1\xfd\x78\
\xba\x04\xd7\x10\xf3\x63\x60\xba\x07\xdd\xbb\xab\xb3\xd3\xdd\x85\
\xb4\xbb\xbb\x9b\xee\xe1\x5a\xb4\x68\xd1\x74\xbd\x5e\xff\xb6\x84\
\x55\x56\x56\x56\x53\x6c\x6c\xec\x39\xc5\x0a\xcf\xe6\x29\xea\xf7\
\xf5\x92\x6e\xc7\x33\x8f\xcf\x9f\x3f\xdf\xd6\xd8\xb8\x90\xa5\xa6\
\xa6\xb2\xa2\xa2\xa2\x69\x68\xef\xfe\x25\xbe\xc7\xe7\x2e\xa7\x6b\
\x8e\xc5\x62\x21\x3d\x46\x32\xc7\x9a\x16\x2d\x62\xf8\x76\x7e\x2f\
\xbc\x3b\xc3\x37\x30\xe0\xc3\xf0\x6d\x38\xd6\xc7\x96\xf4\xf6\xb2\
\x65\x4b\x97\x31\x7c\x3f\xca\xf5\xb3\xe5\x03\x03\x6c\x00\xcc\xcf\
\xf7\x09\xe7\x89\xe9\xfa\x81\xfe\x7e\x5e\x06\x98\xf1\x7b\xd2\x35\
\xc0\x99\xe7\xe9\x38\xfd\x06\xae\xac\x9b\x9e\x81\x67\xf5\xe2\x39\
\xf4\xbc\xb6\xb6\x36\xa7\xd1\x68\x7c\x83\x0d\xcb\x55\xd3\xb9\x96\
\x2b\x7a\x37\x22\xd8\x9d\x4b\x25\xbd\x83\x76\xe4\x0d\xfc\x5d\xdc\
\x99\x19\x99\x8c\x9e\x97\xe4\x76\xcf\x09\x51\xa9\x3e\x67\x82\x5c\
\x7d\x80\x63\x85\xd1\xd1\xe7\x56\x17\x9c\x0d\x75\x01\xb3\xce\xae\
\xae\x24\xaa\x8f\x8c\x63\xa5\xfa\x32\x27\x3b\xe7\x9c\x63\x45\xc4\
\xfb\xc3\x1a\x4d\x05\xb0\xfa\x88\x09\x78\x7c\x04\xb9\x99\x42\xb6\
\x39\x6c\x76\xa6\x37\x18\x7a\x60\x8b\x0e\x89\xe7\x5e\x81\x4e\x89\
\x35\x4d\x20\xbb\x1d\x75\x97\x75\xf7\xf4\x78\x61\x35\x3e\x72\x45\
\x04\x3b\x13\x98\xa8\xac\xa8\x83\x47\xe9\x59\x34\xae\x80\xe7\xad\
\xa1\x73\xb3\xab\x2b\x98\x42\xa9\xbc\x5d\xd2\x65\xd0\xed\x3f\x8f\
\x9d\x34\x49\x89\x7a\x7a\xce\xdf\x63\xac\xd4\x2d\xd4\x43\x1f\xac\
\xc6\x43\x5f\x11\x49\xe3\x77\xe8\xeb\x5c\x2b\x60\x22\xa3\x3e\xe1\
\x6b\xb0\xdf\xb7\x69\xb5\xda\x7d\xc0\xf0\x3d\xde\x77\x96\x2b\x4e\
\xa9\x54\xea\x81\x73\xfe\x02\x67\x49\xa4\x1b\x51\x0f\xcf\x0f\x56\
\xe8\x3b\x8b\x63\x7d\x76\xf0\xff\x70\x1d\x2f\xe3\x78\x0d\x49\x75\
\x8f\x64\x0d\x32\xf5\x28\xea\x6b\x24\xd5\x4b\xd8\xa3\xe7\xfc\x3d\
\xfc\xd1\xc2\x05\x8d\x6c\x4e\xc3\x1c\x56\x37\x7d\x06\xab\xa9\xae\
\x61\xd3\x6a\x6a\xd9\xf4\xda\x69\x6c\x1a\xb8\xb6\xa6\x86\xa7\xa4\
\xaf\x7a\x7a\x7b\x81\x55\xd4\x30\x56\x99\x99\xe3\x82\x95\x44\x72\
\x61\xbc\xaf\x1a\x75\xee\x88\x5c\xae\x10\xc6\xf9\x80\x95\x9c\xe3\
\xa4\x7c\x12\x38\x65\x43\x6f\x32\xe2\xf3\x41\x24\x2f\xad\xad\x2d\
\xec\xc0\xae\x3d\xb2\xe6\x45\x4d\xaa\x79\x73\xe7\xa9\x1a\xe7\x37\
\xaa\x80\x9f\x6a\x61\x63\xa3\x6a\xfe\xbc\xf9\xaa\x46\xe4\xe7\xcf\
\x9d\xab\x58\xbc\x78\x71\xda\xf9\x90\x2b\x22\x71\x5c\x94\x74\x3c\
\xe9\xfa\x44\xe4\x37\x86\x86\x86\xde\x1f\x1a\x1a\x76\x2f\xce\x5d\
\x89\xe7\xc7\x48\x63\xc7\x0a\xc5\xf9\x19\x43\x9e\x51\x37\x83\x4d\
\x9b\x3e\x5d\x6b\x36\x5b\xae\x87\xbd\xfb\x10\x74\xe4\x83\x48\xfd\
\x32\xda\xa1\xdf\x41\xef\x7e\xc2\x84\x71\x92\x2f\xd1\x8f\x1c\x17\
\xdd\x2e\x11\x8d\xcd\xa4\xb8\x53\xb8\xae\x27\x19\x9b\x33\x67\x4e\
\x48\x73\x53\x53\x88\xd4\x67\x17\xc6\x04\xcf\xdf\xb8\xc2\xd4\xea\
\xa9\xac\xb2\xaa\xd2\x14\x1e\x11\xf1\x8a\xd0\xcf\x3b\x13\x87\x0c\
\xa1\x2e\x78\xfa\x38\x84\x55\x6e\x4e\x6e\x53\x5c\x5c\xdc\xb8\xbf\
\xa3\x2b\x29\x89\xa7\x75\x75\x75\x6c\xf6\xec\xd9\x3c\x6f\x3b\x4f\
\xfa\xc9\x9b\x62\x62\x62\xa1\x36\xe5\x0a\x6b\xb4\x75\x79\x52\x52\
\xd2\x7f\xc0\xce\xfb\x91\x3b\x39\xf9\x47\x6e\x4a\xc1\x38\xc6\x53\
\xf4\x49\x7f\x88\x73\xbf\x44\x3b\x74\x92\x79\xc9\x55\x5c\xdc\xf8\
\xc9\xd5\x44\x23\x97\xcb\xc5\x6a\x6b\x6b\x79\x1e\x7d\x56\xd9\x99\
\x98\xce\xf7\x0f\x0c\xb8\x61\xb7\x0f\xdb\xa2\xe3\x5c\x07\x27\x22\
\x1d\x3b\x76\x8c\x1d\x3d\x7a\x94\x1d\x7b\xf1\x45\xf6\xe2\x4b\x2f\
\xb1\x57\x5e\xf9\x13\xf8\x15\x9e\x3f\x72\xe4\x28\x7b\xe9\xe5\x97\
\x79\x3b\xd8\xda\xd6\x96\x34\x8c\xd5\xf8\xd9\xa2\x17\x3a\x9d\x4f\
\xfb\xea\x42\x27\xde\xff\x5e\xb2\x24\x89\xc6\x66\xd8\x45\xac\xbe\
\x92\xfa\x96\x2e\x65\x4b\xfa\xfa\x7c\xb0\xa2\x3a\x18\x7b\xb1\x0e\
\x9e\x46\x7d\x4b\x97\xf9\xc5\xea\xa2\xbe\x3a\x9d\x7a\x69\xdc\xec\
\x3c\x8d\x33\x4c\x54\xd2\xea\x74\xec\xf1\xdf\x3e\xce\xea\xeb\xeb\
\xa1\xbb\x85\xf1\x43\xe8\x25\x70\x2f\xeb\xed\xed\x01\x3e\xdd\x90\
\xa7\x25\x5c\x5f\x75\x75\x75\x39\x81\x95\xef\x58\x5f\x6c\xf0\x60\
\xf5\xf8\x13\xbf\x61\x7b\xf7\xee\x01\x56\x75\x51\xc0\x22\x05\x58\
\x25\xf7\x2e\xe9\xa5\xb1\xea\x64\xca\x77\x77\x77\x25\x03\xbb\xe4\
\x81\x81\x81\xa4\x96\xd6\x96\x19\xe8\xeb\x78\xc6\x90\x33\xc7\xb9\
\xef\x3c\xd1\x28\x27\x37\x87\xa5\x67\xa4\x87\x46\x99\x4c\x77\x9b\
\x2d\x96\x77\x2c\x16\xcb\x9b\xfe\x38\x3a\x3a\xfa\x4d\x9c\x7f\x17\
\x7d\x9d\xe1\xb9\x89\xac\xec\xa0\xc2\xaa\xb3\xab\x8b\xb5\x77\xb4\
\x5b\x23\x23\xa3\x5e\x44\x7f\x9d\xcf\x4d\x52\xff\x8f\x52\x9f\x3c\
\x4f\x95\x43\xd2\x7c\xc1\x78\x8e\x21\x4f\x54\x9a\x36\x6d\x1a\xab\
\x9d\x56\xab\x80\x1e\xaa\x34\xe8\x0d\x5d\x7a\xbd\x9e\xe6\xd7\x3a\
\xf5\x11\xfa\x4e\x21\x6f\xe4\xbf\x23\xc2\x23\xda\xd1\x5f\xbd\x2a\
\x2c\x2c\xfc\x7d\x16\xa4\xba\xbd\xb8\xb8\x98\xd1\x9a\x0a\x5a\x7f\
\x42\x63\x45\x9c\xb5\x5a\x3e\xd6\x41\x79\xf4\x95\x79\x4a\x73\x4d\
\x97\xad\x5a\xe5\x80\xcd\x30\xae\xf3\x38\xff\x0e\x04\xdb\x4a\x18\
\x17\xbd\x68\xb7\x7f\x2d\x01\xa7\x8b\xfd\xc1\x00\xa9\xfb\x62\xdf\
\x39\x60\xa2\xf6\xb2\xa3\xb3\x33\xc9\x78\x11\xab\xaf\x25\x7f\xf3\
\x83\x17\x75\xbb\x7f\xea\xa1\xfe\xce\x88\x3a\x28\x8c\x33\x04\x8f\
\x5c\x4d\x99\x32\x85\x95\x94\x96\x70\x9b\x81\xd6\x5a\xd2\x9c\x89\
\x46\x4c\xc5\x75\x05\x3c\x4f\x63\xcd\x68\x0b\x1d\xde\x6b\x3f\x82\
\xad\x0e\xd2\x9c\x57\xed\xb4\x1a\x85\xd9\x6c\xaa\x36\x99\x4c\x4b\
\x60\x3f\xf5\x22\xed\x85\xfc\xf4\x02\x97\x5e\xfa\x2d\xe6\x7b\x26\
\xc5\x4d\x5a\x0f\x7b\xcb\x63\x8b\x06\x1b\x56\x5d\x42\x1f\x27\x1a\
\x76\xd3\x4b\x42\xbf\x46\xea\xdf\x8c\x48\xa9\x8f\xa3\x0c\xe1\x6b\
\x0b\x58\x90\xea\xab\x9c\x9c\x1c\x5a\x0f\xa7\x83\xec\xfc\x04\xf2\
\xf4\x16\xf8\x0d\xce\x66\x33\x52\xf3\x1b\x51\xe2\x6f\xb3\xf0\xfb\
\x6d\x9f\xbe\x33\xc7\x2a\x78\xe4\xea\xa6\x5b\x6e\x66\xd7\x5f\x7f\
\x3d\xab\xaa\xaa\x34\x36\xb7\x34\x27\x35\xb7\xb4\x10\xbb\xda\xda\
\xda\x5c\xad\xad\xad\xae\xa6\xe6\x66\x57\x0b\xd2\xf6\xf6\x76\x47\
\xe3\xc2\x85\xd3\xbc\xc7\x64\x82\xad\x0e\x86\xea\x74\xec\xc7\xff\
\xf1\x1f\xc0\xaa\x8a\xb5\xb4\xb4\xb0\x96\x56\xe2\x56\xd6\xb6\xb8\
\x8d\xd6\xf1\x31\xe0\xc6\x5a\xdb\x5a\x19\xb0\xc2\xb1\xc5\xce\x60\
\xd6\xed\x81\x12\xcd\x0f\x5e\xb4\x45\x03\xa3\xae\xee\x9e\x11\x6b\
\x20\x83\x4f\xb7\x07\x4a\x90\x29\xb6\xb8\xbd\xe3\xe2\xbc\x73\x00\
\xb4\x58\xd0\x57\xc3\x58\x9d\x87\x35\x45\x17\x2a\xf1\xbe\x73\x87\
\xb7\xbe\x0a\xbe\x31\x64\x5a\x3b\xf7\xe0\xaf\x1f\x64\x9b\xae\xb9\
\x86\xed\xde\xb5\x8b\xed\xd9\xb3\x87\xed\xdf\xbf\x0f\xbc\x9f\xdd\
\x76\xdb\x6d\xec\xf6\xdb\x6f\x67\x07\x0e\x1c\x60\x6b\xae\x5a\x43\
\x63\x58\x2e\x9f\xb9\xd4\xac\xe0\xaa\x83\x53\xa7\x56\xb1\xb5\xeb\
\xd6\xb2\x2d\x5b\xb6\x68\x76\xec\xd8\x61\xde\xb5\x73\xa7\x79\xef\
\x9e\x3d\xe6\xbd\x7b\xf7\x9a\x81\x97\x19\x38\x99\xf7\xed\xdb\x47\
\x69\xe4\xe0\xe0\x60\x31\x74\xfb\x5b\x2c\x48\xdb\xc1\xb4\xf4\x34\
\xf2\x33\xd3\x44\x47\x47\xef\xb6\xdb\xed\x2f\x83\x8f\xe1\xb7\x87\
\x1d\x0e\x07\x4f\xed\x60\x9b\xcd\xf6\x2a\xfa\xd1\xdc\x5f\x21\x18\
\xb1\xa2\x3e\x0e\xda\x33\xa3\x4e\xa7\x3b\x26\x13\xfd\xad\xfd\xb1\
\x9c\xcf\x77\xc9\x7d\xfc\xbc\x02\x9d\x1f\x4c\x4a\x4a\xe2\x7e\x7f\
\xee\x64\x37\x9f\xe3\x48\x4b\x4b\x63\xc0\x99\xe5\xe6\xe6\xb2\xec\
\x9c\x6c\x9a\x9f\x64\xe9\xe9\xe9\xfc\xef\x96\x86\xf3\x56\x8b\x95\
\x45\x45\x99\xf8\xb5\xb4\x66\x94\x48\xad\x16\xc6\x3c\xd0\xc7\xe2\
\xe3\x21\xd2\xda\x5b\xe9\xfc\xf9\x20\xc8\x11\xcd\xdb\x28\xf0\xcd\
\x3d\x49\x2e\xd7\x6d\xf8\xae\x03\x6e\xb7\xfb\x80\xcb\xe5\xe2\x4c\
\xbf\xc5\x63\xfb\x91\xfe\x54\xab\xd5\x7e\xcc\x68\x0d\xe4\x28\xd6\
\xf5\x11\x56\x78\x4e\x18\xee\x91\x0c\xac\x52\xd2\xd2\x52\x53\x80\
\x55\x0a\xb0\x4a\xc1\xdf\x29\x05\x38\x71\x06\x56\x74\xce\x16\x13\
\x13\x23\x47\xff\x93\xfc\x23\x38\x26\x20\x19\xb0\x4a\xc1\x3b\x76\
\x80\xfb\xf0\x0e\x45\x72\x85\x42\x23\xf9\xc4\x8a\x65\xc6\x9d\x9c\
\x2e\x17\x1f\xc3\x0a\x84\xfa\x07\x06\x7c\xec\xab\xd1\xb4\x83\xf8\
\xf6\xa5\x1a\xad\xe6\x2d\x7c\xe7\x9b\xc4\x90\x63\x0f\x4b\xc7\xc0\
\x6f\x83\x8f\x82\xd3\x05\x19\xe2\xfe\xf4\x51\xe0\x2d\xc0\xe3\x35\
\x95\x4a\x7d\x0a\xb6\x0a\xad\xf3\x7d\x1f\x38\xfe\xa7\x4a\x15\x92\
\x4a\x72\x15\x16\xa9\x3e\x0b\x04\x46\x47\x8f\x3e\xfc\x08\xfb\xcd\
\x23\x8f\xb0\x87\x7e\xfd\x6b\xf6\xc8\xc3\x0f\xf3\xfc\x03\xf7\xdf\
\xcf\x1e\xbc\xff\x01\x9c\x7b\x98\x3d\x8a\xdf\xfe\xe6\xbc\x02\xb5\
\x45\xe9\x9b\x69\x3e\x96\xd6\xf0\x4b\x63\x3a\x4c\x8c\xbb\xe0\xc9\
\x8b\x8c\xfa\xfe\x2f\xdc\xbb\x52\x5c\x93\x1d\x8e\x6b\x7f\xcc\xaf\
\xe3\x3e\x25\x14\xf3\x43\xe1\xd1\x0b\xc0\xec\x0f\x28\x93\x4c\x65\
\xcf\x97\x6c\x05\x42\xfe\xd6\xaa\x05\xaa\xdb\x43\x43\x43\xc9\xc7\
\x2d\x55\xa1\x0c\x79\xdd\x83\x15\xbe\x95\x64\x84\x73\x88\xca\x3b\
\xff\x11\x64\x6a\xb2\x52\xf8\xfe\x3e\xe0\xf3\x05\x8f\xf3\x21\x57\
\x7c\xae\x56\x6b\x8e\x46\x44\xe8\x0f\x01\xbb\x77\x98\x4c\x8a\xfd\
\x21\xbf\x13\x78\xaa\x26\x12\x56\xa7\xfb\xc4\x05\xbe\x4e\x06\xf5\
\x8c\x59\xcc\x26\x39\xe4\x60\xa7\x24\x4b\xf8\xb6\xcf\xac\x56\xeb\
\x9e\x84\x84\x84\x4b\x13\x12\xec\xab\x90\xae\x82\x4e\xbb\x3c\x36\
\x76\x52\x27\x70\x0d\x37\x18\x8c\x3a\xd4\xb3\xdf\x32\xd1\x17\x07\
\x78\xfc\x14\xf5\xdf\x52\x55\x59\x41\xc7\x5b\xa1\xaf\xb8\xde\x24\
\x3f\x26\xb5\x4a\x5d\x4a\xb2\xd5\xd5\xd9\x35\xde\x30\x04\x44\x2d\
\xc2\xf8\x4c\x92\xc1\x4b\x5f\x8d\x46\xae\x78\x3c\x21\xa5\x32\x19\
\xdf\xf8\xaa\x14\xdf\x04\x72\x76\x40\xa1\x90\xab\xa4\xf8\x31\xa4\
\x7b\x28\x4f\x63\xff\x11\x11\x11\x26\xe8\xad\x47\x61\xa3\xbc\xa7\
\x02\x47\x84\x87\xcf\xa7\xf5\x02\xd4\x16\xc5\xc4\xc4\x1a\xa1\xbb\
\x5e\x60\x02\x56\xe4\x8b\xc9\x7d\xc3\x87\x86\x86\xc6\x19\x85\xc0\
\xa8\xf5\x34\xac\x54\xa3\xea\x3b\x2b\xb8\x9e\xe6\x31\x1d\x48\x6f\
\x9d\x14\xf5\xcf\x17\xc0\x66\x1b\x58\xab\x50\x2a\x3c\xb1\x1e\x48\
\x0e\x21\x5a\x32\xfc\x1d\xac\x90\xb7\x6c\x30\xf9\x9d\xea\x80\x1f\
\xbb\xf9\xe6\x9b\xd9\xf7\xee\xb8\x43\x83\xb6\xf2\x71\x26\xd6\x65\
\x94\xbd\x8b\x70\x42\x1f\x6c\xfc\x00\x18\x05\xd1\x38\x43\x7b\xc7\
\xf0\x38\xc3\x68\x6c\x06\x22\xd2\xef\xc2\xbc\x90\x1a\x59\xe5\x0d\
\x90\xa3\x53\x74\x1f\xb9\x80\xd7\xb7\xe8\xb8\x18\xef\x8a\xc7\xa4\
\x08\x03\x2e\xe4\x97\x4b\x72\x6b\xb1\x5a\x49\xce\xb8\xbc\xdd\xf1\
\xfd\xef\xb3\x5f\xdd\x7f\xbf\x26\xde\x66\x13\xb0\x82\x2e\xd3\xeb\
\xf5\xf7\xdc\xff\xab\x07\xe4\x3f\xf9\xcf\xbb\xc9\x67\x35\xa0\xf7\
\x39\x93\x5d\x46\xef\xf8\x75\x36\x9b\xf4\x2d\xde\xd7\x78\xfb\x08\
\x91\x8d\x34\x30\xb0\xdc\x71\xda\x1a\xc8\x51\xf4\x07\xf9\x3d\x85\
\x18\x44\x61\xd0\xdd\x7b\x81\xcb\x29\xd1\x8f\xf2\x5f\x78\xfe\x3a\
\x7a\x0d\x7a\xcf\xd0\x50\x1d\xf7\x97\x37\x1a\x8c\x1a\xab\xd5\xe2\
\x80\x0c\xe5\xa3\x4d\x09\xa3\xd8\x1e\x29\x29\x29\x64\xc7\x86\x6a\
\xb5\xba\xa7\x98\x58\x07\xc3\xc2\xc2\x77\xd0\xfd\x69\x6e\xce\x64\
\x32\x25\xc0\x6e\x5b\x59\x5e\x5e\xbe\x1e\xb6\xd0\x3a\xe2\xd2\xd2\
\xd2\x75\x52\x1e\xbc\x1e\xe7\xaf\xa0\xb9\xaa\xc2\xc2\xc2\x35\x65\
\x65\x65\x42\xb9\xc9\x93\xd7\xc3\xbe\x5c\x81\x7a\xde\x81\xe7\xf4\
\x14\x15\x15\xad\x29\x97\xce\x81\x51\x6e\x5d\x79\x59\xf9\xfa\x82\
\x82\x82\x2b\xf1\xb7\xe9\x82\x5e\xe9\x80\x4d\xb8\x12\x3a\x61\x80\
\xf2\xe0\x4e\x89\x51\x2f\xda\xf1\x37\x5e\x83\xfc\x59\xcd\x79\x49\
\xf8\x03\x1b\xb2\x07\xf6\x02\x9b\x53\xa2\x1f\xe5\x49\xc8\x15\x57\
\xce\x06\x51\x36\xf0\xed\x6b\xa1\xab\x5e\x47\xfb\xf7\x3e\xae\xb9\
\x2e\x3a\xda\x1a\x56\x5f\x5f\x47\x82\xd9\x80\x76\xf1\x04\x13\x7c\
\x2e\xbf\x80\x1d\xdf\x02\xfd\xc5\xaf\x71\x3a\x9d\x9b\x28\xee\xc7\
\x70\xec\x8f\xd3\x63\x80\x70\x3f\x2c\x85\xc2\x6f\x8c\x0e\xb9\x10\
\x87\x8c\xff\x3e\x53\xfc\x10\xc5\xb0\x0f\xa3\x27\xef\xcb\x0a\xee\
\x13\xea\xb3\xae\x6f\x8c\xe3\x57\x24\xc3\x84\x17\x74\x72\xb8\x32\
\x44\xf5\x3d\x99\x5c\xe8\x3b\xe1\x39\xff\x8b\x67\x67\xd1\x79\x22\
\x9c\xff\xae\xd0\xaf\x12\xb0\x04\x76\x4f\xa3\x1e\x3e\x8e\xfc\x5b\
\x6c\xd8\x57\xf5\x10\xbe\xc9\x22\xe9\xba\xe4\x94\x94\xad\xf4\xae\
\x6c\x02\xc4\xfb\x90\x78\xb4\xfa\xca\x17\x2b\x21\x6e\x8f\x4a\x98\
\xe3\xb6\xe0\xdb\x7e\x27\xdd\x17\x58\xed\x75\x38\x5c\x32\x8a\xa6\
\xa8\x0b\x0d\xbb\xd4\xd3\x07\xf5\xd8\xa2\xf2\x21\xc9\xa7\x17\xed\
\xc5\x09\x60\x34\x9b\x70\xa2\xb8\x58\x44\xe8\xeb\x5f\x8a\x3a\xf2\
\x01\x64\xf3\x9f\xe0\x0f\x24\xa6\x63\x7a\xef\xdf\x5e\xa9\xde\xa0\
\xff\xc0\xbb\xac\xe7\xb8\x70\x1f\x7e\x5e\xaf\x17\xef\x71\x26\x1e\
\x71\x3d\xf4\xeb\x87\x0a\x51\x27\x7b\x7c\xe2\x26\x7d\xbd\xff\x20\
\xe9\x65\x3c\xcb\x27\xa6\x11\xb5\xfd\x54\xd7\xc4\x3e\xf0\x12\x41\
\x77\x11\x56\xca\x63\xa8\xe7\x16\x5a\x4b\x1e\x1e\xa1\x9f\x07\xb9\
\xe1\xe3\x1a\xb8\xc7\x47\xd0\x03\x6f\xe0\xfc\x97\x90\xe9\x2f\x70\
\xcd\x31\xdc\xaf\x09\xf7\x95\x73\x7d\x8c\xfb\xc0\xde\xe3\xfd\xce\
\xaa\xa9\x55\x79\xf5\x33\xeb\x8b\x38\xd7\xd7\x15\xd5\x81\xa7\xcf\
\x98\x5e\x34\x7d\xfa\xf4\xa2\xba\xba\x19\xfc\x77\x5d\x5d\x1d\xce\
\xd5\x17\xcd\x98\x31\x83\x9f\x93\x8e\xd3\x35\x33\xc1\x33\xf0\x9b\
\xca\x7b\xca\x4c\x17\xae\x9f\x36\x7d\x5a\xd1\xb4\x69\xd3\x86\x7f\
\x23\x4f\xc7\xa8\x0c\x5d\x4f\xd7\xe1\xde\x05\x48\x1b\x81\xe1\xbb\
\x6c\x94\x36\x43\x64\x64\x14\xe9\xdc\x70\x8b\xc5\xda\x81\x6f\xb9\
\x0e\xd7\x2c\x87\x9e\xd3\x91\x9f\x26\xe9\x70\x7b\x62\x62\x19\x6c\
\xf6\x8f\x44\xac\xde\x43\x5b\x9b\x4f\x6d\x21\xec\x93\x12\x60\xc0\
\x63\xa1\x98\x4c\xe6\xe7\xd0\xbe\x14\xe0\x5c\x93\xd9\x62\x69\x44\
\x5d\xb4\x85\x85\x87\x0b\xfa\x4f\x6c\x93\xd0\x37\xe7\xe3\x19\x93\
\xd1\xbf\x25\x3f\x3f\xe2\x9a\xda\x1a\x56\x53\x53\xc3\xa6\x4e\x9d\
\xca\xb9\xba\xa6\x9a\x1f\xa3\x94\x7c\xb9\xc9\xd7\x94\x1f\xaf\xae\
\xe6\xe5\xa4\xeb\xe8\x37\x8d\xed\xd5\xd6\x0e\x97\xa1\x79\x41\x89\
\x85\xfb\xf9\xfe\xa6\xeb\xe9\xba\x86\x86\x06\x1a\x73\x1f\xd3\xfc\
\x20\x95\x01\x2e\x59\xd0\x37\xff\x40\xfb\x47\x31\xf6\xde\x83\x3d\
\x90\xcd\xe3\x9a\xa0\xef\x9e\x92\x96\x3a\x05\xf5\x51\xc2\xea\x63\
\x1c\xaf\x20\x7c\x8d\xc6\x48\x27\xe4\xee\x6f\x74\x5c\xa3\xd5\xbd\
\x9c\x91\x91\x19\x45\xe3\x39\x34\x7e\x53\x3a\xb9\x94\x2d\x68\x5c\
\xc0\x66\xcd\x9a\xc9\x9f\x31\x91\xe2\x33\x8c\xb4\xaf\x46\x83\x15\
\xb5\xf5\x68\xf3\xcd\xd0\x2f\x47\x45\xbd\xf3\x25\xda\xb6\x65\xd2\
\x79\x8d\x46\xbb\x84\x8e\x31\x01\xab\x37\x80\x51\x32\xe4\x90\x64\
\x2e\x0a\xcf\x39\xc2\x78\x9d\x57\x9f\x28\x29\x29\x69\xec\xe8\xec\
\xc8\x6a\x6e\x69\xce\x69\x6d\x6d\xcd\x69\x6a\x5a\x94\xdb\x30\x67\
\x76\x3c\xdd\x23\x44\x75\x7e\x7c\xe9\x03\xa1\x4e\x0f\x56\x91\x3e\
\xe3\xed\x81\x60\x05\xdd\xc8\xfa\x3b\xeb\x28\x36\xc0\x0e\x4f\xac\
\x05\x85\xe2\x35\xe0\xfe\x63\x60\xf8\x23\x60\xf8\x17\xde\xa7\x16\
\xc6\x0e\xee\xd3\xc0\x08\xa0\xf1\x2b\xc8\x8f\x1a\xd7\x3c\xc4\x04\
\xdb\xe0\x14\xe9\x6b\x60\x78\x02\xd7\x9c\xa0\x34\x32\x2a\xf2\x03\
\xb3\xd9\xf4\x78\x46\x46\x46\x24\xf4\xc1\xb8\x63\x10\x28\xd1\x7c\
\x3d\xfe\x96\xbe\x72\x15\x60\xdf\xd9\x68\x34\x88\x36\x55\x48\x2a\
\x30\x7a\x59\x26\x8e\xb1\x48\xb1\x29\x64\x72\x8f\x5d\xf0\x2e\xca\
\xd5\x50\x3b\x59\x5c\x5a\xc2\xaf\x05\x6c\xb7\x79\xc6\x6e\x7c\xc6\
\x70\x84\x3c\x6c\xd2\xff\x85\x6d\x39\x29\x3f\x2f\x7f\x1c\xbf\x7e\
\x74\x74\xda\xfc\xe0\x18\x6c\x51\xb5\x46\x4b\x98\x55\x40\x67\x1d\
\xf6\xd8\x6d\x0a\x8f\xfd\xf7\x27\xb4\x6d\xad\x28\x26\x23\xfb\x2a\
\xca\x24\xc4\xd2\x09\x0f\x8f\xb8\x82\x6c\xbe\x61\xdb\xd0\xdb\x3e\
\x54\x0d\xa1\xcd\x7c\x11\x58\x59\x27\x12\x56\x7c\xde\xb9\xa3\x7d\
\xcc\xf3\xce\x7c\x2c\x41\x26\x97\xec\xd0\x58\xe8\x97\xa5\xd0\xc7\
\xb7\xa3\x4e\xff\x08\xba\x7e\x35\x8e\xbb\x85\x31\x3b\x2a\xa3\x60\
\x75\xf5\xf5\xbc\xff\x07\x2c\xa2\x51\x1f\x7b\x8a\x4b\x4a\x36\x96\
\x95\x97\x6d\x42\x1b\xb7\x09\x7a\x9d\xa7\xe8\x87\x5c\x63\xb5\x5a\
\xa7\xe3\xbc\x3c\x49\x8c\x4b\x30\x9e\x04\xdd\xc0\x8e\x1c\x39\xc2\
\x16\x2c\x58\xc0\x56\x0c\x0e\xb2\xe5\xcb\x97\xb3\x15\x2b\x56\x80\
\x85\xfc\x25\x97\x5c\xc2\x79\x59\xff\x32\x1a\xc3\xf2\xf1\x89\x1b\
\xed\x5c\x2a\xd9\x40\x21\xc2\xb8\xb0\x67\x1c\x53\xf2\xd1\x97\x6c\
\x75\x99\x5c\xe6\x29\x4f\xf6\x00\x8d\xe7\x7c\x15\x51\x69\x8a\xa7\
\x96\xe4\x1a\x7f\xac\xf6\xdf\xbe\x97\xdd\x79\xe7\xf7\xd9\xfc\xf9\
\xf3\x23\x81\x0d\xf9\xbe\xb9\x07\x07\x07\xdd\xc8\xbb\xa5\xfc\x0a\
\xe2\x15\x2b\x5c\x3d\x3d\x3d\xd3\x81\x95\x67\xfd\xd5\x58\xd7\x33\
\x94\x55\x96\xb1\xc7\x1e\x79\x8c\xad\xbe\x72\x35\x5b\xb3\x9a\x87\
\x6a\x62\x68\xe3\xce\xf1\x97\x9d\x7b\x4a\x4f\x4f\xa3\x31\x04\x1d\
\xda\x96\x9f\xc2\x56\x7c\x1b\xb6\xcd\xdf\x21\xd7\x9c\xbd\xf3\xfc\
\xb7\xd5\xfa\x0e\xd9\xa0\x2c\x48\xd7\x7e\xc0\xbe\x27\x3f\x2f\x13\
\x74\xc7\x31\x9f\x71\x6f\xcf\xf8\x77\x08\x4f\x61\xdf\xf0\x54\x6a\
\x8b\xce\x47\x3c\x99\x89\x46\x39\x39\xd9\x2c\x3a\xc6\x2a\x87\xdd\
\x57\x87\xf6\x64\x43\x5e\x5e\xde\x86\xbc\xfc\xfc\x0d\xf9\x05\x05\
\x1b\xf2\x91\xe6\xe4\xe6\x6c\xa0\xe3\xc8\xaf\xcf\xcb\xcf\xdb\x06\
\xfd\xc1\xfb\x1c\x42\x3c\x99\xc0\xfa\x83\xff\x2e\xe4\x72\x39\xf9\
\xbc\x2f\x8d\x47\x7e\x15\x45\xc1\x8e\x5e\xba\x6c\x99\x63\xbc\x63\
\x1b\xfe\x3b\x50\x97\xe8\x8f\x73\xd1\x77\xe9\xeb\xa9\xc3\x4f\x1f\
\x27\xd8\x7c\xc3\x03\x25\xd8\xec\x34\xef\x35\xa6\x39\xaf\x60\xa3\
\xb6\xf6\xc5\xbe\x71\x8a\x82\xb0\x1d\x0c\x94\x3a\x3a\x3a\xa8\x4f\
\x38\xe6\x39\xaf\x60\xa2\x6e\x3f\x73\xf4\xc1\xd6\x0e\x16\x17\x17\
\xb1\x82\xc2\x02\x9a\xe7\xfd\xca\x72\x34\x36\x8e\x3e\xa1\xaf\xcd\
\x40\xeb\x45\x83\x48\x5f\xd1\x38\x71\x45\x65\xa5\xc2\x64\x32\xd5\
\xa0\x5d\xbb\xa2\xa2\xa2\x62\x63\x59\x59\xd9\xc6\xf2\xf2\xf2\x8d\
\x52\x9e\xff\x2e\x2b\xbb\x7a\xf2\xe4\xc9\xdb\xd1\xf7\xe7\xb6\x68\
\x30\x62\xc5\x63\x66\xa2\x8f\x13\x1e\x11\x71\x54\xf1\x15\x71\x20\
\xa9\xff\x43\x63\xe5\x4c\x16\xbc\x71\x3f\x92\x93\x69\xee\xc3\xae\
\x33\x92\x4f\x9c\xd9\xf2\x96\x10\x23\xdf\xec\x89\x95\xef\x61\xb3\
\xe5\x8d\xa8\x28\xd3\xdb\xc0\x4b\xda\x87\x25\xe0\x39\xaf\x7f\x17\
\xba\xe5\xd6\xed\x6c\xdb\xf6\x6d\x14\xb7\x33\x92\xe2\xe0\x53\x8c\
\x2b\xf2\x6b\xee\xec\xea\xe4\x8c\x63\x49\xe4\x13\xde\xdd\xd3\xed\
\x6c\x6a\x6a\xf2\xf2\x89\x0b\x3e\xb9\xa2\xf1\xb4\x87\x1e\x7e\x88\
\xcf\x69\x51\xdc\x2b\x8a\x59\xd1\x23\xc6\xb6\xa7\x78\x58\x4b\xa4\
\xd8\xfa\x82\x9f\x97\xd3\x78\x16\x6b\x3f\x82\x85\x4e\xb3\x45\x2f\
\xda\xed\x67\x24\xf2\xbd\x6c\x19\x31\x8f\x73\xb1\x3f\xe8\x9f\xf8\
\x3c\xce\x45\xb9\x0a\x88\xa8\x8f\xd3\xde\xee\x67\x1e\x27\x88\xe2\
\xf5\x05\x4a\xb4\xcf\x56\x47\x47\x70\xfb\x5a\x6a\x35\x3a\xf6\xc0\
\x03\xf7\x33\xda\xd3\xe8\xe6\x9b\xb7\xb2\x5b\x6e\xb9\x85\xdd\x7a\
\xeb\xad\x6c\xc7\x8e\x1d\x6c\xfb\xf6\xed\x3c\x4f\xe9\xca\x95\x2b\
\x09\x2b\x57\x30\xf7\x07\xcb\x2b\xca\xd9\x9a\xd5\xab\xd9\xba\xb5\
\xeb\x34\x37\x7c\xfb\x06\xd3\x8d\x37\xde\x68\xba\x65\xeb\x2d\xa6\
\xef\x7e\xf7\xbb\xa6\xad\x5b\xb7\x9a\x80\x9d\x90\x6e\xbd\x85\xec\
\xaf\x22\xc8\x15\xf7\x89\x0b\xc6\xb9\x89\xac\xec\x2c\x5a\xb7\xa4\
\x8d\x8e\x89\xd9\x1b\x1f\x6f\x7b\xc9\x66\xb3\x1d\x4b\x48\x48\x38\
\x8d\xe3\xe3\xe3\x8f\xc6\xc5\xc7\xff\x59\xe5\xf1\x89\x0b\x3e\x5b\
\x94\xe6\x71\xb2\xb3\xb3\x8c\x61\xe1\xe1\x47\x68\xcd\xe9\x57\xed\
\x0b\xc0\xfb\x83\xde\x3e\x71\x41\x56\x07\xd3\xd2\x52\x99\xd3\x91\
\x28\xb7\x5a\xad\xf3\xa3\x63\xa2\xaf\x45\xba\xc9\x02\xb6\x46\x83\
\x3d\xf9\xe8\x4d\x38\x77\x0d\x64\x6b\xa7\x56\xab\xe5\x7b\x24\x06\
\xa3\xcd\x40\x6b\xe4\xc8\xdf\xf2\xeb\x88\x30\xe9\x5b\xba\xd4\x67\
\xfc\xea\xa2\x2d\xea\x9f\x78\x7f\x10\x7d\x68\xe3\x18\x7c\x97\x82\
\x8d\xfc\xc5\xd9\x1e\xef\xbd\x84\x2e\x54\xa2\x38\xdb\xc0\x6b\x44\
\x7c\xd1\xe0\x8a\x87\x1c\x28\xf5\xf6\xfa\xca\xd5\xf9\xdc\x1f\xe7\
\x42\x23\xaa\x83\x3d\x23\xb0\xca\xcb\xcb\x6b\xa2\xf5\xe9\x17\xc9\
\x97\xc8\xdf\xb9\xd7\xcb\xdf\x99\xcb\x55\x6e\x70\xc9\x95\xd3\xe9\
\x60\x29\xc9\xc9\x5f\xbb\x4e\x86\xf6\xe0\x58\x3e\x38\xe8\xf1\x89\
\x0b\xc6\xf1\x76\xf2\x8b\x01\x29\xdc\xc9\xee\x59\xc5\x25\x25\xeb\
\x0a\x0b\x0b\xd7\x96\x94\x94\xac\x2d\x2d\x2d\x5d\x5b\x5c\x5c\xec\
\xe1\x92\xd2\x92\xab\x8a\x8a\x8a\xb6\x4a\x73\x5e\xc1\xda\x1f\xcc\
\xcc\xcc\x30\x86\x86\x86\xfe\x8f\xe4\x1b\xe7\x77\xce\x4b\x25\xf4\
\x7f\xbc\xd7\xf5\x8d\x55\xb7\xd3\x78\xfe\xc2\x85\x0b\xf9\x7e\x16\
\x6d\xad\xad\xec\x07\x3f\xb8\x93\x7d\xd5\x9a\xeb\x8c\xcc\x0c\xb6\
\xe5\x3b\x37\xb0\x79\xf3\xe6\xd2\xfc\x1c\xed\x17\xc7\xa6\x4f\x9f\
\x7e\x16\x5f\x3d\x36\x22\xbb\x3d\x39\xd9\xad\x33\x18\x0c\x3f\x83\
\x4d\xfe\x2e\xc5\xd6\xa1\xb1\x04\x62\xef\x7c\x54\x54\x14\xa5\xef\
\xd2\xfe\xef\xcc\x1b\xab\x51\xd4\x41\x8a\x09\xcf\x59\x23\xf8\x45\
\x5e\x77\xed\x66\xe5\x1f\x5e\x78\x5e\x2e\xfa\x5e\x32\x8a\x33\xe0\
\xed\x3f\x4b\x7a\x41\x8c\x67\x41\xfb\xb3\xb1\x27\x9e\x78\x4c\xb6\
\xf6\xaa\xd5\x7c\x01\x33\x5d\x53\x51\x55\x7e\x5e\x63\xa4\x90\x4f\
\xf5\xb6\x5b\xb7\x93\x6f\x53\xd4\xa2\xa6\x45\xa9\x2d\x2d\x2d\xa9\
\xcd\x2d\xcd\x29\xc4\xad\xad\xad\x29\x4d\xcd\x4d\x3c\xdf\xd6\xd6\
\xe6\x9e\x37\x6f\x5e\x9d\x5e\xaf\x7f\x87\x8d\x61\xcd\xb6\xe4\x5f\
\x39\x29\x26\x4e\xa6\xd1\xa8\x27\x6b\xb4\x9a\x1b\x70\xaf\x7b\x51\
\xa7\x69\x7d\x7b\x2f\xe4\xd9\x44\x3e\x35\xe1\xa2\x9f\x1c\xe1\x44\
\x3e\xb9\x62\x9c\x8a\x48\xe4\x7b\x50\xf6\xc7\xa1\xa1\xba\x7b\x74\
\x3a\xdd\x7a\x95\x2a\xc4\xc9\xf7\x71\x54\xaa\x98\x52\x7e\x7e\xf6\
\x6a\xd4\xe0\x7d\xfe\xfb\x97\xbf\xe4\x7e\x60\xc0\x8a\xc7\x81\x04\
\x36\x9c\x81\x15\x03\x56\x42\xbe\xad\x8d\xd6\x5f\x39\x0d\x63\xf0\
\xf3\x92\x70\xc2\x37\x6b\x20\x3b\xeb\x95\xca\x90\x77\xe4\x5e\x7e\
\x93\x0a\x85\xf2\x14\xf8\x31\xc8\x6a\x96\x10\x4f\x47\xe1\x91\x33\
\x5c\x97\x84\xeb\x1e\xa6\xfd\xca\x87\xcb\xf3\xbd\x30\x8e\xe2\xdc\
\x74\x65\x88\x82\x69\x15\xe7\x6f\xbf\xc6\x40\x88\xe6\x26\x5a\xdb\
\xc6\xee\x63\x22\xd6\xa5\x65\xc0\xe8\x33\xc9\x2f\x57\xf0\x15\x56\
\xf0\xf8\x1d\x22\x06\x07\xc1\xb1\x52\xbd\x03\xeb\xf0\xfb\x67\x92\
\xdf\x30\x95\xa5\x38\xba\x4c\xf4\x09\x47\xfe\x15\xbc\x47\x0a\xfd\
\x1d\x2c\x26\xcb\x78\x7e\xfe\xa8\x88\xaf\x29\xea\x1c\xdb\x9e\xc5\
\x1a\x8d\x96\x69\xb5\xba\x49\xe4\x73\xca\x44\x1f\x24\xd4\xa9\x97\
\x12\x13\x13\x6f\x84\x1e\xdc\x09\xfc\xf8\x3d\x45\xbc\xae\xa3\x6b\
\xc8\x7f\x09\xcf\x68\x00\x8e\xff\x12\xce\xc9\x3f\x08\x0d\x0b\xdb\
\x6f\x32\x99\x6e\x42\xb9\x57\x79\xdc\x14\x21\x1e\xc8\xcd\x54\xde\
\x6a\x9e\x60\x58\x79\xad\xbf\x1a\x8d\xcd\x40\x7a\x08\xba\x66\x21\
\xc5\x53\x96\x71\x3f\x25\xe5\x07\x91\x91\x51\xd5\xd2\x79\x7c\xef\
\xb7\xbc\x64\xe7\xa8\x5a\xa3\xe1\x1f\x0e\xdc\xee\x60\xc3\xbe\xcd\
\x3f\x8f\x8f\x8b\x53\x8a\xe5\x97\x03\x3b\xd1\xe7\x57\xf1\x82\x3e\
\x42\x1f\x09\x1e\x9f\x0f\x1f\x03\x75\x75\x91\x5c\x75\xfa\xf6\x07\
\x03\xb4\xdb\x49\x07\xa3\x9d\x2d\x89\x88\x88\xf8\x39\xf8\x30\x74\
\xfa\x0f\x9c\x0e\x67\x18\xf9\x98\xa2\x1f\xc0\x2c\x16\xcb\x54\x7c\
\x3f\xdf\x5b\x14\x58\xfd\x33\x2c\x34\xac\x18\xe5\xf4\x90\xb7\x3f\
\x08\xc7\xe4\x43\x46\x63\xe4\x5a\xba\x57\x4c\x4c\x0c\x8b\x8b\x8b\
\x2f\x05\xfe\x7c\xcc\x11\x58\xfd\x03\xf7\xcb\xfd\xba\xf5\x63\xe7\
\x93\x46\xee\x37\x31\x96\x3e\x4e\x67\x67\x87\xb2\xa2\xa2\x22\xbc\
\xb2\xb2\x52\x47\x6d\x46\x5e\x7e\x3e\xf7\x0f\xae\xaf\x9f\x39\x19\
\xf5\x8b\xfb\xf0\x02\xab\x2f\xf0\x8c\xf9\xd6\x68\xab\x13\xb2\xf4\
\x26\x1d\x23\xbb\xce\xe5\x72\xf5\x84\x87\x47\xb0\x94\x14\x1e\x97\
\x2d\x05\xb6\x07\x3f\x47\xbe\xe2\xd1\xd1\xd1\xcd\xba\xd0\x50\x96\
\x90\x90\xc0\x48\xce\x29\x1e\x3d\x9e\xc3\x59\xf2\x73\x2e\x2f\x2f\
\xe3\x71\xbe\x88\xcb\x90\xaf\xaa\xaa\x64\x95\x95\x15\xac\xac\x0c\
\xc7\xc0\x65\x65\xc2\xf9\xf2\xf2\x72\x5e\x96\x8e\x53\xbe\xac\x7c\
\xf8\xb8\x74\xfd\x94\x29\x93\xd9\xe4\xc9\x93\xf9\x35\x65\xe2\xb5\
\xc2\x75\x02\xd3\xfe\xb7\x7d\x7d\x7d\x4e\xdf\x3e\x4e\x60\x58\x59\
\x2c\x56\x8a\x15\xc6\xd7\x06\x1a\x8c\x06\x8f\x6f\x32\xf9\xbe\xe5\
\xe6\xe5\x31\xf4\x17\x26\x6b\xb5\x5a\x01\x2b\x85\xe2\x73\x53\x94\
\x69\xb6\xd9\x62\xc9\xa3\xba\x2a\x3e\x6b\x08\x7d\x89\x6e\xab\xd5\
\x4a\xf1\xf2\x28\xee\x87\x13\xe5\x5f\x67\xa2\xcc\x41\xd6\x2e\xa7\
\xfb\x91\x5f\x1c\x70\x0b\xc5\xbb\xe7\xe0\x6f\x50\x00\xce\x9f\x36\
\x6d\x1a\xe7\xa9\x53\xab\xf2\x81\x4d\x7e\x05\xb8\xaa\xaa\x2a\xbf\
\xb6\xb6\x26\xbf\xa6\xa6\x1a\xc7\x2a\x39\xd3\x31\x4a\xa9\x1c\xe5\
\x81\x25\xf2\x53\xf3\xab\xc4\xeb\x28\x4f\xe7\xe9\x7a\xfc\x0d\xf2\
\x81\x89\x70\x4d\x55\xa5\xa7\xac\xc0\xbc\x7c\x2e\xec\x8a\xf9\x92\
\x1f\xfd\x68\xfa\x83\x84\x8d\xde\x60\x50\x84\x87\x87\x65\xe3\x5b\
\x3a\x50\xbf\xe6\xe0\xb0\x82\xec\x60\xf2\xef\x45\x1d\x6d\x94\x89\
\xb1\x05\x80\xd5\x3f\xa0\xdb\x32\xad\x31\x31\xb5\x90\xab\x4f\xe9\
\x18\xce\x0f\xd5\xd6\x4e\xeb\xb6\xdb\x13\x85\xf8\x82\x39\xd9\x3e\
\x58\xd9\x6c\xf1\x9b\xa5\x67\xa1\x7e\xae\xa0\xd8\x24\x90\xd3\xf7\
\x79\x0a\x0e\xf3\xe4\x75\xef\xeb\xc4\x63\x12\xd3\x6f\xd8\x6b\x3e\
\xc7\x7c\x38\xcc\xf7\x3c\xe5\x25\x16\xae\xd7\x71\xf6\x73\xed\x3f\
\xa5\xf8\x0c\xa3\x99\xc7\x49\xb0\x27\x80\xed\x31\xb8\xff\x1f\xc5\
\x18\x25\x74\x9f\xcb\x0a\x0a\x0a\x52\xd1\x8e\x16\x91\xfd\xc4\xc4\
\xf9\x21\x60\x75\x50\xad\xd1\xea\xa0\xc7\x66\x20\x2f\x60\xa5\xd5\
\x0e\xcd\xac\x9f\xd9\x4d\xfb\x38\x50\x4c\xc4\xcc\xac\x4c\xd8\xa1\
\x02\x56\xd4\x26\xe0\xf8\xad\xd2\xb3\xdc\xc9\xc9\xb7\xc8\xe5\xf2\
\x31\xc7\xe8\x38\x77\x3c\xec\x6f\x3c\x9a\xf5\x0c\xf8\x36\x8a\x33\
\x11\x85\x6f\xe6\x3e\xf1\xa2\xaf\xf3\x67\xc0\xee\x1d\xd8\x0e\xef\
\x4b\xb1\x3d\x48\xb6\x80\x4f\x3f\xc5\x66\x88\xb7\xd9\xea\x94\x5e\
\x72\x85\x7a\xd4\x4d\xfd\xfc\x8c\xcc\x4c\xf2\xad\x24\x9b\xdd\x23\
\x57\xc0\x6a\xab\xf4\x2c\x87\xc3\xb9\x91\xfb\xa4\x89\xfe\x69\x1e\
\x7f\x5f\x2f\x9f\xb5\x61\x3f\x60\xaf\xb8\x6e\x7e\xe2\xce\x9c\x76\
\x8f\x00\x59\x7a\xbe\xd4\xb6\x8f\x66\x7d\x3b\xc5\x8e\xa8\x9f\x59\
\xaf\x85\x5c\x3e\x26\x61\x2e\xf9\xd3\x7b\xc5\x92\x3b\x85\xf7\xdd\
\x8f\x77\xd3\x41\x57\x51\x7c\x8b\x72\xc8\x1f\xd7\x61\xf4\xec\xc9\
\x53\xa6\x74\x47\x47\xc7\xf0\x78\x15\x49\x6e\xb7\x13\x18\x7b\xb0\
\x82\x6c\xf2\x36\x92\x7c\x7e\x61\xaf\x4d\x32\x99\xcd\xed\xd0\x91\
\x3d\x56\x6b\x34\xe9\xb8\x6e\x93\xc9\xdc\x8d\xb6\x96\xe7\xa1\x03\
\xba\xad\x60\xb3\xf8\x1b\xba\xae\x9b\xca\xa1\x3c\xff\x4d\xe7\x28\
\x35\x5b\xcc\xdd\x90\x6d\x5e\xce\x42\xf7\x30\x9b\xbb\xcd\x22\x53\
\x1e\x76\x5e\x77\x54\x94\x89\xa7\xd2\x39\x2a\xc7\x9f\x11\x13\xd3\
\x85\xf7\x5f\x47\xf5\x54\x92\xab\x40\xb1\xa2\x7d\x31\x5f\x7b\xe3\
\x75\x39\x74\xd3\x4f\xa4\xef\x83\x9e\x7f\x1e\x3a\xef\x79\xc8\xda\
\x7b\xc0\xe2\x15\xe8\xa6\xb5\x6a\xb5\x2a\x9c\x6c\x70\x8a\xcd\x00\
\xce\xc4\x31\x29\xc6\xc8\x10\xda\x00\x7a\x27\xc2\x90\xd8\x85\x6b\
\x39\x56\x64\xfb\xa3\xfd\x5b\x4e\xcf\xa1\x58\x45\xa4\x1b\x29\x1e\
\x48\x38\xe7\x08\x9e\x12\x86\xe1\x3e\xc7\x28\x96\x96\xf0\x9b\xe2\
\xb7\x48\xe5\xbc\x99\xee\x21\xc6\x19\xf4\xdc\x43\xe0\xe1\x7c\xa8\
\xe7\x58\x98\xcf\x33\x28\x86\xaa\xef\x9e\x2f\x81\xcb\xd5\x8e\x9d\
\xbb\x78\x0a\x7c\x6e\x96\x62\x38\xe2\x1d\xaf\x85\x0c\x18\x71\xdf\
\x5c\xfc\xad\x27\x25\xd8\x1d\x9e\x98\x5b\x38\xce\xe5\x03\x58\xbd\
\xca\xc4\xbe\x0d\xfe\x5e\xfd\xd4\xef\x89\x8b\x8f\x27\xdb\x20\x07\
\xf2\x77\x42\xc0\x4a\xf9\x29\x64\x66\xd6\x44\xb2\x45\x47\xfa\x98\
\x8c\x66\x9c\xe1\xc6\x9b\x6e\xe2\x63\x27\x51\x26\xd3\x0a\x29\xde\
\x12\xe4\xe9\xfb\x74\x8e\x6c\x4b\x92\x23\xb2\x29\xc8\xb6\xa0\x3c\
\xf9\x2a\xa2\x5e\x50\x9c\x2b\x21\x8e\x05\xb0\xd5\x6a\xb4\x37\x50\
\x79\xc1\xee\x30\xce\x00\x8e\x9f\x30\x01\xab\xbf\x1b\x0d\xc6\x94\
\x89\x14\x23\xe5\x6c\xf7\xa8\xa2\x6f\x81\x2e\x98\x83\x6f\xfc\x8c\
\xae\x87\x2d\xf9\x07\x5c\xdb\x02\x6e\xb4\xd9\x6c\x8d\x0e\x87\xa3\
\xd1\xe9\x74\x36\xc6\xc7\xc7\xbb\x1c\xa8\x67\x44\xc0\x61\xa3\xa7\
\x8f\xa3\x50\x1e\x84\x2c\xc6\xa5\xa6\xa4\x84\x22\x7f\x8b\xd4\x1e\
\x00\xcf\xdf\x42\xa6\x42\xa9\x0e\x4c\x14\x3a\xdd\x1f\x67\x74\xb1\
\x0d\x81\x07\x4b\x4c\x74\x14\xa2\x8e\x71\x7d\x47\xf2\x45\x78\x83\
\xbf\x20\xc6\x71\xe2\x21\xbd\xde\x70\xd7\x7f\xfd\xfc\x5e\xb9\x18\
\xb7\x36\x43\xce\x63\xef\x08\x71\x10\xa1\xcf\x8f\x40\x5f\x1e\x82\
\x9c\x7d\x28\xc4\xa5\xe1\x63\xb8\x57\xd0\xfd\x9d\x76\xe7\x38\x7e\
\xfd\xe8\xa8\x6b\xe4\x38\x83\xa7\xef\x1c\x58\x1f\x87\xf4\x1d\xd8\
\xae\xd6\xa8\xff\xca\x64\x72\xbf\x31\x6b\x89\xa1\x3b\xef\x5d\xb3\
\x7a\xad\x02\x7d\x02\x7e\x1d\xb0\xb8\x92\xe2\x1f\x4a\x71\x36\x09\
\x1f\xa9\xed\xc4\xdf\xeb\x37\xc0\xd9\x8c\x94\x19\x22\x02\x8b\x69\
\x78\x3e\x68\xe4\x1c\xfd\x68\xc7\xdb\xa9\x6f\x86\x3e\x94\xde\x18\
\x19\xf9\x38\xf4\xcd\x27\xe0\x93\xb0\xe5\x4f\x42\xff\x9c\x44\xfd\
\xe4\x1c\xa1\x8f\xf8\x14\xf7\xdf\x77\xdf\x2f\x7f\x2d\x9b\x3f\xbf\
\x51\x1a\x23\xd4\x21\xdd\x80\xf4\x75\xb2\x83\xc5\x58\x7a\x1f\x52\
\x6c\x56\xbc\x43\x92\x18\xa7\x66\x7c\x3f\xde\x8b\xda\xc9\xe7\xb4\
\xa5\x85\x2d\x5a\xb8\x88\xcd\x9f\x37\x8f\xb5\xb5\xb5\xb2\x96\xe6\
\x66\xd6\xdc\xd4\xcc\x53\x3a\x47\x58\x8d\x9c\x1f\x1c\xcd\x3c\x8e\
\xdd\x21\xe8\xa0\xbc\xbc\x7c\x27\xfa\x96\x95\xb3\x1b\x1a\x2a\x67\
\xce\x9a\x55\x39\x0b\x5c\x57\x5f\x5f\x59\x57\x57\x57\x89\x3e\x54\
\x05\xee\x19\x43\x63\xb4\x0b\x17\x35\x31\xa5\x18\x77\x1c\x24\x03\
\x96\x69\x68\x1b\x29\xce\xf6\x20\xea\x69\x39\xea\xa3\x56\xda\xa7\
\x2d\x44\x75\x7e\xb0\xa2\x79\x1c\xf2\x89\xa3\x71\xf7\x4d\xdf\xba\
\x46\xb9\x7e\xfd\x7a\xe5\x77\x6e\xb8\x41\xb9\xe5\xba\xeb\x94\xd7\
\x5d\x7b\x2d\x4f\xaf\xdf\xb2\x45\x79\xf0\xe0\x41\x19\xb0\x4a\x1d\
\xeb\x38\x83\xd9\x2a\x8c\xc5\xa5\xa7\x67\xf0\xf8\x63\x35\x35\xb5\
\x6c\x6a\x75\x35\x1f\x67\xa8\xac\xaa\x42\x9f\xbf\x92\xf7\xe1\xa9\
\xae\x4e\x46\x3f\x7e\xd6\xac\x06\x5e\x5e\x21\xc6\xb3\x25\xbb\x45\
\x8a\xa3\x42\x63\x0a\x14\xeb\x8f\xb0\x3a\x9f\x73\x13\xa9\x69\x69\
\xd4\x87\x0a\x41\x5d\x58\x07\xbe\x0f\x6d\xcd\xbd\xb0\x0b\xee\x45\
\xfe\x5e\x9a\x3b\xa0\x54\xe4\xff\xc6\xdf\xf5\x51\xb5\x46\xc3\xc7\
\x29\x83\x71\xde\x39\x53\xe8\x5f\x45\xa2\x7d\x79\x71\x78\x6f\x38\
\x3f\xac\x0c\xe1\xb1\xaa\xa4\x3e\x61\x30\xce\x3b\xc3\xa6\xa1\x35\
\x7b\x4a\xd8\xbe\x2b\xd1\x5f\xfd\x39\x6c\xe2\x9f\xc1\x36\xfe\x19\
\xda\xf8\x9f\xe1\xb7\x77\x7a\x77\xbc\x2d\xfe\x41\xc8\x3d\x97\xab\
\x60\xf4\xb5\xa4\x98\xb9\x34\x96\x47\x04\x9d\x25\x3f\x13\xd3\xf9\
\x8e\xce\xce\x64\xd4\x45\x9f\x75\x7d\x64\x77\x07\x13\xed\xd9\xb3\
\x9b\xed\xde\xb3\x8b\xed\xdb\xbf\x97\xef\x85\x73\xeb\x8e\x1d\xf8\
\xbd\x9b\xed\xdd\xb7\x97\xef\x95\xb3\x7b\xcf\x1e\x6e\x5f\x2d\x1e\
\x11\x57\xed\xe2\x1a\x48\xff\xb4\x6c\xd9\x32\x5a\x5b\x3b\xa6\x7d\
\x01\x82\x8d\x06\x06\x06\x08\x2f\x60\x65\xba\x88\xd5\xd7\x90\xb4\
\x5e\x34\xea\xb4\xbd\x39\x2e\x62\x35\x92\x96\xf2\x3a\xe8\xbb\x37\
\x47\x4e\x90\xf9\x4d\x04\x4a\xc2\x3e\x26\xde\x72\x15\x7c\xfe\x38\
\xc9\xc9\xc9\x7c\xfe\x91\x98\xd6\xc9\x4a\xf1\x9c\x69\x0c\x85\xe6\
\x02\x28\x16\x73\xa2\xc3\xc1\x4a\x4b\x4b\xd9\xc0\xf2\x01\x07\xfa\
\x83\xa3\x1e\x17\xfd\x77\x21\xc2\xca\x60\xd0\xcb\x60\x93\xe6\x20\
\x3f\x07\xfd\x9d\x06\xa4\x0d\xe8\x97\x35\xa4\xa7\xa7\x37\xc0\x2e\
\x68\xc8\xcc\xca\x6a\x80\x6d\x3f\xab\xb0\xb0\xb0\x1f\x7d\x20\x3e\
\x76\x1b\x8c\xbe\x4b\x39\xb9\x39\xd4\x7f\x36\xe8\x0d\x86\x43\x34\
\x0f\x87\x7e\xfb\x17\xc4\x5a\xad\xd6\x97\x75\x3a\xce\xd2\xdc\x5b\
\x30\x62\x45\x73\x77\xe9\x19\xe9\xa1\xe1\xe1\x11\xbf\x42\xff\x9d\
\xe2\xc9\x7f\xa0\xd3\x85\x7e\x10\x1a\x3a\xcc\xba\xe1\xfc\x87\x7c\
\x7f\x88\x20\xb6\x19\x0e\xdc\x76\x80\xb9\x5c\xae\x49\x05\x85\x05\
\x85\xf9\x05\xf9\x85\x05\x05\x05\x85\x44\x45\x45\x45\x85\x45\xc5\
\xc5\xfc\x37\xfe\xd1\xdc\xfd\x82\x08\x7d\x84\x38\x0f\x15\x7c\x76\
\xbb\x4a\x4d\x71\x3f\x1e\xa6\x7d\x1a\x50\x1f\x85\xfd\x00\xa9\x5e\
\xe6\xe6\xe5\xb2\xbc\xfc\x3c\x96\x9f\x9f\xcf\x8f\x53\x1c\x52\xb4\
\x85\x3e\x31\x7e\x2f\xfa\x2e\xf9\xa7\xa5\x7e\xf6\x3e\x0b\x36\xb9\
\x0a\x94\x96\xf5\xf7\x13\x5e\x3e\x58\xa1\x6d\x0c\xba\x71\x86\x40\
\x48\x8c\xcb\xe3\xe3\x13\x17\x8c\x63\x32\x81\x10\xcd\xa5\x76\x7a\
\xad\xeb\xbb\x58\x07\xcf\x4c\xfe\xe6\x9d\x83\x0d\x2b\x6a\x07\x77\
\xee\xd8\xc1\x60\x17\x70\x1f\x97\x19\x33\x66\xb0\xba\xba\x3a\x9e\
\x12\xcf\x9c\x59\xcf\xdb\xc0\x45\x4d\x4d\xd4\x1f\xf4\x6d\x07\x83\
\xcc\xbe\x3a\x76\xec\x08\xdb\xb0\x7e\x3d\xd9\x06\x51\xc0\x2a\x05\
\xf8\x24\x03\xab\x64\x4a\x89\x81\x55\x32\xb0\xa2\x63\x49\x0d\x0d\
\x0d\x33\x0c\x06\xa3\x6f\xac\xfb\x20\x8a\xbd\x43\xeb\xa6\xdd\x6e\
\xb7\x0e\x7d\x9c\xbb\x0d\x06\xc3\x3b\xe0\x37\xbd\xd9\x68\x34\x0e\
\xa7\xe4\xbb\x24\xc6\xeb\x1b\xcb\x1e\x0a\x17\x3a\xa1\x5f\x4c\x3e\
\x67\xc6\xf0\xf0\xf0\x17\x84\xf8\xf6\xc2\x7e\x21\xde\xec\x1d\xeb\
\x5e\xda\xd3\x6d\x34\xeb\x90\xff\x5d\x28\xc9\x9d\xc4\x62\x26\xc5\
\xc8\xa1\x77\xca\xe2\xe2\xe3\xbb\xe2\xe2\xe3\x3a\xe3\xe3\xe3\x39\
\xdb\x6c\x36\x4f\x1e\x98\xb4\xbb\xdd\xc9\x57\xd1\x9a\x5e\x16\xa4\
\x58\xd1\xbe\xe7\x4e\x97\x93\xef\x9d\x49\xeb\x01\x85\x3d\xdd\xf4\
\x3e\x29\x31\xad\xaf\x1e\x58\x7e\x76\xfb\x5a\x06\x0b\x09\xf6\x55\
\x70\xc7\x43\x0e\x94\xc4\x98\x99\x7e\x7c\x97\x82\xa7\x0e\x06\x4a\
\x14\x77\x74\xe4\xfa\xab\x60\x5b\xcf\x10\x28\xd1\x5c\xaa\x77\xdf\
\xd9\x83\x55\x10\xe9\xf6\x40\x69\x70\xc5\x0a\xda\xb3\x2a\x89\x62\
\x23\xb3\x20\x9d\x1f\x94\x74\x73\x45\x65\x25\xf9\x36\xf0\x58\xbf\
\xb4\xb7\x57\x63\x63\x23\x6b\x5c\xd8\xc8\xf3\x14\x1f\x80\xf6\x1f\
\xec\x1f\x18\x70\x46\x79\xe6\x71\x82\xaf\x8f\x23\x8d\xa9\x54\x56\
\x55\xc5\xcc\x9c\x35\x2b\x73\xce\xdc\xb9\x19\xc0\x86\xf3\xa2\x45\
\x8b\x32\x80\x57\xc6\xa2\xa6\x45\x19\xcd\x2d\xcd\x69\xe8\x13\xce\
\x82\xed\xee\xf1\xa3\x0f\xb6\x76\x90\x7c\xcc\x60\xb7\x47\x18\x23\
\x8d\x0f\xc0\x76\x7f\x0f\xb6\xd4\xbb\xfe\x98\x7c\xe1\x0c\x46\xc3\
\x7b\xe4\xcf\xce\x3c\x73\xa9\xc1\x85\x55\x71\x49\x31\x2b\x2a\x2e\
\xd2\x03\xa7\xc3\xd2\x3e\xd8\x3c\x55\xfa\xae\xf1\x93\xe2\x7f\x78\
\xef\x85\x3d\x5a\xb9\x7a\xf0\x81\xfb\x39\x3f\xf4\xeb\x5f\xb3\xc7\
\x7e\xf3\x1b\xf6\xf4\xc1\x27\xd9\x53\x4f\xfe\xfe\x2b\xaf\x71\x39\
\x5d\x2c\x2a\x32\x92\xfb\x55\x08\x6b\xe4\x13\x99\xd5\x62\x61\x16\
\xfa\x1d\x9f\x70\x96\x5f\x3f\x3a\xa2\x39\xaf\x48\xa3\x5e\x66\x4b\
\x48\x28\xb0\x27\x26\xb6\xe0\x7d\x9a\x13\x1d\x8e\x66\x07\x38\x21\
\x21\xa1\xd9\x9e\x68\x6f\xb6\xdb\xed\xcd\x78\xc7\x26\xf4\x1d\x57\
\x45\x44\xe8\xdf\x63\x63\xd0\x57\x0f\x3f\xfc\x30\x5f\xbf\x3b\x92\
\x48\x2f\x56\x94\x57\xf8\xbd\x46\x5a\x37\x2b\xed\x55\x88\x77\x0b\
\xc3\xbb\x84\x2f\x6e\x6a\x11\xe2\x5d\xe0\xdf\xf9\x5c\x5b\x4b\xe3\
\x0c\x49\x49\x2e\xee\x03\x43\x3e\x43\x46\xa3\x51\xc8\x83\x8d\xf8\
\x7b\x46\x0a\x7e\x44\x7c\x5e\x67\xe5\xaa\xcb\x1c\x51\x5e\x73\xf4\
\xa3\xc1\xea\x81\x07\x1e\x60\x72\x99\x8c\xda\x92\x7a\xb7\xdb\x7d\
\x47\x4a\x4a\xca\x9d\xf8\x5b\xf4\xa5\xa6\xa6\x29\x26\x97\x4e\x3e\
\xad\x3c\x61\x40\x78\x84\xe9\x42\x29\xcd\xc7\xdf\x66\x17\xec\x94\
\xa7\xc0\x87\x90\x3f\x00\x19\x27\x80\x65\x54\x46\xc2\x72\xa2\x10\
\xcd\x4d\xf4\x2d\x5b\xea\xb3\xf6\x23\x7b\x14\x58\xdd\x73\xcf\x3d\
\x3c\x45\x5d\xda\x4d\xb1\x4a\xa9\x5e\xeb\x74\xa1\x47\xf0\xb7\x8a\
\xa4\xbe\xa6\x37\x85\x88\x71\x65\xc2\xf8\x3a\xed\x90\x76\xe4\x5f\
\x93\x8b\x31\x3f\x64\xd2\x9e\xb4\x72\xc5\x3f\x50\x6e\x2d\xee\x13\
\xa2\x18\x5e\x07\x3f\x21\x08\xfd\x66\xc2\x2b\x29\xea\x34\xfb\x2a\
\x30\x7d\x95\x95\x9d\xc9\x53\x8b\xc5\xba\xde\x6b\x9e\xff\x78\x6c\
\x4c\x4c\x42\x6c\x8c\x2f\xde\xe4\x33\xae\x10\xe2\x7e\x4c\x06\x26\
\x6f\x4a\x7b\xd1\x4b\x7a\x53\x26\xfa\xa8\xc8\x15\x8a\x7f\xd1\x7e\
\xb4\x8a\x09\x84\x13\x11\x61\xd5\x7f\x16\x58\xed\xd9\xb3\x87\xfb\
\x26\x42\xae\x16\xe2\x9b\xbf\x60\x82\x9f\xe4\x09\x83\xc1\x90\x1b\
\x31\xc2\xf7\x8f\x64\x4a\xa9\x90\xab\x80\xc5\x4f\x25\xbf\x1d\x94\
\x7d\x11\xfd\xab\xcb\x61\xe3\x0c\x20\xff\x98\xd0\xc6\x70\x19\x7b\
\x41\xad\x52\x59\xc9\xef\xb0\x6f\x49\xdf\x39\xff\xee\xb1\x90\xbf\
\xf5\xa2\xa3\x6d\x07\xc9\x37\x37\x3a\x3a\x3a\x1f\xb2\xc0\xdb\x07\
\x7c\xef\xe7\x5a\xad\x76\x1e\x7d\xa7\xf7\x7d\xc8\x6f\x04\xc7\xdd\
\xa8\x7f\x6f\x92\x3f\x18\xc9\x61\x88\x52\xd9\x45\x75\x13\xc7\x89\
\x73\x21\x4b\x6f\x7b\xdd\xa3\x91\xea\xe0\x40\xff\xc0\x39\xff\xee\
\xb1\xd0\x19\xb1\x1a\xc5\x78\x7b\x74\x4c\x34\xb1\x09\xd7\xfe\x91\
\x89\x7e\x5d\xf8\xc6\xf5\x74\xce\xbb\x8d\x24\x7f\x4a\x3c\x27\x1a\
\xfd\xa9\x5d\xe0\x47\x60\xdf\xdd\xad\xd3\xe9\xe2\xc0\x14\xd7\x8c\
\x6c\xc2\x70\x8d\x56\x7b\x98\x89\x7e\x98\x61\x61\x61\x5b\xa5\x77\
\x9c\x08\xc4\xd7\xd6\xf6\x2f\x3b\xab\xbe\x33\xc9\xce\x23\x0f\xfd\
\x82\x7c\x69\x6e\x97\xea\x16\xb0\xfa\xb9\x2d\xde\xa6\xa4\x36\x77\
\x24\x11\x7e\xab\xd7\xac\x51\xcf\x9f\xbf\x40\x65\x88\x88\xe0\xc7\
\x28\xce\x54\x6f\x6f\xaf\x06\xb6\xf1\xe3\x4c\xf4\xc9\x47\x1d\xbe\
\xfb\x81\xfb\xee\x93\xef\xdd\xb3\x4f\xf0\x6b\x45\xbb\x3d\xec\xeb\
\x6a\xf1\x30\xfd\x36\x99\x87\x8f\x53\x6c\x0c\xef\xf3\x5f\xc5\x74\
\x8d\x37\xd3\xfd\xbd\xcf\x79\x97\xa5\x39\xb1\x2b\xae\xb8\xc2\x81\
\x32\x9e\xb8\x1f\xa3\xf5\xc7\xa1\x36\x93\x7c\x8e\xd0\xfe\x51\xdb\
\xc6\xed\x7f\x85\x42\xf9\x27\x5d\x68\x68\x2c\x8e\x31\x53\x94\x89\
\x97\x23\x7f\x2a\xf2\x99\xa7\x6f\x46\x9d\xa5\xf2\xdc\x97\x8b\xea\
\x2a\xf9\xd6\x55\xd7\x54\xe3\x92\xd0\xdf\x49\x58\xe9\x0d\xc6\x9f\
\xbc\x7e\xfc\x2f\x72\x71\x3d\x62\x5c\x49\x49\x49\xef\xd4\xa9\x53\
\x07\xab\xab\xab\x97\xd7\x4e\xab\x5d\x5e\x5b\x2b\xf0\xd4\xea\xa9\
\xcb\x71\x7c\x79\x4d\x4d\xcd\xf2\x1a\xfc\x9e\x36\x6d\x1a\xe7\x9a\
\xda\xe1\x32\x35\xb5\x35\x3c\xa5\xe3\x9e\x63\x28\xef\xb9\x4e\xcc\
\x13\x4b\xe7\x88\x79\x59\xf1\x1a\x5c\x3b\x00\xde\x84\xfa\x21\xc5\
\x2d\x19\x75\xbc\xbe\x29\xe5\x65\xb0\xd9\x8c\x84\x81\x13\xf2\xf4\
\x17\xc6\x63\x32\x28\x3e\x55\xab\x35\x0d\xe4\x2f\x19\x22\xfa\x01\
\xd2\x98\x36\xd9\x11\x51\xa6\x28\x3b\x64\x71\xa1\xd9\x6c\xea\xd3\
\x6a\x35\x26\xc2\x8e\x9e\x07\x99\x8a\x86\x2e\xfb\x13\x13\xeb\x20\
\xea\xe6\x66\xe9\x19\xb0\x99\x37\x6a\x69\xcd\x9d\xb0\xee\x6e\x88\
\xf2\x5a\x31\x2f\xb1\x56\x73\xfa\x39\x29\x2f\xfc\xd6\xfa\xfc\xf6\
\xb9\x5e\xeb\x75\x1f\x7e\x6e\x38\xaf\x19\x71\x8d\xe4\xdb\x3d\xd6\
\xf1\x2b\x6b\xb4\x05\x3a\x27\x95\x62\xf4\xdd\xc9\xc4\xb6\x0c\xed\
\xda\x1e\x3a\x47\x72\x43\x54\x51\x55\xc1\x7a\xfb\xba\xe5\x5a\x9d\
\xf6\x2e\x29\xd6\x04\xb0\xbd\x03\x75\x26\x15\x64\x53\x50\x0c\x28\
\xb9\xfc\x33\x11\xab\x8f\x71\x5d\x8d\x74\xad\xdb\x9d\xbc\x55\x36\
\x21\xe2\x7e\x0c\xf3\x58\x7d\xe2\xcc\x56\x33\xc7\x44\xad\x56\xd7\
\xe1\x9b\x4e\x8a\xdf\xfb\x67\x60\x67\xa3\x76\x8e\xf6\x60\xaf\xa8\
\x14\xfa\x3c\xf8\x7b\xdd\x26\xe1\x49\x36\x15\xae\x79\x13\x75\xef\
\xaf\x14\x33\x44\xf2\x77\x46\x1d\xfe\xa5\x46\xa3\x0e\x25\x5f\x42\
\xa2\xb8\x78\xdb\x0a\xd8\x26\x1f\xa3\x7f\xfb\x2f\x62\xe8\x7d\xbf\
\x2c\x9d\x93\xca\x79\xca\x8f\xb8\x66\xe4\x7d\x7c\xca\x87\xf9\xbf\
\x3f\xda\x22\x4a\x3f\x91\xd6\x40\x8e\x35\x66\x66\x6e\x56\x96\x88\
\x95\x2a\x0c\xf6\xd3\xa3\xa2\x1f\xf3\x29\xd4\xa9\x41\x05\xaf\x83\
\x0a\xf6\xe2\x2b\xc7\x78\x59\xad\x4e\xb7\x41\xea\xab\xcb\xa4\xf8\
\x7e\x72\xf9\x90\xe4\xfb\x8c\x6b\x5e\x86\xcc\xe5\xd1\xfd\xb4\xb0\
\x33\xec\xf6\x04\xaa\xdf\xe1\xd0\x25\x53\x66\xcf\x9e\x5d\x33\x67\
\xce\x9c\xea\x86\x86\x86\xea\x59\xb3\x66\x79\x78\xc6\x8c\x19\xd5\
\xd3\x67\x4c\xaf\xc6\xf9\xea\x59\xe0\xb9\x73\xe7\x56\xcf\x9b\x3b\
\x0f\xe9\x3c\x9e\x97\xca\xd7\xd5\xd7\x57\xcf\x9c\x39\xb3\x7a\xde\
\xbc\x79\xfc\xd8\xec\xd9\xc2\xf5\x94\x97\xee\xeb\x7d\x6f\x2a\x2b\
\xe5\x71\xef\xaa\xfa\xfa\xfa\xce\x08\xbd\xfe\x1f\xec\x2c\xc7\xaf\
\xc8\x46\xa2\x58\x6b\xf8\xce\x45\xf8\xf6\x4f\x45\x9b\xf2\x69\xa5\
\x42\x61\xa0\xfe\x8a\x96\xfb\xe5\xaa\x58\x78\x44\x44\xa7\xf4\xb7\
\x81\x9e\x7c\x0d\x72\x76\x58\x19\xa2\xfa\x20\x44\xa5\x7e\x97\xe2\
\xf8\xa1\x5e\x66\xcb\xa8\xdf\x08\xa6\xb8\x91\xd4\xae\x51\x9b\x54\
\x5c\x5c\xcc\x63\x5e\x91\xff\x2b\xf9\xbd\x56\x55\x55\x79\x98\xc7\
\xb4\x2a\x2b\xe3\xe7\xab\xc0\xe4\x2f\x2c\x31\xc5\x72\x91\xca\x53\
\x1b\x42\xbe\xb2\x74\x9c\x8e\x4d\xad\x9a\xca\x8f\x57\x8b\xbe\xb4\
\x12\x4b\xf7\xa5\xb2\x52\x9e\xc6\x4b\x7b\x97\x2c\x71\x9c\x8b\xb5\
\x1f\xf4\x5d\x24\x0b\xf8\xf6\x50\xc8\xd6\xaf\xc4\x3a\xf6\x29\xf4\
\x50\x2b\xf9\x79\x53\x7d\xa2\x78\x0b\xd0\xe1\x53\x71\x9e\xd7\xd3\
\xf0\xf0\x88\xdf\xd8\xed\xf6\x98\x68\x6b\x74\x31\xf0\xc8\xc6\xf3\
\xb5\x54\x67\xa9\x5d\x9d\x68\x7d\x67\x7f\xfe\x38\x81\x62\x45\x73\
\xb1\x34\x7e\x41\x4c\x7f\x77\xaa\xb7\x94\x27\xdb\x12\xdf\x59\x01\
\xbd\x73\x42\x8c\x5d\x74\x08\x7d\x41\x13\xd9\xe0\xe2\x5c\x6e\x2a\
\xce\xf3\x3d\x66\x50\x1f\x5f\x9c\x32\x79\x4a\x24\xc5\x4e\xa3\xb1\
\x5c\x1a\xcb\xa2\x7c\x62\xa2\x83\xa5\xa7\xa5\x73\x9e\x28\x44\xfe\
\x38\x4b\xfa\xc6\xd6\xc7\x31\x18\xb8\x9d\x60\x00\x97\x03\xa7\xda\
\x8c\x8c\x8c\x7a\xe4\xab\x20\xa3\x55\xb8\x7e\x26\xce\xbf\x28\xc6\
\x2e\x3a\x45\xf1\x18\x54\x6a\x0d\xbf\x06\x78\x5a\x81\xd5\xcb\x8c\
\xeb\x47\xf5\x09\xa7\xd3\xd9\x99\x9a\x9a\x52\xe1\x72\xb9\xaa\x92\
\x93\x93\xab\x90\x4e\x4d\x76\x27\x67\xc1\xbe\x90\x8f\x1c\xab\xf8\
\x26\x89\xc7\x67\xa0\x35\x90\x91\xde\xbe\x4b\x81\xaf\x93\x81\x2e\
\xb9\x54\xad\xd1\x9c\x24\xdf\x72\xe8\x2b\xd8\x54\xea\x93\xa8\x87\
\xfc\x77\x88\xb8\xf6\x46\xb0\x1f\x94\xaf\xa2\xad\x4b\x24\xbf\xf9\
\xf8\x78\x1b\xd5\xb3\xdf\x32\xa1\xad\x3c\x85\x3a\xfb\x09\xec\xd2\
\x93\xb8\xfe\x24\x8c\xd1\x93\xb0\x83\x3e\xb1\x5a\xa3\x5f\x59\x02\
\xdd\x40\xb1\xf8\x27\x0a\x8d\x8c\x6d\x38\xda\xfe\x20\x6c\xff\x2d\
\x52\x0c\x56\xe6\x6d\x7f\x88\x36\x01\xf3\x60\xa5\x38\x09\x79\xaa\
\xa4\x3e\xe1\x4b\xc7\x8e\xc8\x80\xcf\x0f\x87\xcb\x53\x6c\x19\xd1\
\x76\x12\x53\xd4\xe9\x13\x2b\x06\x57\x64\x0e\x2e\x1f\x1c\x9f\x0f\
\xf7\x22\x85\x52\xc1\xee\xfe\xd9\x4f\xd9\x96\xeb\xb7\xb0\x5d\xdc\
\x8f\x77\x1f\xdb\x7f\x60\x3f\xdb\xb3\x77\x0f\x78\x37\x4f\x77\xed\
\xde\xc5\x56\x5c\xb2\x82\xf6\x3f\x1b\x53\x2c\x56\x22\x60\x75\x05\
\xd9\x19\x52\xfc\x18\xaf\x18\x32\xde\xfc\x25\xe4\xed\x9d\xa8\x28\
\x53\xa1\xd1\x28\xf4\x0f\x21\x63\x1b\xa1\xbf\xbf\xf4\x94\x51\xab\
\x29\xae\x0c\xcf\x23\x3d\x85\x3e\xd7\xf1\x8e\x8e\xce\xa4\x8e\xf6\
\x8e\x71\x44\x49\xa0\xa2\xe2\x22\xd6\xde\xd1\xce\x7e\xf0\xc3\xbb\
\x94\xc0\x25\xec\xc0\x6d\x07\xc2\x6e\xbb\xfd\x40\xd8\xbe\xfd\x7b\
\xc3\xf6\xee\xdb\x8b\x74\x5f\x18\x1d\xbf\xf3\xae\xef\x6b\xfb\xfb\
\xfb\xb3\x81\x15\x8f\x55\x39\x1a\xac\x44\x3d\x6c\x71\xbb\xdd\x0d\
\x49\x49\x49\xf3\xdd\x60\x4a\xd3\xd3\xd2\xe6\xa7\x81\xd3\x45\x86\
\x1e\x5b\xe0\x4e\x72\x57\xa3\x9e\xab\x09\xab\x68\xe8\x70\xd4\x31\
\x2b\xf4\x36\xf9\x4e\xcd\x87\x4e\xe2\x4c\x79\xba\x2e\x2b\x33\x6b\
\x01\xd2\xb2\xcc\x8c\x4c\x65\x5e\x6e\xde\xb8\x63\x45\xb1\xd1\xd1\
\xff\x52\x9b\x2d\xe6\x1b\xa1\x77\x0f\xa1\xff\xf9\x14\x31\xf2\x3e\
\x0c\xbd\x44\xfc\x7f\xf0\xb7\xfc\x74\xb4\x58\x99\x78\x3c\x2b\x2b\
\x6f\xbf\xa8\x2f\x2c\xa5\xd4\x1e\x7a\x33\xf5\x7d\xa9\xcf\x1c\xa1\
\x37\x90\x6d\x45\x71\xae\xd0\x16\x1a\x3c\xe7\x84\x72\xf1\x3c\x4f\
\x7a\x92\xda\x41\xca\x03\x33\x96\x2b\xc6\xea\x19\x4f\x2a\x2c\x2c\
\x60\x05\x05\xf9\x91\xb0\xed\x5f\x3c\xf3\x5e\x5e\x4a\xbe\x97\x97\
\xc2\x2b\x96\x85\xe0\x63\x12\x5c\xf3\xce\xf9\x79\x79\xac\x20\x3f\
\x5f\x11\x65\x32\x75\xd1\xbc\x01\xea\xc6\x9d\x90\x81\xdd\xd0\x2f\
\x3b\x89\x71\x6c\xa7\x09\x8c\xf4\x56\xfc\x1d\x69\xcc\xcd\x13\xcb\
\x22\xd8\xe6\xe8\x0b\x0b\x0a\xf8\x9e\xf4\x12\xf9\x9b\xc3\x23\xa2\
\xb8\x82\x4b\xfb\x97\x25\x19\x23\x83\x77\x5f\x4b\xa2\xc6\xc6\x05\
\xe8\x1b\x55\xa1\x3d\xbc\x9b\xfd\xed\xb5\xbf\xb1\xa7\x0f\x3d\xcd\
\xfb\x3a\xed\xed\x8b\x59\x73\x73\x13\x5f\xfb\x41\xfe\xce\xde\xfb\
\x2e\x09\x7d\xe7\x8b\x6b\x8a\xfc\x91\x30\x86\x3c\x3c\x8f\x13\x8c\
\xfb\x98\x04\x4a\xdc\x8f\x7e\x8c\xfd\xc1\x60\xa3\x1e\x3f\x76\x7b\
\xb0\xf9\xe3\x04\x4a\xb4\x5e\xf4\x22\x56\x81\xd1\xc8\xb5\xb5\xc1\
\x88\x55\x7a\x46\x3a\x67\x83\x97\x2f\x80\x3f\xa6\x31\x8f\xc1\xc1\
\x15\xe7\x64\xac\xef\x42\xa5\xb4\xf4\x34\x66\x8d\x89\x96\xa1\xcf\
\x56\xe1\x70\x38\x96\xd9\x13\xed\x4b\x13\x13\x13\x39\xdb\xed\xf6\
\xa5\xb0\x3f\x91\x26\x2c\x4d\xb0\x27\x2c\x49\x4d\x4d\xbd\x1a\xf6\
\xbd\x27\x76\x74\xb0\xd9\x57\xa5\x93\x4b\x69\x7f\x06\x83\x5e\xaf\
\x7f\x7e\xa4\xcf\xd2\xe9\x3e\x4c\xea\xe1\x98\xe4\x41\x68\x33\x94\
\x94\x94\x90\xef\xa0\x16\x7d\xfb\x1f\x98\xcd\x96\xbf\x5b\x2c\xd6\
\xd7\xd0\xb7\xf1\xb0\xd9\x64\x7e\x0d\x7d\x5f\x9e\x87\xed\xfe\x26\
\xfa\x86\x7c\x8d\x4b\x30\xca\x55\x7b\x7b\x3b\x5b\xbf\x61\x3d\xf9\
\xa4\x46\xf4\xf7\xf7\x3b\x57\x0c\xae\x70\xc2\xee\x74\x2e\x5f\xbe\
\xdc\x39\x08\xee\xed\xed\x75\x76\x77\x77\x3b\x07\xfa\x07\x12\x5b\
\xdb\xda\x6a\xa0\xd7\x3c\xbe\x96\xc1\xa6\xdb\x69\x0e\xe4\xae\x1f\
\xdc\xc5\xfd\x76\x81\x0f\xbb\xf4\xd2\x4b\xa1\xc3\x07\xd9\x25\x97\
\x5c\xc2\x79\x69\xdf\x52\x5a\x6b\xc1\xe7\x26\x3a\xbb\x3a\x5d\xc1\
\xac\xdb\x03\x25\x7f\x3e\x26\xd9\x41\xe6\x97\x1a\x28\xf5\x7a\xec\
\x2b\x11\xab\x31\xac\xd9\x0e\x16\xea\x3a\x2d\x7e\x7b\xf0\xe9\xf6\
\x40\x69\x24\x56\x17\xf7\x77\x3e\x33\xf9\x1f\xbf\x0a\x3e\xac\x0e\
\x3f\x7b\x98\x3d\xf3\xdc\x33\xec\xe0\xd3\x07\xd9\xd3\x87\x9e\x62\
\xc7\x5e\x3a\xca\x8e\x1c\xfd\x23\x7b\xee\x85\xe7\xd8\x93\x07\x9f\
\xe4\xbc\xac\x7f\xd9\x88\xd8\x3b\xc1\xa7\xaf\x1c\x8e\x44\x56\x5a\
\x5a\x12\x50\xd9\x2b\xae\xbc\xc2\xc7\x27\x2e\xd8\xec\xab\xb8\x38\
\x2e\x17\xf2\x78\x9b\xad\x15\xfd\xe3\x1d\x19\x19\x19\xdb\xb3\x73\
\xb2\xb7\x67\x65\x67\x6d\x07\x16\xdb\xe9\x37\xfa\xd6\x94\x6e\xcb\
\xc8\xcc\xbc\x4b\xda\xfb\x2e\x18\x63\x85\xd1\x9e\x00\xf9\xf9\x79\
\x91\xc0\xe0\x98\x5c\x21\xac\x25\xf7\xa4\x82\x2f\x07\x4f\x29\xb6\
\x3b\x8f\xdf\x2e\x1b\x9e\xf3\x0a\xb6\x3a\x58\x56\x5e\xce\xf2\x0b\
\x0a\x42\x63\x62\x62\xee\xb4\xd9\x6c\xff\x37\x3e\x3e\xfe\x55\x5b\
\x82\xed\xd5\x04\xbb\xfd\xd5\x84\x84\x04\xce\x38\xce\x53\xc8\xde\
\x71\x9a\x1f\x67\x67\xb1\x06\xf2\x42\xa6\xcb\x56\x5d\xc6\xf6\xee\
\xdd\xcb\x36\x6c\xd8\x10\xba\x6d\xdb\xb6\xd8\xef\x6e\xfb\x6e\xec\
\xad\xb7\xde\x1a\xbb\x67\xcf\x1e\xce\x3b\x76\xec\x88\xdd\xb6\x7d\
\x5b\xec\x9e\xbd\x7b\xad\x97\x5c\x7a\xc9\x14\xda\x1f\x9b\x89\x58\
\xe5\xe5\xe5\x35\xc5\xc7\xc5\x7f\xd3\x9f\x70\xde\x88\xd6\xd8\x3d\
\xf3\xcc\x33\xec\xea\xab\xaf\x66\x3b\x77\xee\x60\x3b\xc0\xbb\x76\
\xef\xe6\x71\xdc\xf7\x83\x29\xb6\xfb\xce\x9d\x3b\xa1\xd7\xaf\x64\
\xcd\x2d\x2d\x2e\x69\x3f\xaf\x60\x94\xab\x40\x49\xd8\xdf\xb9\xcd\
\x13\xeb\x3e\x18\xc7\xaf\x02\xa5\xf6\x11\x7b\x9f\x5d\xc4\xea\xcc\
\x44\x31\x07\x3a\x3a\x3a\x92\x8c\x5e\x7d\x1c\xae\xaf\xe2\x83\x47\
\x5f\x05\x4a\x1d\xc0\xaa\x7d\x84\x5c\xe5\xe7\xe7\x37\xd9\xe2\x6d\
\xdf\xf4\xab\x4d\x38\xf2\x87\x55\x6e\x6e\x5e\x53\x5c\x10\xb5\x83\
\x81\x92\xb0\x1f\x7d\xe7\xe9\xe3\x0c\x41\x16\x7b\x67\xe5\xca\x95\
\x7c\x0e\x9e\xc6\xf3\x7a\x7a\x7a\xc9\x57\x97\xf3\xb2\x65\x3c\x56\
\x2d\x1f\x47\xee\xea\xea\x82\x6c\xf9\xea\xab\x60\xd3\xed\x95\x53\
\x2b\xd9\xac\xd9\xb3\xd8\xb5\x9b\x37\x29\x06\x07\x07\xb5\x83\xcb\
\x07\xb5\xab\x56\xad\xe2\x7c\xd9\x65\x97\x69\x81\xa3\x76\xe5\xa5\
\x2b\xe9\xb7\xaa\xa5\xb5\x35\xd3\x60\x34\x04\x2d\x56\xd4\x1f\xcc\
\xc9\xcb\xd1\x58\xad\xd6\x9b\x2c\x16\xcb\xef\xc0\x8f\x23\xcf\x99\
\xf2\x3e\x6c\xb5\x1e\x06\x46\x7c\xbd\x68\x30\xc6\xbf\x2a\x2c\x2a\
\x24\xbc\x22\xc3\xc2\xc2\x5e\x3c\xe3\xbe\x67\x7c\xef\x33\x21\x6e\
\x0a\x3b\x4b\x9f\xb8\x0b\x99\x68\xbf\xfb\xf8\xb8\x38\x85\xc1\x60\
\xe8\x85\xec\x7c\x0f\xf2\x74\x5b\x74\x74\xf4\x6d\xe8\x4b\xf3\x54\
\x62\x1c\x3f\x10\x1b\x1b\x7b\x37\xfa\xce\x1f\x33\xc9\xbe\xca\x0d\
\xae\xfe\x60\x6a\x6a\x0a\xf7\x65\x0e\x84\x68\xbc\x5d\xda\xfb\x4c\
\xc2\x2a\x98\xe4\x8a\x68\xf5\x9a\x35\x1e\xbe\x6a\xed\x5a\xb6\xf1\
\x5b\xdf\x62\x9b\x36\x6f\xe6\xe9\xd5\x1b\x37\x72\x6e\x6b\x5f\x8c\
\xfe\x60\xeb\xc5\x3e\x4e\x00\xb4\x78\xf1\xe2\xd3\xfa\xce\x67\x33\
\xd6\x37\x49\x94\x47\xf2\x51\x2c\x2d\x29\xe5\x79\xa7\xc3\xff\xbe\
\xc3\xb4\x07\x3a\xed\x4d\x93\x91\x91\xc9\x7d\x24\x9d\x2e\x17\xdf\
\x6b\x3d\x2e\x6e\x62\xf6\x19\x68\xdd\x43\x9b\xf7\x9e\x7a\x67\xc0\
\x2a\x3b\x3b\x87\x15\x15\x15\xfb\x1c\xa3\xbd\x2c\xa4\xf8\x6d\x14\
\xff\x84\x7c\xde\xc8\x4f\x52\x8d\x74\x46\xdd\x0c\x65\x4d\x4d\x8d\
\x92\x7c\x06\xc5\x18\x32\x3e\xd7\xf2\xfd\x52\xc1\x54\x9e\xa8\xb6\
\xb6\x96\x67\x84\xfd\x77\x4f\x2f\x3f\x11\x88\xc6\x64\xda\xbc\xe4\
\xea\x4c\xf3\x38\x59\xd9\xd9\x4c\x6f\x30\x2a\x9c\x4e\xe7\x1c\xf4\
\xad\x37\xa6\xa6\xa6\x0e\x22\x1f\x49\xe3\xfa\xf4\xdd\x6a\x95\x9a\
\x7f\x27\xb0\x8e\x81\x6c\x5e\xa1\xd5\x6a\xef\xd5\x68\x34\xbf\x40\
\x7e\x25\xce\x9b\x69\xef\x5d\xf2\x59\x95\x70\x50\x52\xcc\x22\x85\
\x5c\x81\x74\x06\x8e\xef\x47\xf9\x07\xd0\xbe\xec\xc0\xef\x12\x55\
\x48\x88\x8c\x7c\xc9\x27\x9a\x5f\xea\xc8\x3a\xc8\xf7\xc2\xf6\x83\
\xd5\x9c\xb9\x73\x61\xdb\xce\x36\x47\xe8\xf5\xdc\x06\x09\x0d\x0d\
\xfd\xbc\xaa\xaa\x6a\x36\xed\xcb\x4a\x31\x18\x14\x0a\x25\xed\x45\
\x9c\x0a\x19\x7a\x92\x6c\x10\xc9\xdf\x5b\x18\xd3\x57\x3c\x8a\xd4\
\xa9\x10\xf1\x12\x65\x0f\xc5\x94\x6b\x70\xec\x9f\xde\x73\x01\xe4\
\xaf\x8a\xe3\x7d\xc0\x4a\x46\x71\x1d\x26\x52\x1f\x1e\x38\x31\xd8\
\xed\x49\x06\xef\xbe\xb3\x9f\xfe\xe0\xfc\xf9\x0b\xd8\x9c\x39\x73\
\x62\xf4\x7a\xfd\x9f\xa9\x1c\xed\xd9\x34\xad\xb6\x76\x01\xc5\x05\
\x24\x7f\x6f\xd4\x3f\x1d\x3e\xfe\x1e\x99\x18\xa7\x09\x78\x7c\x82\
\x7b\x7d\x22\x13\xe3\x5b\x01\x87\x3b\x20\x37\x21\x84\x93\x18\x07\
\x6c\xba\x5c\xae\xf8\x40\x8c\xe1\xf4\x85\x46\xab\xfd\x98\xfc\xc5\
\x85\xb2\x8a\xb7\x51\x6e\x32\xc9\x9f\xc9\x64\xfe\x46\x70\xf1\x47\
\x6d\x7e\x74\xbb\x3f\xac\x16\x34\x36\xb2\xb9\xf3\xe6\x45\x7b\x63\
\x55\x5b\x5d\xb3\x20\x3b\x2b\x1b\xb2\xa2\x66\x5a\xad\xae\x1e\x35\
\x8a\xfb\x7b\xe3\x5b\x5f\xc0\xfd\xc8\x9f\xb7\x01\xf8\x1d\x13\x8e\
\xc9\x4f\xe0\xfb\x8b\x49\xae\x22\x22\x22\x54\xc0\xea\xbf\xc4\xb2\
\x9f\xa9\xd4\xea\x6b\x12\x12\x12\x4a\x50\xff\x76\xc8\xc8\xbf\x1e\
\x78\x51\x8c\xb5\x2b\x57\xaf\x93\x4d\x24\xac\xf8\x98\x0c\x8d\xf5\
\x7d\x8d\xcd\xd0\xb8\x70\x21\x9b\x37\x7f\x7e\xb4\xde\x60\xf0\x60\
\x05\xdd\xbd\x20\x3b\x3b\x8b\x9f\x87\x6c\x6d\x25\xff\x54\x92\x0b\
\xdc\x63\x9d\x5a\xa3\x61\xe2\xfe\xdf\x37\xca\x3c\x71\x17\x94\x57\
\x53\x59\x9c\x77\x00\x23\x1e\x4b\x05\xf5\xf7\xd5\xd8\x98\xd8\x58\
\x8a\x6d\x03\x1b\x2f\x1d\xd8\xf2\xd8\x9d\x48\x8f\x18\x0d\x06\x33\
\xad\x0d\x9e\x28\xd4\xed\x67\xed\x87\x3f\xac\x80\x13\x6b\x98\x3b\
\x07\x72\x25\x60\x45\xfb\xa8\x55\x55\x55\x02\xab\x6c\xda\xb7\x02\
\xd0\x69\x1f\xa3\xe3\x54\x9f\x4c\x51\xa6\x85\xd0\x67\x7c\x7e\x04\
\xf2\xb2\x5c\xf0\xb9\xa3\xf5\x4a\x21\x3c\x60\x1d\xca\xce\xc4\x39\
\xde\xff\xc4\x73\x0f\x0d\xf4\x0f\x84\x51\xdc\x84\x94\xd4\x14\x2b\
\xf0\x7d\x85\x8e\x53\x2c\x2d\xb4\xb1\xf9\x16\xb3\x85\xeb\x38\x8a\
\x55\x20\xc6\x84\x62\xb8\x46\x4c\x87\xf3\x51\x91\x51\x62\x2a\xfe\
\x3e\x03\x4b\xf1\x8e\x22\x47\x94\xa3\xf8\x40\x52\x0c\x24\xb3\x58\
\x46\xe2\x48\xb1\x3c\xe9\xe6\xfe\xfe\xfe\x11\xf1\xdb\x4f\xc7\xaa\
\x7e\xd6\x4c\x36\xbd\x6e\x46\x74\x78\x44\x84\x07\xab\xb2\xb2\x32\
\x8e\x55\x45\x55\x95\x15\xdf\x22\x7e\x63\xc8\xc9\x98\x98\xd8\x2a\
\xaa\x3b\xe4\x7f\x8a\xf6\xb3\x0d\x32\xc7\xe3\x56\xe8\x74\xba\xc3\
\x4b\x7a\x7b\xb5\xe1\xe1\xe1\x83\xd2\x5a\x5e\xbc\xdb\x43\xdf\xbb\
\xfd\x7b\x6a\x1a\x1b\x9a\x3b\x6f\xae\x09\x75\xfc\xa8\x88\xd5\xe7\
\x89\xf6\xc4\xb9\xf4\xee\x3c\xb6\x41\x64\x64\x0c\x70\x5f\x84\xb6\
\xb7\xed\x4c\xec\x72\xb9\xda\x5c\x62\xea\x73\xcc\x8b\xd1\xf7\xe3\
\xa9\x83\x9f\x17\xca\x25\xb9\x92\xf8\x71\xd8\x7a\x02\xbb\x93\x71\
\x4c\x28\xef\x74\x89\xf7\x77\x38\xdb\x12\x13\x13\x5b\xd2\xd3\xd3\
\xaf\x08\x0b\x0f\xf7\xc4\xcc\xa4\xbd\xb0\x47\xce\xd1\xd7\xd4\xd6\
\x52\x3c\x8d\x68\x60\xe2\xc1\x6a\xca\xe4\xc9\x5c\xb7\x57\x4d\xad\
\x72\x85\x86\x85\xbd\x2e\xc8\xa5\xfa\xa3\x44\x87\xa3\x2c\xde\x66\
\x83\x9d\x99\xc2\xa6\x4f\x9f\xd1\x06\xbd\x7d\x4a\xb8\x46\x7b\x2c\
\x2f\x2f\xdf\x88\xbf\xdf\x66\x09\xab\x49\x93\xe2\xee\xfd\xe2\xf3\
\xcf\x95\x37\xdd\x7c\x23\xbb\x6e\xcb\xb5\x26\x3c\x97\xeb\x37\x6a\
\x4b\x61\xbf\xf5\x52\x2c\x36\x22\xdc\x6f\x03\xde\x8d\xde\x8f\xe2\
\x17\xf8\x65\x3a\x27\x9d\xff\xaa\x72\x67\xc3\x74\x5f\x99\x18\xa7\
\x88\xf2\x90\x95\xe6\x91\x7e\xf4\x14\x77\xa4\xbc\xa2\x22\x1a\x75\
\xcb\x83\x55\x45\x79\xf9\x02\xf2\xe9\x04\x56\x29\xc0\xf0\x2d\x09\
\x2b\xb7\x3b\xb9\xcc\x01\x5b\x3d\x39\x25\x85\xcd\x98\x51\xd7\x86\
\xb2\x1c\xab\x08\xbd\xe1\x7f\xdb\x3b\x3a\x27\x41\x37\x6e\x91\xb0\
\xb2\xd9\x6c\xf7\x0e\x0d\x0d\x29\x77\xee\xda\xc9\x6e\xde\x7a\xb3\
\x09\xfd\x50\x0f\x56\x19\x19\xe9\xab\xa5\xe7\x03\xb7\x5b\x26\x4c\
\x9c\xa2\xe1\x78\x68\x9f\x41\xe6\xea\xa9\xee\x7a\x13\xe9\x93\x29\
\x65\x65\x3e\x58\x95\xa3\x0e\xc2\x2e\xa5\xfe\x89\x17\x56\x2a\x01\
\xab\x44\x07\x73\x25\x25\x91\x3d\xee\xc1\x0a\x75\xef\xff\xb5\xb6\
\xb6\xc5\x1a\x8d\x91\x1e\xac\x80\xcd\xbd\x43\xa7\x86\x94\xdb\xb6\
\x6f\x63\xdf\xb9\xf1\x3b\x26\xd4\x7d\x01\x2b\x85\x72\x28\x2d\x2d\
\x75\x95\xf4\x7c\x94\x5b\x89\xb6\xf6\x43\xe8\xba\xaf\xe1\x40\xca\
\xf8\xb2\x66\xd4\xf7\xd1\x7d\x88\x6f\xfa\x00\x58\xfd\x04\xb2\x65\
\x94\xe2\x4e\x49\x44\x3e\x9a\x95\x55\x55\x3e\x75\x90\xb0\xca\xcd\
\xcd\x65\x53\xab\xab\xed\xa8\x83\x7f\x11\xf5\xd5\x47\xf8\xae\x32\
\xea\xfb\x50\x3d\x2c\x29\x2d\x6d\x83\xac\x71\xac\xa0\xb7\xff\x98\
\x9f\x9f\x0f\x73\x56\xbf\xda\x4b\x5f\xfd\xf2\xc1\xfb\xee\x57\x5e\
\x75\xd5\x55\xec\xf2\xcb\x2f\x37\xa1\x3d\x94\xe4\xea\x54\x7c\x7c\
\x7c\x3b\xc5\xbe\xa0\x7b\x41\x9f\x86\x43\x5f\x14\x42\x87\x94\x26\
\xb9\x93\x4a\xa1\x5f\x4a\xf1\xb7\x28\xc5\xdf\xb5\x94\x8e\x11\x4b\
\x79\xe8\xa2\x52\xc8\xa1\x87\xe9\xb8\x53\x3c\xe6\x74\x3a\x3c\xe5\
\x25\x96\xca\x09\xbf\x85\x7b\xf3\xfb\xd3\xef\x24\x17\x7f\x0e\x4f\
\xc5\xf2\x74\xce\x6e\xb7\xe7\x03\xb7\x08\x1d\xda\x30\x49\x4f\x58\
\xa3\xa3\x3d\x78\x35\xcc\x99\x63\x01\x56\x7f\xf2\xe8\xab\x29\x53\
\x16\x64\x64\x64\xd0\x3a\xaf\x48\xe8\xed\x3f\x8a\xdf\xf8\x09\xea\
\xef\x34\xa9\xfd\x20\x1d\x4a\xf5\x5c\x94\xb9\x47\x17\xb7\xb5\x2a\
\x50\xb6\x4b\xc2\x2a\x3a\x3a\xe6\xf7\xbb\x77\xed\x0e\xa5\x79\x4a\
\xe8\x44\x13\xfa\xd3\x47\x45\x5d\xf0\x29\xde\x67\x26\xc5\x98\x24\
\x19\xa7\x76\x28\xde\x16\xcf\xf7\xc5\xa5\x7e\x28\xed\x8b\x4b\x31\
\x94\xe9\xb7\xc4\x42\x1c\x9a\x44\x9e\x4a\x71\x69\x6c\x09\x36\xf1\
\x9c\xdd\x73\x4c\x2a\xcf\xf7\xd7\x05\x53\x19\x7e\x9c\xee\x27\x1e\
\xa3\x67\x48\x79\x89\xed\xe2\xf3\x28\x4f\xf3\xa7\x84\x11\xc5\x95\
\x25\xa2\x76\x1f\x75\xc2\x8d\xeb\xae\x43\xfb\x70\x13\xca\xec\x81\
\xbc\x9e\x10\xb0\x52\x7f\x31\x19\xba\x3d\x05\x3a\xa9\xb6\x76\xaa\
\x12\xc7\x7f\x21\xc4\xd9\x51\x9c\x42\x1d\x6b\xa5\x58\x7c\x44\xf8\
\xc6\x4b\xa4\x18\xad\xc0\xec\x76\x3a\x86\x67\x54\x00\x2b\xbe\xde\
\x2b\x34\x34\xec\xf9\xa2\xa2\x22\x3d\x8d\x4d\xe2\x5b\x62\x61\x97\
\xbe\x2a\x96\x7d\x0b\x32\x96\x46\xed\xe0\x85\x42\xa8\x63\x2b\x29\
\x6e\x9d\x14\x9b\x40\x26\xc6\x30\xa1\x35\x48\xa5\xa5\xa5\x0b\x68\
\x4c\x85\x62\x55\xa1\x9e\xad\x17\x6c\x4e\x39\xf9\xf7\xdc\x28\x5d\
\xaf\x0c\x51\x7e\x8f\xeb\x42\x19\x8f\x93\x32\x48\xfd\x1b\x8a\x79\
\x08\xfc\xb8\x8d\x81\xce\xf3\xdb\xf8\x9b\xe4\x90\x2d\x86\x7b\x56\
\x02\xeb\x7f\x32\x01\xab\x67\x80\x95\x9e\x6c\xd4\x0b\x81\x08\x03\
\xd8\x13\x2d\x90\x99\xb7\x61\x23\x9d\xf4\x5e\xd3\x46\x58\x95\x94\
\x94\x2c\x70\xbb\xdd\xbc\x2f\x8c\xfa\x55\x8c\xf2\x27\x28\x1e\x0c\
\xbe\xf7\x0d\xe8\xa4\xad\xb0\x8b\xb6\x01\x03\x6e\x87\x03\x9b\xbf\
\xe1\xfb\x53\x29\x0e\x56\x66\x9a\x8b\x62\x43\xef\x96\x30\xc4\xf1\
\x47\x2d\x16\xf3\x35\x48\x0f\x4a\x31\xe8\x90\xff\x36\xbd\x83\xe5\
\x02\x91\x2b\x8a\xe1\x61\xb5\x5a\x34\xa8\x87\xe9\x68\xe7\xa7\x02\
\x13\x6a\xbf\xb8\x1d\xe6\xc1\x2a\xc9\x2d\x8c\xb1\x28\x64\x48\x42\
\xb6\xa1\x4f\x38\xc4\x86\xe3\x40\x7b\xe2\xca\xa1\x5d\xbb\x2e\xd2\
\x14\x2b\x93\xc6\x65\xa0\xd7\xd2\x70\xfe\xcf\x92\x2c\x92\xdc\x4a\
\x71\xe8\x70\x9f\x97\xd0\xf7\x49\xa2\xf1\x0b\xf3\x88\xf6\x78\xa2\
\x92\x14\xff\x24\x36\x36\x86\xdb\xce\xe1\x7a\x03\x8d\x0f\xac\xc3\
\x77\x7d\x8e\x7a\xf3\x49\x71\x51\xd1\x4c\x37\xf4\x0c\x7d\x3b\xed\
\xe1\x87\xba\x6a\xc0\xb9\x5b\x69\x9c\x45\x98\x27\xe2\x71\xf5\x29\
\xbf\x0b\xd8\x18\x79\xb9\x10\xa1\x7d\x45\xbb\x4b\xb1\xb6\x6b\x71\
\xfc\x79\xf0\x97\x84\x31\x7e\x9f\x02\x7e\x7f\x40\xb9\x1a\x60\x06\
\x5d\x17\xfe\x0d\x23\x30\x36\xa2\x71\x4f\xea\x0b\xa3\x9d\x44\x97\
\xd6\xd0\x8f\x3e\xc7\x72\xe8\xfa\xc8\x68\xb1\x9d\xa4\xbe\xb2\x38\
\xc6\xa9\x86\xec\x34\xa0\xad\xdb\x0e\xbd\xb4\x0d\xf9\xd9\x74\x4c\
\xee\x1d\x5f\x5c\x46\xb1\xec\x65\x7c\x7c\x02\xe7\xed\xb8\x2f\xc5\
\x3a\xda\x83\x6b\x56\xe3\x1e\x0e\xad\x46\x8a\xfb\x17\xf2\x4d\x7d\
\xee\xa8\x69\x68\xe8\x13\x8a\x17\x32\x34\x74\x5c\xc8\x6f\xf2\xe4\
\xdf\xf7\xc9\x57\x7e\x6d\xfe\xb8\x70\x43\xbb\x57\x9e\x9d\xdb\x3c\
\x3d\x8b\x3b\xd6\x8a\xcf\x0d\x20\x7f\x5c\xfa\x46\x7c\xcb\x13\xa7\
\xe7\xbf\xa0\x6f\x17\xf3\x43\x0a\xaf\xfc\xd0\x88\xfc\x71\xaf\xbc\
\x78\xff\x31\xe5\xcf\x74\xff\xd1\xe6\xcf\xe6\x1d\x26\xda\xfb\x04\
\xfe\x2c\x26\x1f\xfe\x7b\x81\x37\x79\xe5\x2b\xa5\xbf\x91\x90\x17\
\xee\x3f\x22\x9f\xe0\x2f\xbf\xd9\xe0\x95\xf7\x88\x1b\x13\xee\x2c\
\xe6\x8f\x7b\xe5\xdf\x3f\x43\x9e\xf9\xe6\xab\xbc\xf2\x67\x7a\x1f\
\xbf\xf9\xcd\xa7\xe5\x85\x6f\x7c\x22\x6c\x38\xff\x7e\xe5\xf9\xfe\
\x1b\x5d\xb8\x32\x33\x11\x30\x79\xbf\x72\x58\xb7\xe0\xef\xe8\xc9\
\x6f\xf6\x95\xe1\x4d\x43\xa3\x90\x93\x11\x79\x6f\xd9\x3b\x57\x79\
\xbf\xcf\xda\x1c\x58\x7e\x93\x54\x1f\xbd\xbf\x71\xb3\x57\xfd\x0d\
\xfc\x6f\x74\xdc\x2b\x7f\xa1\xcb\xcc\x85\xf5\x0e\x4f\x9c\x92\x79\
\xf2\x9b\x37\x7a\xc9\xed\xba\x61\x59\xdd\xbc\xca\xeb\xef\xee\x9b\
\x4f\x90\xf2\x4f\xe4\x9c\x31\xef\x91\xb7\x27\x0c\xfe\xf3\xc7\xbd\
\xf3\xcc\x7f\x7e\x84\x4e\xf6\xbc\x1b\x0b\xb8\x1e\x09\xdf\x15\x48\
\xfe\xab\x71\x3b\x7e\xde\xff\x46\x5f\x9d\x3f\x9b\x77\x38\x7e\x8e\
\xde\xe1\x5c\xbd\xcf\x78\xbc\xdb\xe9\x7f\xaf\x4f\x12\x64\x52\xfe\
\xb8\x5d\xc5\x3c\x79\x36\x2c\x57\xc7\xbd\xe4\x27\xd0\xbc\x44\x67\
\x93\x1f\x49\x95\x9e\x2f\x08\x2c\xbf\x49\xcc\x1f\x67\x4a\x4f\xfe\
\xff\x03\x9a\x37\x72\x62\
\x00\x00\x05\x0b\
\x00\
\x01\x08\x3e\x78\x9c\xed\x9a\xcd\x72\xd3\x48\x14\x85\xdb\x76\xa6\
\x26\x84\x85\xcd\x62\x08\x05\x1b\x16\x54\x11\x8a\xa9\x0a\x2b\x98\
\x1d\xcc\x1b\xcc\x03\xf0\xf3\x28\xc9\x03\x24\x6c\x59\x90\x90\x81\
\xd5\xbc\xc5\x2c\x03\x1b\x28\x60\x1e\xc0\x59\x12\x3c\x64\xa0\xd8\
\x38\xd8\x16\xb7\xf1\xbd\xa5\x76\x03\x13\xc9\x56\xe2\x16\xe7\x9c\
\xd4\x17\xa5\x65\x55\x4b\xea\xaf\xd5\x2d\x4b\x71\xae\x21\x3f\xeb\
\xeb\x4e\x7e\x5f\x74\x2b\x8b\x0d\x77\xd6\x39\xb7\x22\xc8\x2a\xbf\
\xf2\xcb\xfa\x71\x1a\xee\xb7\x9e\xfb\x02\xc3\x30\x0c\xc3\x30\x0c\
\xc3\x54\x9c\x06\xa9\x94\xd4\xe3\x8f\x71\x41\xa9\xc3\xf1\xd6\x2d\
\xa9\xb6\x6f\x53\x68\x7d\x63\xfd\xa2\xd0\x16\xce\x08\x1d\x5d\x92\
\xe2\x58\x9b\xb5\xb5\x2d\xe3\xb4\xb4\xed\xe7\x95\x86\x1e\x83\xf5\
\xc5\x65\xe1\xb6\xb0\x25\x3c\x15\xba\x82\x7f\xd2\x70\x20\xbc\x23\
\x53\x71\xa0\x6d\xd8\xd5\x36\xdd\xd2\x36\x5e\xfe\x8e\x83\x93\x4a\
\x78\xcd\x5f\x15\x76\x84\xf7\x42\x26\x8c\x74\x49\xaa\xc7\xda\xf6\
\x83\xf0\x58\xdb\xde\x7c\x9c\xd4\x58\x60\xde\x97\x84\x0d\xe1\x30\
\x38\xb6\x81\xf0\x49\x97\x43\x5d\x47\x66\x67\x18\xb5\xad\xf5\x03\
\xdf\xf6\x9b\xc2\xe9\xc8\xcd\x71\xc5\xea\xbf\x2c\xbc\xd4\x63\xb0\
\xe3\xe2\x75\x7f\xb2\xe3\x80\xf5\x05\x5f\x7e\xa5\x4e\x42\x47\x55\
\xc7\xea\xbd\x2e\xec\xeb\x7e\xe9\x3d\x8d\x7e\xe0\xff\x7e\xab\x6e\
\x42\x57\x55\xc5\xe6\x96\x2b\xc2\x1b\x97\xbb\x9f\xf7\xf9\x93\x49\
\x17\xfb\xea\x28\x74\x36\x6b\xec\xde\xd2\xcf\xf7\xcf\xa3\xfd\x91\
\x74\x30\x27\x2f\xd4\x55\xe8\x6e\x96\xd8\x58\xb2\xa1\xf5\xdb\xfd\
\x1e\x49\x0f\x73\xb3\x11\xb9\x9b\x36\x36\x86\xac\x0a\x7d\xad\x9b\
\xf3\x7d\xba\x98\x9b\xbe\x3a\x0b\x1d\x4e\x13\xeb\x3f\x8f\xb4\x5e\
\x8e\xfb\xe9\x63\x8e\xb6\x23\x87\x65\x63\x73\xc7\x79\x37\x7e\x16\
\x15\xf6\x2f\x92\x2e\xe6\xe8\x5f\x75\x17\xba\x2c\x93\x05\x5d\xde\
\xd5\xfa\xec\xbb\x26\x49\x1f\x73\x75\x27\x72\x59\x26\x36\x6e\x6c\
\x69\x5d\x1c\xfb\xeb\x83\xb9\x7a\x18\xb9\x2c\x13\x1b\x33\x76\xdd\
\x64\x9f\x22\xe9\x63\xae\x76\x23\x97\x45\x63\xdb\x9f\x12\xf6\xb4\
\xae\x61\x02\xe7\x45\x8a\x61\xae\xba\x2e\x7f\x77\x5c\xa6\x0f\xd8\
\xb6\xfe\xdd\x73\x4f\xeb\xe2\xbd\x5f\x7d\x30\x57\x3d\x75\x18\x3a\
\x2d\x12\xdb\xd6\xff\xff\x01\xef\xfd\xeb\x87\xb9\x7a\xa7\x0e\x43\
\xa7\x45\x62\xdb\x76\x1c\xfd\xd7\x91\xd0\x7f\x27\x72\x5a\x24\xbc\
\xfe\xeb\x4d\x55\xd7\x3f\xfd\xd7\x13\xfa\xc7\x86\xfe\xb1\xa1\x7f\
\x6c\xe8\x1f\x1b\xfa\xc7\x86\xfe\xb1\xa1\x7f\x6c\xe8\x1f\x1b\xfa\
\xc7\x86\xfe\xb1\xa1\x7f\x6c\xe8\x1f\x1b\xfa\xc7\x86\xfe\xb1\xa1\
\x7f\x6c\xe8\x1f\x1b\xfa\xc7\x86\xfe\xb1\xa1\x7f\x6c\xe8\x1f\x1b\
\xfa\xc7\x86\xfe\xb1\xa1\x7f\x6c\xe8\x1f\x1b\xfa\xc7\x86\xfe\xb1\
\xa1\x7f\x6c\xe8\x1f\x1b\xfa\xc7\x86\xfe\xb1\xa1\x7f\x6c\xe8\x1f\
\x1b\xfa\xc7\x86\xfe\xb1\xa1\x7f\x6c\xe8\x1f\x1b\xfa\xc7\x86\xfe\
\xb1\xa1\x7f\x6c\xe8\x1f\x1b\xfa\xc7\x86\xfe\xb1\xa1\x7f\x6c\xe8\
\x1f\x1b\xfa\xc7\x86\xfe\xb1\xa1\x7f\x6c\xe8\x1f\x1b\xfa\xc7\x86\
\xfe\xb1\xa1\x7f\x6c\xe8\x1f\x1b\xfa\xc7\x86\xfe\xb1\xa1\x7f\x6c\
\xe8\x1f\x1b\xfa\xc7\x86\xfe\xb1\xa1\x7f\x6c\xe8\x1f\x1b\xfa\xc7\
\x86\xfe\xb1\xa1\x7f\x6c\xe8\x1f\x1b\xfa\xc7\x86\xfe\xb1\xa1\x7f\
\x6c\xe8\x1f\x1b\xfa\xc7\x86\xfe\xb1\xa1\x7f\x6c\xe8\x1f\x1b\xfa\
\xc7\x86\xfe\xb1\xa9\xca\x7f\xc7\xd1\x7f\x1d\x09\xfd\x77\x22\xa7\
\x45\xc2\xeb\xbf\xde\x54\x75\xfd\xb7\x85\x5e\x54\x27\x49\x1f\x73\
\xd5\x53\x87\xa1\xd3\x22\xb1\x6d\x4f\x09\x7b\x5a\xd7\x30\x81\xf3\
\x22\xc5\x30\x57\x5d\x61\x31\x72\x5a\x34\xb6\xfd\x53\xad\x6b\x90\
\xc0\x79\x91\x62\x98\xab\xdd\xc8\x65\x99\xb4\x74\xb9\xa5\x75\x7d\
\x4a\xe0\xbc\x48\x31\xcc\xd5\xc3\xc8\x65\x99\x2c\xe8\xf2\xae\x9b\
\xec\x53\x24\x7d\xcc\xd5\x9d\xc8\x65\x99\xd8\x98\x71\xc1\xf1\x3b\
\x40\x9d\x08\xef\xfd\xcf\x47\x2e\xcb\xc6\xc6\x8d\x1d\xad\x93\x73\
\x40\xfa\x98\xa3\x47\x91\xc3\x69\xd2\xd4\xe5\x35\xa1\xef\x26\xfb\
\x17\x49\x0f\x73\xe3\x5d\xad\x46\x0e\xa7\x8d\xf5\x9f\x4d\xad\xfb\
\x30\x81\xf3\x24\xdf\xc6\xdc\x6c\x46\xee\x66\x89\xcd\x1d\x4b\xc2\
\x0b\xad\x9f\xf3\x40\x7a\x98\x13\xef\xe8\x74\xe4\x6e\xd6\xd8\x18\
\x72\x45\xd8\x8f\xf6\x47\xe6\x8f\xb9\xd8\x57\x47\xa1\xb3\xaa\x62\
\x63\xc9\x75\xe1\x6d\xb0\x5f\xde\x0f\xcc\x8f\x91\xcb\xdd\x7b\x27\
\x37\x22\x57\x55\xc7\xea\x5d\x11\x5e\xe9\x7e\x07\x8e\xfd\x60\x5e\
\xde\xed\x7b\xfe\x6b\x75\x12\x3a\x3a\xae\x58\xfd\xfe\x7e\x60\xc3\
\xe5\xf7\x1c\x23\x97\xf7\x05\xbf\x1c\xea\x3a\x32\x3b\xc3\xa8\x6d\
\xed\x5a\xf3\xe5\xfb\x2e\x9f\xef\x8f\xdb\xbd\xa5\x19\xec\xeb\x57\
\x37\x7e\x3e\xf0\xde\xe5\xfd\x60\xde\xd7\xc7\x8f\x8a\xb5\xed\x07\
\xe1\x89\xb6\xbd\xf9\xa8\x7a\xbe\x3f\x2a\xfe\xde\xb2\xe5\xf2\x7b\
\xcc\x65\x37\x7e\xde\xb8\x2d\x3c\x73\xe3\xf7\x86\xfe\xfd\xe3\x81\
\x1b\x3f\x8b\x22\xe5\x39\xd0\x36\xdc\xd3\x36\xdd\xd6\x36\x3e\xf7\
\x1d\x07\xf3\x48\x38\x16\x84\xf1\xef\x1d\xfd\xbb\x67\xff\xff\x07\
\x1d\x5d\x92\xe2\x58\x9b\xb5\x5d\xfe\x0e\x37\x4c\xcb\x9d\xfc\x35\
\xff\x7f\xf1\x7d\x70\x41\x99\x67\x7f\xfc\x51\x53\xb7\xf6\x6d\x90\
\x4a\x61\x18\x86\x61\x18\x86\x61\x98\x99\x93\x55\x9e\xff\xf2\xca\
\xdb\x52\x1c\x35\xf3\x8f\x7e\x5f\xcb\xb2\xfe\xa5\xfc\xf3\x4b\x3b\
\x59\xf6\xf1\x56\x5e\x6e\xae\x66\xd9\x9b\xf0\xe8\x1e\x64\xd9\x3f\
\x61\xf9\x6a\x96\xfd\x15\x96\x7f\xc9\xb2\x3f\xc2\xf2\x52\x36\xfa\
\x33\x2c\xff\xb4\x36\xba\x15\x96\x9b\x6b\x83\xc9\xf2\xcd\xc1\x7a\
\x58\x6e\x7c\x55\x1e\xba\x89\xfc\xdd\x9f\x2c\xef\x1c\x55\x3e\x9c\
\x2c\xdf\x63\x99\x65\x96\x59\x66\xb9\x58\xb9\xec\x78\x1b\x8f\xd7\
\x47\x8d\xef\xf1\x7c\x10\xcf\x17\xf1\x7c\x12\xcf\x37\x5f\xcd\x47\
\xf1\x7c\x15\xcf\x67\xf1\x7c\x17\xcf\x87\xf1\x7c\x99\x75\xf3\xcf\
\x7f\xae\x7e\xb6\xfe\x0c\xdb\x46\x75\xe0\
\x00\x00\x08\x5a\
\x00\
\x01\x08\x3e\x78\x9c\xed\x9d\x4b\x6c\x1b\x55\x14\x86\x8f\x1d\x47\
\xf4\x25\x84\x0a\x6d\x41\x6c\x60\x51\x64\x84\x10\x6c\x10\xa8\x9b\
\x56\x20\x24\xa0\x02\x42\x79\x23\xa1\xae\x58\xb1\x60\x81\xc4\xb3\
\xad\x8f\x4b\xfa\x94\xa8\x50\x1a\x84\xc4\xaa\x88\x05\x5d\xc1\x86\
\x25\x22\x8b\x22\x24\x52\x0a\x7d\xc1\x9a\x45\x23\x41\x11\x2a\xea\
\x03\x89\x90\xd8\xdc\x7b\xe7\xde\x3b\x67\xdc\x89\xed\xc4\x63\xcf\
\x1d\xfb\xff\xd0\x61\x72\x9c\x34\xf7\xf7\xfd\xff\x79\x78\x26\x1e\
\x13\x95\xd4\x7f\xcc\xa4\xfe\x7f\x07\x55\x57\x95\x68\x23\x11\x55\
\x55\xa9\x87\xf4\x83\xe6\xf1\x88\x12\x5d\xba\xbd\x6c\x0a\x00\x00\
\x00\x00\x00\x00\x00\x00\x00\x00\x00\x00\x00\x00\x00\x00\x00\x00\
\x00\x00\x00\x00\x00\xc8\x85\xba\xaa\xdd\xaa\xde\xa2\xe8\x0f\xdd\
\xea\x54\x32\xc5\xa6\xa2\xef\xb3\x2d\x30\x3c\xec\xa5\xd8\xd7\xc8\
\xeb\x0a\xd5\xd4\xb2\xa6\xfa\x9a\x7f\x7c\xcc\x56\x9c\x03\x50\x7c\
\x98\x48\xf8\x5c\x36\xbe\xeb\xc7\xea\xea\xeb\x3a\xad\x57\xb5\x49\
\xf5\x37\x88\x75\x7f\x4c\x64\x85\xe8\x48\x0e\x9a\x41\x36\x70\xa2\
\xc6\x8c\xc7\x75\xba\x59\x7d\x5d\x57\x75\x56\xd5\x25\x55\x97\x55\
\xfd\xa6\xea\x0b\x55\x0f\x89\x9f\x2d\xd9\x9f\x47\x06\x8a\x08\x27\
\xaa\x62\x97\x5b\x54\x5d\x50\xd5\x54\xd5\xb0\xcb\xd6\xaa\xd9\x6d\
\x05\x32\x50\x54\x98\xd2\xbc\xdf\xa6\xea\x8a\xf5\x78\x5e\xd5\xa2\
\xcd\x40\xc3\x7e\xfd\x9f\x2d\xfd\xfd\x0f\x69\x0f\xe9\x7d\x06\x32\
\x50\x34\x98\x3a\x79\xbf\xb0\xc4\x7a\xef\xb6\x09\x71\x06\xa2\xe3\
\x06\x64\xa0\x28\x30\x75\xf2\x7e\xb1\x8d\xf7\xb2\x90\x81\xa2\xc1\
\x94\x95\xf7\xc8\x40\xd1\x60\xca\xda\x7b\x64\xa0\x28\x30\xf5\xcb\
\x7b\x64\x20\x74\x98\xfa\xed\x3d\x32\x10\x2a\x4c\x83\xf2\xbe\x7d\
\x06\x9c\x06\x64\x60\x70\x30\x0d\xda\x7b\x6c\x07\x42\x81\x29\x2f\
\xef\x91\x81\xbc\x61\xca\xdb\xfb\xeb\x33\x80\xf3\x84\x83\x81\x29\
\x14\xef\xb1\x1d\x18\x34\x4c\xa1\x79\x8f\x0c\x0c\x0a\xa6\x50\xbd\
\x47\x06\xfa\x0d\x53\xe8\xde\x23\x03\xfd\x82\xa9\x28\xde\x23\x03\
\x59\xc3\x54\x34\xef\x91\x81\xac\x60\x2a\xaa\xf7\xc8\x40\xaf\x30\
\x15\xdd\x7b\x64\x60\xa5\x30\x0d\x8b\xf7\xc8\xc0\x72\x61\x1a\x36\
\xef\x91\x81\x6e\x61\x1a\x56\xef\x91\x81\x4e\x30\x0d\xbb\xf7\xc8\
\xc0\x52\x30\x8d\x8a\xf7\xc8\x40\x2b\x4c\xa3\xe6\x3d\x32\xe0\x60\
\x1a\x55\xef\x91\x01\xa6\x51\xf7\x7e\x74\x33\xc0\x04\xef\x47\x35\
\x03\x4c\xf0\x7e\x54\x33\xc0\x04\xef\x47\x35\x03\x4c\xf0\x7e\x54\
\x33\xc0\x54\x04\xef\xdd\x7b\xbf\xf3\xd6\x31\x5c\x19\x60\x2a\x92\
\xf7\xc8\x40\x96\x30\x15\xc1\x7b\xa7\xe1\x4f\x55\xe7\xec\xd7\xed\
\xee\x0b\x80\x0c\x74\x0b\xfb\x72\xf7\x51\x0a\xd1\x7b\x77\x9f\x87\
\xc7\x69\x2f\xad\x52\xcb\x93\x2d\x73\x9f\x77\x15\x33\x03\xec\xab\
\x6c\x97\x0f\x06\xea\xbd\xbe\xff\xcb\x93\x46\x63\xd3\xe8\x5c\xaf\
\xea\x07\x64\xa0\x47\x26\x49\xcf\xa5\x7b\x4f\xe4\x5a\x55\xbf\xd8\
\xe7\x10\xc2\xb6\x55\xae\xf7\x4f\x59\x8d\x7a\xff\x34\x66\xef\xfd\
\x86\x0c\xf4\x0a\x93\xdc\xe7\xbf\x66\xb5\xcf\x07\x30\x8f\xd2\xfb\
\xa7\x5b\x74\xca\x7d\x15\x32\xd0\x0b\xd1\x7a\xe4\xe6\xf2\x4b\xab\
\x3b\xef\x75\xbf\x93\xf7\xc8\x40\x56\x68\x2d\x6f\xaa\xda\x45\x7a\
\x1e\x4f\x89\xf9\xcf\xdb\x7b\x9d\xc1\x09\xef\xfd\x41\x6a\xf5\x3e\
\xce\x40\x34\xa7\xc8\xc0\x4a\x60\x55\xef\xa9\xda\x43\x21\xf8\x2f\
\xbd\x7f\xc6\x7b\x7f\x94\x62\xbf\xa5\xee\xb8\xc6\xcc\xfd\x82\x91\
\x81\xe5\xc3\x14\xca\xf6\x5f\x7a\xbf\xc3\x7b\xaf\x39\x4c\xd1\xbd\
\x80\x5b\x49\xde\x23\x5a\x1e\x13\xce\x22\x03\x5d\xf2\x01\x85\x70\
\xfc\x97\xee\xfd\x73\x6a\x39\x45\xd1\xb6\xa9\xbd\xfe\xd6\x0c\xe8\
\xfb\x05\xe3\xfc\x40\x37\x44\xf3\x26\x5f\xff\xfd\x4a\x83\xdd\x06\
\xa4\x7b\xff\x8e\x5a\x1e\xa0\xf4\xf5\xbe\x95\xb4\xed\x40\x1d\x19\
\xe8\x0a\x3d\x6e\xb4\xef\xcf\xe3\xfc\x8f\x3c\x97\xff\xac\x1d\x7f\
\x5c\x78\xd9\x3d\x4c\xd8\x0e\xac\x14\x39\x6f\xd1\x52\x9f\xff\xbd\
\xda\xe7\x0c\x48\xef\x9f\xef\xc9\x7b\x87\xfc\x2c\x90\xf8\xb9\x84\
\x9c\x81\x23\x41\x64\x80\x13\x25\xaf\xff\xf4\x2b\x03\x69\xde\x57\
\x68\x9f\x5a\xbe\x41\x2b\xf3\xde\xd1\xba\x2f\x88\x96\xc8\x40\x27\
\x98\xe4\x67\x6e\xf4\x33\x03\xd2\xfb\x17\xec\x38\xe3\xc6\xb7\xa6\
\x7d\xee\xbd\x92\x7e\x3c\x70\x0b\x32\xd0\x81\x3a\xf5\x3b\x03\x4b\
\x7b\xef\xfc\xca\x0a\xa6\xa5\x32\xf0\x23\x32\xd0\x86\xfe\x65\x40\
\xfe\xed\xc6\x4b\xde\x7b\xbd\xcd\x9f\xa2\x6c\xbd\x97\xcf\x85\x29\
\x99\x01\x46\x06\xba\x9a\xb7\x6c\x33\x90\xe6\x7d\x85\x0e\xa9\xe5\
\xe7\x14\x6d\xaf\xfb\x45\xfa\xf1\x00\x32\xd0\x89\xec\x32\x20\xbd\
\x7f\xd9\x7b\xbf\x5f\x2d\x8f\x52\x7f\xbd\x77\x20\x03\x2b\xa3\xf7\
\x0c\x2c\xa6\x78\x3f\x6e\xce\xd9\x1d\xa6\x6c\x8e\xf5\xba\x85\xe9\
\xfa\x7d\x41\x74\x3c\x70\xaa\x65\xee\xf3\xae\xa2\x64\xe0\x8a\xd0\
\x9b\xf6\xb9\x5c\xf2\xf1\x57\xbc\xf7\xfd\x38\xd6\xeb\x16\xa6\xb4\
\xed\xc0\x06\x55\x3f\x21\x03\x6d\x48\xcf\xc0\x56\x55\x7f\x8b\xf5\
\x7c\xc1\xea\x5e\x10\xbe\xeb\xeb\x08\xf1\xfe\x5e\xaf\xf7\x93\x94\
\x8f\xf7\x8e\xb4\x63\xc2\x7a\xd0\x19\x08\xe3\x3c\x61\x32\x03\x6e\
\xdd\xb9\x4b\xd5\xd7\x14\x5f\x2b\x68\x88\xe5\x09\x55\x0f\x78\xef\
\xf5\xb9\xfc\x41\x6f\xf3\x97\x22\xfd\x3c\x21\x32\xd0\xcd\xbc\xb5\
\x7e\x2e\xeb\xfb\xe4\x72\xa0\xf7\xef\xaf\xab\x7a\x55\xd5\xbd\x6a\
\x3b\x5f\xa2\x77\xed\xfc\x4e\xab\xe5\x21\x0a\xc3\x7b\x47\xfa\x6b\
\xc3\x90\x33\x10\xc6\xbe\x80\x13\x55\xa6\xf8\xba\x51\xb2\x6a\xe6\
\xf1\x31\x9f\x97\x90\xbc\x77\x14\x6f\x3b\x10\x46\x06\xdc\x35\x77\
\x37\x7e\x94\x81\x8a\xa8\x72\x62\x6e\x07\xf1\x1a\x6f\xa5\x30\x0d\
\xc7\x76\x00\xac\x1c\xa6\xeb\x33\x50\xa7\x8d\x01\x67\x40\x7e\x86\
\x45\x7e\xaf\xa7\x86\x09\xa6\xb4\x7d\x81\xce\xc0\xcf\xc1\x66\x20\
\xda\x0e\x94\xfd\x6b\xea\xa9\x7c\xa6\x6e\x68\x48\x3f\x4f\x18\x72\
\x06\xde\x6e\xd1\x0a\x7a\x25\xfd\xda\x71\x68\x19\x70\xaf\xb3\xff\
\x51\x55\xb5\x5a\xcb\xf0\x3f\x23\xd2\x5f\x1b\xea\x0c\x9c\x0e\x28\
\x03\x4e\xc3\x3e\xab\xb3\x82\xe3\xc0\x0c\x49\x3f\x4f\xb8\x29\xa0\
\x0c\xb8\x73\x6e\x33\xfe\x38\x00\xfe\x67\x4b\xfa\xf1\x80\xce\xc0\
\x99\x00\x32\xe0\xae\xbd\x9d\xa1\xbf\xc8\xe5\xb5\x94\xdb\x5c\x0d\
\x2b\xe9\xfb\x82\x10\x32\xe0\xd6\xff\xef\xed\xfa\x5f\xc2\xfa\xdf\
\x27\xd2\xdf\x67\x94\x77\x06\xdc\x98\x9f\x5a\x5d\xd1\x75\x39\xd0\
\x1f\x98\x96\x3a\x1e\xc8\x2b\x03\x6e\xfd\x7f\xd8\x6b\xda\x95\xdb\
\xec\x8c\x06\x4c\x69\xc7\x03\xb7\xe6\x90\x01\xf7\xfe\xbc\xcf\xac\
\x86\xf8\x1a\x0c\xe8\x2f\xe9\xc7\x84\x83\xcc\x80\xfb\xfd\xdf\xaa\
\xed\xcf\x6a\x7f\xdc\xa7\x75\x1c\xcc\x6b\x52\x46\x8c\xf4\xd7\x86\
\x83\xc8\x80\xfb\xbd\x33\xaa\xd6\xd9\xf1\xdd\x7b\x37\xc1\x20\x19\
\x7c\x06\xd2\xbc\x8f\xb7\xfb\x38\xf6\x1f\x3c\x4c\x4b\xed\x0b\xce\
\x66\x9c\x81\xf6\xde\x73\x0e\xcf\x1d\x44\x2c\x7d\x3c\x70\x8e\xb2\
\xc9\x00\xbc\x0f\x9d\xf4\xbf\x23\xba\x2d\x83\x0c\xc4\xde\xd7\x95\
\xf7\xd1\xdf\xdd\xc0\xfb\x10\x61\xca\x3a\x03\x49\xef\x27\x09\xde\
\x87\x4e\x76\xdb\x81\xa4\xf7\xfb\x09\xde\x17\x85\xde\x33\x30\xdf\
\xd6\xfb\xfd\xf9\x3c\x2d\xb0\x0c\x98\x3a\x65\x40\x7b\xec\xde\x27\
\xe3\x6a\x01\xde\x0f\x11\x4c\xc9\x0c\xc4\xd7\x8c\x4e\x58\x8f\x5b\
\xdf\x3b\xe9\x7a\x7d\x0f\xbe\xb5\xe2\xef\xaa\xe1\x7d\x51\x49\xee\
\x0b\xca\xe6\xbd\x32\x75\x73\x8f\x23\x7d\x9f\xbd\xef\x28\xfa\x2c\
\x03\xfd\x3e\xca\xdf\x55\x7d\x43\xfa\x5e\x38\x35\x73\x3e\xaf\x0c\
\xef\x87\x04\xa6\x64\x06\xdc\x7b\x23\x0e\x98\xfe\x46\x7b\xce\x70\
\x9d\xc8\x8a\xfe\x99\x12\xbc\x1f\x22\xe4\x39\xa2\xba\xf1\xb6\x62\
\xdf\x1f\xd5\x9a\x8d\xb1\xc4\x63\x38\xa7\x3b\x5c\xc8\xfd\x41\x7c\
\xdd\xae\xe4\xd7\xf7\x1a\xc1\x77\x00\x00\x00\x00\x00\x00\x00\x00\
\x00\x00\x00\x00\x00\x00\x00\x00\x00\x00\x00\x00\x00\x00\x00\x09\
\x9a\x60\xf9\x34\xf6\x26\xfb\xf9\xbb\xb7\x26\xfa\x0b\x93\x3b\x13\
\xfd\x6c\xe9\xbe\x44\x3f\x4d\x9f\x24\xfa\x2a\x6d\x4f\xfc\xfa\x09\
\xda\x2c\xfb\x85\x63\xb4\x5e\xf6\xff\x6e\xa3\xd5\x35\xd1\x5f\x66\
\xaa\xcc\x88\x7e\x8e\xa8\x2c\x05\xcc\x12\x25\x04\xe8\x8f\x5d\x90\
\x02\xaa\xaa\x17\x02\xd4\xf0\x24\x05\xa8\xe1\x49\x0a\x50\xc3\x93\
\x14\xa0\x86\x27\x29\x60\x4e\xe7\x4a\x08\x98\xd5\xbd\x10\x30\x6d\
\x82\x17\x0b\xa8\x9a\xde\x0b\x30\xc3\x0b\x01\x66\x78\x21\xc0\x0c\
\x2f\x04\x98\xe1\x85\x80\xb9\x28\xd8\x5e\xc0\x6c\xd4\x7b\x01\xd3\
\x36\xf9\x4e\x40\xd5\xf6\xdb\x13\xc3\x7b\x01\x76\x78\x2f\xc0\x0e\
\xef\x05\xd8\xe1\xbd\x80\x39\xb7\x66\x59\x01\xb3\xae\xb7\x02\xdc\
\xf0\x4e\x40\xd5\xf7\x91\x80\x09\xdf\x1b\x01\x8d\x63\xbe\x37\x02\
\x1a\x66\xf8\xfb\xbd\x80\x86\x19\xfe\x31\x2f\x60\xc1\xf4\xd3\x5e\
\x80\xe9\x4b\x4f\x78\x01\xa6\x2f\x7f\xec\x05\x98\x7e\x7c\x0b\x3b\
\x01\xa6\x5f\xb3\x7b\x9b\x13\x60\xfa\x9b\x22\x15\xeb\xdd\x78\x77\
\x46\x2a\xb5\x00\xa3\xe7\x91\xe6\x71\x27\xc0\xfc\xe4\x81\xe6\x79\
\x2f\x60\xc2\x0c\x7c\xd1\x0b\xa8\x9a\xc7\xaf\x79\x01\xd3\xe6\xdf\
\xcd\x7b\x01\xb3\xe6\xf7\x2e\x7a\x01\x73\x66\xdc\x58\x80\x9a\xef\
\xcd\x6e\x9a\xb4\x00\xe5\x87\xfe\x67\x5e\x80\xf2\x4b\xff\x5a\x2f\
\xa0\x31\x61\x86\x15\x02\x8c\xac\x58\xc0\x14\xe9\x79\x8b\x05\xfc\
\xb1\x43\xcf\x6b\x2c\xe0\xea\x78\xec\x83\x58\x0b\xbc\x00\x4b\x24\
\x20\xee\x23\x01\x71\x1f\x09\xd8\xea\xfb\x6b\x2d\xbd\x11\x20\xfa\
\x48\xc0\x8c\xef\x8d\x00\xf1\x7d\x23\x40\xf6\xc7\x5b\xfa\xf3\xc9\
\xf1\x8d\x00\xd9\x6b\x01\xe3\xa2\xd7\x02\xd6\xc4\xad\x11\xb0\x41\
\xf4\x5a\xc0\x3d\xa2\xd7\x02\x5e\x94\xbd\x12\xf0\x95\xec\xcf\x53\
\x69\xa7\xec\x2f\x52\x79\x46\xf6\xd7\x12\xc3\x6b\x01\x72\x78\x25\
\x80\xc6\x13\x7d\xe3\xa3\x93\x89\xbe\xf9\xe8\xa6\x64\x7f\x7a\x67\
\x13\x2c\x93\xff\x01\xc9\xde\xcd\x76\
\x00\x00\x04\x0a\
\x00\
\x01\x08\x3e\x78\x9c\xed\x97\xb1\x4e\x14\x51\x14\x40\xef\xba\x9a\
\x68\x96\x62\x29\xb4\xa6\x24\x42\x62\x6b\x69\xef\x47\xf0\x29\xf2\
\x09\x76\x96\x5a\x5a\x10\x62\xf8\x01\x7e\xc1\xf8\x0d\x52\x90\x08\
\xdb\x58\xac\x24\xb0\xde\x61\xde\x24\x9b\x89\x1d\xb3\xeb\x39\xc3\
\x3b\x70\x77\x79\x5b\xcc\x3b\xef\x84\x65\xd8\x88\x49\x7e\x1d\x1f\
\x47\x3e\xee\xc5\xfe\xf3\x49\xbc\x8a\x88\xfd\x9c\x7c\xa9\x79\xf1\
\xfe\xf5\x96\x49\xbc\xfd\x15\xf7\x53\xa9\x54\x2a\x95\x4a\xa5\x52\
\xa9\xfc\x07\x26\x1b\x9a\xea\xcb\xe6\x49\xce\x74\x83\xd7\x9f\x96\
\x3d\x86\xc2\xe6\x4b\xa6\x39\x67\xf7\x3b\x3f\xcb\xd9\xcd\x99\x97\
\xe7\x87\x4c\x77\x8d\x59\xb9\xf6\x50\xef\x2d\x9b\x2f\x99\xee\x77\
\xfc\x20\xe7\x5b\xce\x65\xce\x22\xe7\x7a\xa0\x59\x94\x6b\x36\xd7\
\x7e\xdd\xdb\xf3\x31\xf8\x92\x59\x6f\x79\x95\xb3\xca\xb9\x2b\xcf\
\x43\x4e\x77\xcd\xa6\xef\x61\x6f\xef\x31\xfb\xd2\xe9\xce\x74\x1a\
\xed\x79\x97\xd1\x9e\x7d\x13\xb3\x2c\x7b\x9c\xf4\xf6\x1e\xb3\x2f\
\x99\xee\xbe\xb6\x93\x73\x11\x9b\x7b\x2f\xf5\xdf\x53\x3f\xcb\x9e\
\xeb\x0e\x63\xf4\xa5\xd3\x9d\xa5\xf9\x9f\xa7\xf9\x3b\xb7\xad\x9e\
\xd7\x65\xcf\x75\x87\x31\xfa\xd2\xb1\xf5\xb4\xf9\xd2\xe9\xce\xd2\
\x7c\xde\xd9\x76\xcf\xdd\x9e\xc3\x18\x7d\xe9\xd8\x7a\xda\x7c\xe9\
\xd8\x7a\xda\x7c\xe9\xd8\x7a\xda\x7c\xe9\xd8\x7a\xda\x7c\xe9\xd8\
\x7a\xda\x7c\xe9\xd8\x7a\xda\x7c\xe9\xd8\x7a\xda\x7c\xe9\xd8\x7a\
\xda\x7c\xe9\xd8\x7a\xda\x7c\xe9\xd8\x7a\xda\x7c\xe9\xd8\x7a\xda\
\x7c\xe9\xd8\x7a\xda\x7c\xe9\xd8\x7a\xda\x7c\xe9\xd8\x7a\xda\x7c\
\xe9\xd8\x7a\xda\x7c\xe9\xd8\x7a\xda\x7c\xe9\xd8\x7a\xda\x7c\xe9\
\xd8\x7a\xda\x7c\xe9\xd8\x7a\xda\x7c\xe9\xd8\x7a\xda\x7c\xe9\xd8\
\x7a\xda\x7c\xe9\xd8\x7a\xda\x7c\xe9\xd8\x7a\xda\x7c\xe9\xd8\x7a\
\xda\x7c\xe9\xd8\x7a\xda\x7c\xe9\xd8\x7a\xda\x7c\xe9\xd8\x7a\xda\
\x7c\xe9\xd8\x7a\xda\x7c\xe9\xd8\x7a\xda\x7c\xe9\xd8\x7a\xda\x7c\
\xe9\xd8\x7a\xda\x7c\xe9\xd8\x7a\xda\x7c\xe9\xd8\x7a\xda\x7c\xe9\
\xd8\x7a\xda\x7c\xe9\xd8\x7a\xda\x7c\xe9\xd8\x7a\xda\x7c\xe9\xd8\
\x7a\xda\x7c\xe9\xd8\x7a\xda\x7c\xe9\xd8\x7a\xda\x7c\xe9\xd8\x7a\
\xda\x7c\xe9\xd8\x7a\xda\x7c\xe9\xd8\x7a\xda\x7c\xe9\xd8\x7a\xda\
\x7c\xe9\xd8\x7a\xda\x7c\xe9\xd8\x7a\xda\x7c\xe9\xd8\x7a\xda\x7c\
\xe9\xd8\x7a\xda\x7c\xe9\xd8\x7a\xda\x7c\xe9\xd8\x7a\xda\x7c\xe9\
\xd8\x7a\xda\x7c\xe9\xd8\x7a\xda\x7c\xe9\xd8\x7a\xda\x7c\xe9\xd8\
\x7a\xda\x7c\xe9\xd8\x7a\xda\x7c\xe9\xd8\x7a\xda\x7c\xe9\xd8\x7a\
\xda\x7c\xe9\xd8\x7a\xda\x7c\xe9\xd8\x7a\xda\x7c\xe9\xd8\x7a\xda\
\x7c\xe9\xd8\x7a\xda\x7c\xe9\xd8\x7a\xda\x7c\xe9\xd8\x7a\xda\x7c\
\xe9\xd8\x7a\xda\x7c\xe9\xd8\x7a\xda\x7c\xe9\xd8\x7a\xda\x7c\xe9\
\xd8\x7a\xda\x7c\xe9\xd8\x7a\xda\x7c\xe9\xd8\x7a\xda\x7c\xe9\xd8\
\x7a\xda\x7c\xe9\xd8\x7a\xda\x7c\xe9\xd8\x7a\xda\x7c\xe9\xd8\x7a\
\xda\x7c\xe9\xd8\x7a\xda\x7c\xe9\xd8\x7a\xda\x7c\xe9\xd8\x7a\xda\
\x7c\xe9\xd8\x7a\xda\x7c\xe9\xd8\x7a\xda\x7c\xe9\xd8\x7a\xda\x7c\
\xe9\xd8\x7a\xda\x7c\xe9\xd8\x7a\xda\x7c\xe9\xd8\x7a\xda\x7c\xe9\
\xd8\x7a\xda\x7c\xe9\xd8\x7a\xda\x7c\xe9\xd8\x7a\xda\x7c\xe9\xd8\
\x7a\xda\x7c\xe9\xd8\x7a\xda\x7c\xe9\xd8\x7a\xda\x7c\xe9\xd8\x7a\
\xda\x7c\xe9\xd8\x7a\xda\x7c\xe9\xd8\x7a\xda\x7c\xe9\xd8\x7a\xda\
\x7c\xe9\xd8\x7a\xda\x7c\xe9\xd8\x7a\xda\x7c\xe9\xd8\x7a\xda\x7c\
\xe9\xd8\x7a\xda\x7c\xe9\xd8\x7a\xda\x7c\xe9\xd8\x7a\xda\x7c\xe9\
\xd8\x7a\xda\x7c\xe9\xd8\x7a\xda\x7c\xe9\x74\x67\x99\xc7\xf6\x7b\
\xce\x7b\x0e\x63\xf4\xa5\x63\xeb\x69\xf3\xa5\xd3\x9d\x65\x27\xe7\
\x22\xb6\xd7\xf3\xa2\xec\xb9\xee\x30\x46\x5f\x03\x4f\xca\xf3\x69\
\xb4\x67\x5d\x46\x7b\xee\x4d\xcc\xb2\xec\x71\xd2\xdb\x7b\xcc\xbe\
\x74\xba\x33\x1d\xe6\x5c\xc5\xe6\xde\x53\xeb\x7f\x4b\x0f\x7b\x7b\
\x8f\xd9\xd7\x40\x77\xae\x83\x9c\xb3\x9c\xcb\x9c\x45\xb4\x67\x1f\
\x62\x16\xe5\x9a\x67\x65\x8f\xf5\x3d\x1f\x83\xaf\x81\xe6\x7c\xdd\
\xbd\x6d\x16\xed\xe7\x9d\x79\x79\x7e\xc8\x74\xd7\x98\x95\x6b\x4f\
\x62\x98\x7b\xa8\xcd\xd7\x40\xd3\x74\xba\xc1\xeb\x4f\x63\xd8\xf7\
\x91\xcd\xd7\xc2\x64\x43\x53\x7d\x2b\x95\x4a\xa5\x52\xa9\x54\x2a\
\x95\x7f\xb0\x1a\x9e\xdf\xf9\x51\x66\xb5\x7a\x17\xf1\xa6\x5d\x5f\
\x7e\xc8\xef\xbb\x4f\xab\xfc\xbe\xe7\x47\xc4\xd3\xf3\xdb\xbd\x88\
\xf7\xed\xfa\x6b\xfe\x0b\x7c\x74\x73\x1c\xf1\xb2\x5d\x7f\x4f\xad\
\xf3\xdb\x7c\x98\xb5\xeb\x8f\xf9\xe3\xe7\x3f\xf9\xf0\xa2\x5d\x7f\
\xc9\x1f\x8f\x6e\xf2\xe1\x59\x5d\xd7\x75\x5d\xd7\x75\x5d\xd7\x35\
\x67\xdd\xbf\x5f\xf5\xef\x67\xfd\xfb\x5d\xff\x7e\xd8\xbf\x5f\xf6\
\xef\xa7\x83\xf2\x17\xce\x17\xb1\x6a\
"

qt_resource_name = b"\
\x00\x03\
\x00\x00\x6f\x9f\
\x00\x69\
\x00\x63\x00\x6f\
\x00\x1f\
\x0d\x8a\xfc\x9f\
\x00\x6c\
\x00\x6f\x00\x67\x00\x6f\x00\x56\x00\x49\x00\x53\x00\x41\x00\x52\x00\x4d\x00\x2d\x00\x72\x00\x65\x00\x6d\x00\x6f\x00\x76\x00\x65\
\x00\x62\x00\x67\x00\x2d\x00\x70\x00\x72\x00\x65\x00\x76\x00\x69\x00\x65\x00\x77\x00\x2e\x00\x69\x00\x63\x00\x6f\
\x00\x0f\
\x06\x16\xad\x3f\
\x00\x6c\
\x00\x6f\x00\x67\x00\x6f\x00\x34\x00\x2e\x00\x30\x00\x79\x00\x55\x00\x50\x00\x56\x00\x2e\x00\x69\x00\x63\x00\x6f\
\x00\x0f\
\x06\x16\xb5\xe7\
\x00\x6c\
\x00\x6f\x00\x67\x00\x6f\x00\x34\x00\x2e\x00\x30\x00\x79\x00\x55\x00\x50\x00\x56\x00\x2e\x00\x70\x00\x6e\x00\x67\
\x00\x14\
\x0e\x8e\x85\x7f\
\x00\x70\
\x00\x6c\x00\x61\x00\x79\x00\x5f\x00\x69\x00\x63\x00\x6f\x00\x6e\x00\x5f\x00\x31\x00\x33\x00\x34\x00\x35\x00\x30\x00\x34\x00\x2e\
\x00\x69\x00\x63\x00\x6f\
\x00\x0a\
\x02\x8f\x7c\x9f\
\x00\x73\
\x00\x63\x00\x61\x00\x6c\x00\x65\x00\x31\x00\x2e\x00\x69\x00\x63\x00\x6f\
\x00\x14\
\x02\x2e\x80\xbf\
\x00\x73\
\x00\x74\x00\x6f\x00\x70\x00\x5f\x00\x69\x00\x63\x00\x6f\x00\x6e\x00\x5f\x00\x31\x00\x33\x00\x34\x00\x35\x00\x30\x00\x30\x00\x2e\
\x00\x69\x00\x63\x00\x6f\
\x00\x1d\
\x07\xde\x5f\x5f\
\x00\x67\
\x00\x75\x00\x69\x00\x5f\x00\x63\x00\x68\x00\x65\x00\x63\x00\x6b\x00\x5f\x00\x79\x00\x65\x00\x73\x00\x5f\x00\x69\x00\x63\x00\x6f\
\x00\x6e\x00\x5f\x00\x31\x00\x35\x00\x37\x00\x31\x00\x39\x00\x34\x00\x2e\x00\x69\x00\x63\x00\x6f\
\x00\x15\
\x06\x5f\x09\x9f\
\x00\x70\
\x00\x61\x00\x75\x00\x73\x00\x65\x00\x5f\x00\x69\x00\x63\x00\x6f\x00\x6e\x00\x5f\x00\x31\x00\x33\x00\x34\x00\x35\x00\x30\x00\x32\
\x00\x2e\x00\x69\x00\x63\x00\x6f\
"

qt_resource_struct_v1 = b"\
\x00\x00\x00\x00\x00\x02\x00\x00\x00\x01\x00\x00\x00\x01\
\x00\x00\x00\x00\x00\x02\x00\x00\x00\x08\x00\x00\x00\x02\
\x00\x00\x00\xe0\x00\x01\x00\x00\x00\x01\x00\x01\x7c\x24\
\x00\x00\x00\xc6\x00\x01\x00\x00\x00\x01\x00\x01\x45\x59\
\x00\x00\x00\x50\x00\x01\x00\x00\x00\x01\x00\x00\xc6\x42\
\x00\x00\x00\x74\x00\x00\x00\x00\x00\x01\x00\x00\xf5\x47\
\x00\x00\x01\x4e\x00\x01\x00\x00\x00\x01\x00\x01\x89\x91\
\x00\x00\x01\x0e\x00\x01\x00\x00\x00\x01\x00\x01\x81\x33\
\x00\x00\x00\x0c\x00\x00\x00\x00\x00\x01\x00\x00\x00\x00\
\x00\x00\x00\x98\x00\x01\x00\x00\x00\x01\x00\x01\x3d\xa8\
"

qt_resource_struct_v2 = b"\
\x00\x00\x00\x00\x00\x02\x00\x00\x00\x01\x00\x00\x00\x01\
\x00\x00\x00\x00\x00\x00\x00\x00\
\x00\x00\x00\x00\x00\x02\x00\x00\x00\x08\x00\x00\x00\x02\
\x00\x00\x00\x00\x00\x00\x00\x00\
\x00\x00\x00\xe0\x00\x01\x00\x00\x00\x01\x00\x01\x7c\x24\
\x00\x00\x01\x9e\xcd\x1a\xd0\x45\
\x00\x00\x00\xc6\x00\x01\x00\x00\x00\x01\x00\x01\x45\x59\
\x00\x00\x01\x9e\xe2\x44\xe1\x11\
\x00\x00\x00\x50\x00\x01\x00\x00\x00\x01\x00\x00\xc6\x42\
\x00\x00\x01\x9e\xb8\x03\xbe\x30\
\x00\x00\x00\x74\x00\x00\x00\x00\x00\x01\x00\x00\xf5\x47\
\x00\x00\x01\x8b\x0f\x8b\x9e\xff\
\x00\x00\x01\x4e\x00\x01\x00\x00\x00\x01\x00\x01\x89\x91\
\x00\x00\x01\x9e\xcd\x1a\xb1\xea\
\x00\x00\x01\x0e\x00\x01\x00\x00\x00\x01\x00\x01\x81\x33\
\x00\x00\x01\x9e\xe1\x8d\xb6\x01\
\x00\x00\x00\x0c\x00\x00\x00\x00\x00\x01\x00\x00\x00\x00\
\x00\x00\x01\x9e\xcd\x0a\x7d\xbd\
\x00\x00\x00\x98\x00\x01\x00\x00\x00\x01\x00\x01\x3d\xa8\
\x00\x00\x01\x9e\xcd\x1a\x74\x58\
"

qt_version = [int(v) for v in QtCore.qVersion().split('.')]
if qt_version < [5, 8, 0]:
    rcc_version = 1
    qt_resource_struct = qt_resource_struct_v1
else:
    rcc_version = 2
    qt_resource_struct = qt_resource_struct_v2

def qInitResources():
    QtCore.qRegisterResourceData(rcc_version, qt_resource_struct, qt_resource_name, qt_resource_data)

def qCleanupResources():
    QtCore.qUnregisterResourceData(rcc_version, qt_resource_struct, qt_resource_name, qt_resource_data)

qInitResources()
